/*
SQLyog Community v13.1.7 (64 bit)
MySQL - 8.0.42-0ubuntu0.22.04.1 : Database - vaaniSMStructure
*********************************************************************
*/

/*!40101 SET NAMES utf8 */;

/*!40101 SET SQL_MODE=''*/;

/*!40014 SET @OLD_UNIQUE_CHECKS=@@UNIQUE_CHECKS, UNIQUE_CHECKS=0 */;
/*!40014 SET @OLD_FOREIGN_KEY_CHECKS=@@FOREIGN_KEY_CHECKS, FOREIGN_KEY_CHECKS=0 */;
/*!40101 SET @OLD_SQL_MODE=@@SQL_MODE, SQL_MODE='NO_AUTO_VALUE_ON_ZERO' */;
/*!40111 SET @OLD_SQL_NOTES=@@SQL_NOTES, SQL_NOTES=0 */;
CREATE DATABASE /*!32312 IF NOT EXISTS*/`vaaniSMStructure` /*!40100 DEFAULT CHARACTER SET utf8mb4 COLLATE utf8mb4_0900_ai_ci */ /*!80016 DEFAULT ENCRYPTION='N' */;

USE `vaaniSMStructure`;

/*Table structure for table `alldisposition` */

DROP TABLE IF EXISTS `alldisposition`;

CREATE TABLE `alldisposition` (
  `id` int NOT NULL AUTO_INCREMENT,
  `planid` int DEFAULT NULL,
  `client_id` int DEFAULT NULL,
  `disponame` varchar(100) DEFAULT NULL,
  `dispocode` varchar(100) DEFAULT NULL,
  `dispotype` int DEFAULT NULL,
  `level` tinyint DEFAULT NULL,
  `status` tinyint DEFAULT NULL,
  `created_at` timestamp NULL DEFAULT NULL,
  `updated_at` timestamp NULL DEFAULT NULL,
  `created_by` varchar(45) DEFAULT NULL,
  `updated_by` varchar(45) DEFAULT NULL,
  `parent_id` varchar(45) DEFAULT NULL,
  PRIMARY KEY (`id`)
) ENGINE=InnoDB AUTO_INCREMENT=370 DEFAULT CHARSET=latin1;

/*Data for the table `alldisposition` */

insert  into `alldisposition`(`id`,`planid`,`client_id`,`disponame`,`dispocode`,`dispotype`,`level`,`status`,`created_at`,`updated_at`,`created_by`,`updated_by`,`parent_id`) values 
(28,6,5,'dhdfh','dxfhdrrh',1,1,2,'2023-12-06 19:49:34','2023-12-13 13:30:36',NULL,NULL,NULL),
(29,6,5,'dfhfdh','dfxhxfdh',1,2,2,'2023-12-06 19:49:34','2023-12-13 13:30:36',NULL,NULL,'dhdfh'),
(30,6,5,'dxfhxdh','xdfhfxh',1,3,2,'2023-12-06 19:49:34','2023-12-13 13:30:36',NULL,NULL,'dfhfdh'),
(130,24,5,'connect','CN',2,1,1,'2023-12-08 16:40:08','2023-12-08 16:40:08',NULL,NULL,NULL),
(131,24,5,'erwrwr','rewr',1,2,1,'2023-12-08 16:40:08','2023-12-08 16:40:08',NULL,NULL,'connect'),
(132,24,5,'mnbvcx','dwqdq',1,3,1,'2023-12-08 16:40:08','2023-12-08 16:40:08',NULL,NULL,'erwrwr'),
(133,25,5,'maheshbb','fg',1,1,1,'2023-12-08 16:50:25','2023-12-08 16:50:25',NULL,NULL,NULL),
(134,25,5,'Ddfsdfsd','hjj',1,2,1,'2023-12-08 16:50:25','2023-12-08 16:50:25',NULL,NULL,'maheshbb'),
(135,25,5,'dsdf','sdfsd',1,3,1,'2023-12-08 16:50:25','2023-12-08 16:50:25',NULL,NULL,'Ddfsdfsd'),
(136,25,5,'Msffgdfgd','yy',1,1,1,'2023-12-08 16:50:25','2023-12-08 16:50:25',NULL,NULL,NULL),
(137,25,5,'Udfsdf','u',1,2,1,'2023-12-08 16:50:25','2023-12-08 16:50:25',NULL,NULL,'Msffgdfgd'),
(138,25,5,'sdfsd','sdfs',1,3,1,'2023-12-08 16:50:25','2023-12-08 16:50:25',NULL,NULL,'Udfsdf'),
(158,30,5,'connected','cn',1,1,2,'2023-12-08 18:30:53','2023-12-08 18:31:08',NULL,NULL,NULL),
(159,30,5,'nonconnected','nc',1,2,2,'2023-12-08 18:30:53','2023-12-08 18:31:08',NULL,NULL,'connected'),
(160,30,5,'non','nq',1,3,2,'2023-12-08 18:30:53','2023-12-08 18:31:08',NULL,NULL,'nonconnected'),
(161,30,5,'bjvghjvgj','vjhvgj',1,1,2,'2023-12-08 18:30:53','2023-12-08 18:31:08',NULL,NULL,NULL),
(162,30,5,'vjvj','vjvgj',1,2,2,'2023-12-08 18:30:53','2023-12-08 18:31:08',NULL,NULL,'bjvghjvgj'),
(163,30,5,'vjvgj','gjvgjv',1,3,2,'2023-12-08 18:30:53','2023-12-08 18:31:08',NULL,NULL,'vjvj'),
(164,31,5,'mahesh','cnn',1,1,1,'2023-12-08 18:34:47','2023-12-08 18:34:47',NULL,NULL,NULL),
(165,31,5,'RRR','sd',1,2,1,'2023-12-08 18:34:47','2023-12-08 18:34:47',NULL,NULL,'mahesh'),
(166,31,5,'SSS','CNn',1,1,1,'2023-12-08 18:34:47','2023-12-08 18:34:47',NULL,NULL,NULL),
(167,31,5,'FFF','cn',1,2,1,'2023-12-08 18:34:47','2023-12-08 18:34:47',NULL,NULL,'SSS'),
(186,36,24,'Connect','cnt',1,1,1,'2023-12-11 13:58:10','2023-12-11 13:58:10',NULL,NULL,NULL),
(187,36,24,'Interested','INT',1,2,1,'2023-12-11 13:58:10','2023-12-11 13:58:10',NULL,NULL,'Connect'),
(188,36,24,'Not Interested','NIT',1,3,1,'2023-12-11 13:58:10','2023-12-11 13:58:10',NULL,NULL,'Interested'),
(189,36,24,'Not Connected','NC',1,2,1,'2023-12-11 13:58:10','2023-12-11 13:58:10',NULL,NULL,NULL),
(190,36,24,'No Response','NOR',2,3,1,'2023-12-11 13:58:10','2023-12-11 13:58:10',NULL,NULL,'Not Connected'),
(195,38,5,'szdvbfdb','dzbvfdzb',1,1,2,'2024-01-08 15:09:20','2024-01-08 15:09:25',NULL,NULL,NULL),
(196,38,5,'sdgv','sdvsdg',1,2,2,'2024-01-08 15:09:20','2024-01-08 15:09:25',NULL,NULL,'szdvbfdb'),
(197,38,5,'sdfgsdf','sdgsd',1,3,2,'2024-01-08 15:09:20','2024-01-08 15:09:25',NULL,NULL,'sdgv'),
(198,39,5,'fthfth','sfh',1,1,2,'2024-01-08 15:56:39','2024-01-08 15:56:48',NULL,NULL,NULL),
(199,40,5,'connect','dsd',1,1,1,'2024-01-08 16:05:44','2024-01-08 16:05:44',NULL,NULL,NULL),
(200,40,5,'sdd','sd',1,2,1,'2024-01-08 16:05:44','2024-01-08 16:05:44',NULL,NULL,'connect'),
(201,40,5,'dfsdfsdfsf','sdf',1,1,1,'2024-01-08 16:05:44','2024-01-08 16:05:44',NULL,NULL,NULL),
(202,40,5,'sf','sd',1,2,1,'2024-01-08 16:05:44','2024-01-08 16:05:44',NULL,NULL,'dfsdfsdfsf'),
(203,41,5,'ASsdsdasd','fg',1,1,1,'2024-01-09 12:04:16','2024-01-09 12:04:16',NULL,NULL,NULL),
(204,41,5,'SDFddfghf','hjj',1,2,1,'2024-01-09 12:04:16','2024-01-09 12:04:16',NULL,NULL,'ASsdsdasd'),
(205,41,5,'DFggyyt','yy',1,1,1,'2024-01-09 12:04:16','2024-01-09 12:04:16',NULL,NULL,NULL),
(206,41,5,'SDFgguu','u',1,2,1,'2024-01-09 12:04:16','2024-01-09 12:04:16',NULL,NULL,'DFggyyt'),
(211,43,33,'No response','nr',1,1,1,'2024-01-09 16:04:53','2024-01-09 16:04:53',NULL,NULL,NULL),
(212,43,33,'Information Provided','ip',1,1,1,'2024-01-09 16:04:53','2024-01-09 16:04:53',NULL,NULL,NULL),
(213,43,33,'Non -relevant queries','nrq',2,1,1,'2024-01-09 16:04:53','2024-01-09 16:04:53',NULL,NULL,NULL),
(214,43,33,'Information not found','inf',2,1,1,'2024-01-09 16:04:53','2024-01-09 16:04:53',NULL,NULL,NULL),
(215,44,35,'No response','nr',1,1,1,'2024-01-09 16:05:03','2024-01-09 16:05:03',NULL,NULL,NULL),
(216,44,35,'Information Provided','ip',1,1,1,'2024-01-09 16:05:03','2024-01-09 16:05:03',NULL,NULL,NULL),
(217,44,35,'Non -relevant queries','nrq',2,1,1,'2024-01-09 16:05:03','2024-01-09 16:05:03',NULL,NULL,NULL),
(218,44,35,'Information not found','inf',2,1,1,'2024-01-09 16:05:03','2024-01-09 16:05:03',NULL,NULL,NULL),
(219,45,36,'No response','nr',1,1,1,'2024-01-09 16:06:17','2024-01-09 16:06:17',NULL,NULL,NULL),
(220,45,36,'Information Provided','ip',1,1,1,'2024-01-09 16:06:17','2024-01-09 16:06:17',NULL,NULL,NULL),
(221,45,36,'Non -relevant queries','nrq',2,1,1,'2024-01-09 16:06:17','2024-01-09 16:06:17',NULL,NULL,NULL),
(222,45,36,'Information not found','inf',2,1,1,'2024-01-09 16:06:17','2024-01-09 16:06:17',NULL,NULL,NULL),
(223,46,37,'No response','nr',1,1,1,'2024-01-09 16:07:32','2024-01-09 16:07:32',NULL,NULL,NULL),
(224,46,37,'Information Provided','ip',1,1,1,'2024-01-09 16:07:32','2024-01-09 16:07:32',NULL,NULL,NULL),
(225,46,37,'Non -relevant queries','nrq',2,1,1,'2024-01-09 16:07:32','2024-01-09 16:07:32',NULL,NULL,NULL),
(226,46,37,'Information not found','inf',2,1,1,'2024-01-09 16:07:32','2024-01-09 16:07:32',NULL,NULL,NULL),
(227,47,34,'MainDispo','MD',1,1,1,'2024-01-09 18:57:35','2024-01-09 18:57:35',NULL,NULL,NULL),
(228,47,34,'ChDis','CD',1,2,1,'2024-01-09 18:57:35','2024-01-09 18:57:35',NULL,NULL,'MainDispo'),
(229,47,34,'MainDispo2','MD2',1,1,1,'2024-01-09 18:57:35','2024-01-09 18:57:35',NULL,NULL,NULL),
(230,47,34,'ChDis2','CD2',1,2,1,'2024-01-09 18:57:35','2024-01-09 18:57:35',NULL,NULL,'MainDispo2'),
(231,48,38,'Connect','CN',1,1,1,'2024-06-20 16:57:49','2024-06-20 16:57:49',NULL,NULL,NULL),
(232,48,38,'Interested','IN',1,2,1,'2024-06-20 16:57:49','2024-06-20 16:57:49',NULL,NULL,'Connect'),
(233,48,38,'Issue Resolved','IR',1,3,1,'2024-06-20 16:57:49','2024-06-20 16:57:49',NULL,NULL,'Interested'),
(234,48,38,'Not Connect','NC',2,1,1,'2024-06-20 16:57:49','2024-06-20 16:57:49',NULL,NULL,NULL),
(369,116,5,'test','test',1,1,1,'2025-05-08 15:19:09','2025-05-08 15:19:09',NULL,NULL,NULL);

/*Table structure for table `api_log` */

DROP TABLE IF EXISTS `api_log`;

CREATE TABLE `api_log` (
  `id` int NOT NULL AUTO_INCREMENT,
  `client_id` int DEFAULT NULL,
  `campaign_id` int DEFAULT NULL,
  `ref_table` varchar(100) DEFAULT NULL,
  `ref_id` int DEFAULT NULL,
  `type` enum('API','WEBHOOK','DLR') DEFAULT 'DLR',
  `cust_no` varchar(15) DEFAULT NULL,
  `org_no` varchar(15) DEFAULT NULL,
  `response_data` text,
  `created_at` timestamp NOT NULL DEFAULT CURRENT_TIMESTAMP,
  `updated_at` timestamp NOT NULL DEFAULT CURRENT_TIMESTAMP ON UPDATE CURRENT_TIMESTAMP,
  PRIMARY KEY (`id`)
) ENGINE=MyISAM AUTO_INCREMENT=570697 DEFAULT CHARSET=latin1;

/*Data for the table `api_log` */

insert  into `api_log`(`id`,`client_id`,`campaign_id`,`ref_table`,`ref_id`,`type`,`cust_no`,`org_no`,`response_data`,`created_at`,`updated_at`) values 
(570107,1001,2001,'chat_log',0,'API','9029634011','','{\"msg\":\"Invalid Campaing ID\",\"status\":\"failed\",\"status_code\":\"400\",\"data\":{\"campaingID\":\"2001\"}}','2025-05-14 11:57:19','2025-05-14 11:57:19'),
(570108,1001,2001,'chat_log',0,'API','9029634011','','{\"msg\":\"Invalid Campaing ID\",\"status\":\"failed\",\"status_code\":\"400\",\"data\":{\"campaingID\":\"2001\"}}','2025-05-14 13:27:38','2025-05-14 13:27:38'),
(570109,1001,2001,'chat_log',0,'API','9029634011','','{\"msg\":\"Invalid Campaing ID\",\"status\":\"failed\",\"status_code\":\"400\",\"data\":{\"campaingID\":\"2001\"}}','2025-05-14 13:27:40','2025-05-14 13:27:40'),
(570110,1001,2001,'chat_log',0,'API','9029634011','','{\"msg\":\"Invalid Campaing ID\",\"status\":\"failed\",\"status_code\":\"400\",\"data\":{\"campaingID\":\"2001\"}}','2025-05-14 14:54:42','2025-05-14 14:54:42'),
(570111,1001,2001,'chat_log',0,'API','9029634011','','{\"msg\":\"Invalid Campaing ID\",\"status\":\"failed\",\"status_code\":\"400\",\"data\":{\"campaingID\":\"2001\"}}','2025-05-14 14:54:45','2025-05-14 14:54:45'),
(570112,1001,2001,'chat_log',0,'API','9029634011','','{\"msg\":\"Invalid Campaing ID\",\"status\":\"failed\",\"status_code\":\"400\",\"data\":{\"campaingID\":\"2001\"}}','2025-05-14 14:56:41','2025-05-14 14:56:41'),
(570113,1001,2001,'chat_log',0,'API','9029634011','','{\"msg\":\"Invalid Campaing ID\",\"status\":\"failed\",\"status_code\":\"400\",\"data\":{\"campaingID\":\"2001\"}}','2025-05-14 14:56:43','2025-05-14 14:56:43'),
(570114,1001,2001,'chat_log',0,'API','9029634011','','{\"msg\":\"Invalid Campaing ID\",\"status\":\"failed\",\"status_code\":\"400\",\"data\":{\"campaingID\":\"2001\"}}','2025-05-14 18:56:53','2025-05-14 18:56:53'),
(570115,1001,2001,'chat_log',0,'API','9029634011','','{\"msg\":\"Invalid Campaing ID\",\"status\":\"failed\",\"status_code\":\"400\",\"data\":{\"campaingID\":\"2001\"}}','2025-05-14 18:56:55','2025-05-14 18:56:55'),
(570116,1001,2001,'chat_log',0,'API','9029634011','','{\"msg\":\"Invalid Campaing ID\",\"status\":\"failed\",\"status_code\":\"400\",\"data\":{\"campaingID\":\"2001\"}}','2025-05-14 18:57:57','2025-05-14 18:57:57'),
(570117,1001,2001,'chat_log',0,'API','9029634011','','{\"msg\":\"Invalid Campaing ID\",\"status\":\"failed\",\"status_code\":\"400\",\"data\":{\"campaingID\":\"2001\"}}','2025-05-14 18:57:59','2025-05-14 18:57:59'),
(570118,1001,2001,'chat_log',0,'API','9029634011','','{\"msg\":\"Invalid Campaing ID\",\"status\":\"failed\",\"status_code\":\"400\",\"data\":{\"campaingID\":\"2001\"}}','2025-05-14 19:09:32','2025-05-14 19:09:32'),
(570119,1001,2001,'chat_log',0,'API','9029634011','','{\"msg\":\"Invalid Campaing ID\",\"status\":\"failed\",\"status_code\":\"400\",\"data\":{\"campaingID\":\"2001\"}}','2025-05-14 19:09:34','2025-05-14 19:09:34'),
(570120,1001,2001,'chat_log',0,'API','9029634011','','{\"msg\":\"Invalid Campaing ID\",\"status\":\"failed\",\"status_code\":\"400\",\"data\":{\"campaingID\":\"2001\"}}','2025-05-14 19:10:36','2025-05-14 19:10:36'),
(570121,1001,2001,'chat_log',0,'API','9029634011','','{\"msg\":\"Invalid Campaing ID\",\"status\":\"failed\",\"status_code\":\"400\",\"data\":{\"campaingID\":\"2001\"}}','2025-05-14 19:10:38','2025-05-14 19:10:38'),
(570122,1001,2001,'chat_log',0,'API','9029634011','','{\"msg\":\"Invalid Campaing ID\",\"status\":\"failed\",\"status_code\":\"400\",\"data\":{\"campaingID\":\"2001\"}}','2025-05-14 19:10:55','2025-05-14 19:10:55'),
(570123,1001,2001,'chat_log',0,'API','9029634011','','{\"msg\":\"Invalid Campaing ID\",\"status\":\"failed\",\"status_code\":\"400\",\"data\":{\"campaingID\":\"2001\"}}','2025-05-14 19:10:57','2025-05-14 19:10:57'),
(570124,1001,2001,'chat_log',0,'API','9029634011','','{\"msg\":\"Invalid Campaing ID\",\"status\":\"failed\",\"status_code\":\"400\",\"data\":{\"campaingID\":\"2001\"}}','2025-05-15 10:41:21','2025-05-15 10:41:21'),
(570125,1001,2001,'chat_log',0,'API','9029634011','','{\"msg\":\"Invalid Campaing ID\",\"status\":\"failed\",\"status_code\":\"400\",\"data\":{\"campaingID\":\"2001\"}}','2025-05-15 10:41:24','2025-05-15 10:41:24'),
(570126,1001,2001,'chat_log',0,'API','9029634011','','{\"msg\":\"Invalid Campaing ID\",\"status\":\"failed\",\"status_code\":\"400\",\"data\":{\"campaingID\":\"2001\"}}','2025-05-15 10:41:55','2025-05-15 10:41:55'),
(570127,1001,2001,'chat_log',0,'API','9029634011','','{\"msg\":\"Invalid Campaing ID\",\"status\":\"failed\",\"status_code\":\"400\",\"data\":{\"campaingID\":\"2001\"}}','2025-05-15 10:41:57','2025-05-15 10:41:57'),
(570128,1001,2001,'chat_log',0,'API','9029634011','','{\"msg\":\"Invalid Campaing ID\",\"status\":\"failed\",\"status_code\":\"400\",\"data\":{\"campaingID\":\"2001\"}}','2025-05-15 10:43:32','2025-05-15 10:43:32'),
(570129,1001,2001,'chat_log',0,'API','9029634011','','{\"msg\":\"Invalid Campaing ID\",\"status\":\"failed\",\"status_code\":\"400\",\"data\":{\"campaingID\":\"2001\"}}','2025-05-15 10:43:35','2025-05-15 10:43:35'),
(570130,1001,2001,'chat_log',0,'API','9029634011','','{\"msg\":\"Invalid Campaing ID\",\"status\":\"failed\",\"status_code\":\"400\",\"data\":{\"campaingID\":\"2001\"}}','2025-05-15 11:29:46','2025-05-15 11:29:46'),
(570131,1001,2001,'chat_log',0,'API','9029634011','','{\"msg\":\"Invalid Campaing ID\",\"status\":\"failed\",\"status_code\":\"400\",\"data\":{\"campaingID\":\"2001\"}}','2025-05-15 11:29:49','2025-05-15 11:29:49'),
(570132,38,44,'chat_log',33,'API','919029634011','917304609236','{\"msg\":\" 5434015363476942931-c25186e0120a46dbb413f63536e0ec1c\\n\",\"status\":\"success \",\"status_code\":\" 919029634011 \",\"data\":\"success | 919029634011 | 5434015363476942931-c25186e0120a46dbb413f63536e0ec1c\\n\"}','2025-05-15 13:42:15','2025-05-15 13:42:15'),
(570133,38,44,'chat_log',35,'API','919029634011','917304609236','{\"msg\":\"success\",\"status\":\"success\",\"status_code\":\"200\",\"data\":\"{\\\"response\\\":{\\\"phone\\\":\\\"919029634011\\\",\\\"details\\\":\\\"\\\",\\\"id\\\":\\\"5434016546399404115-6d5a31cb1fb34308898ba3a5d1ef3a61\\\",\\\"status\\\":\\\"success\\\"}}\"}','2025-05-15 13:44:36','2025-05-15 13:44:36'),
(570134,38,44,'chat_log',36,'API','919029634011','917304609236','{\"msg\":\" 5434016571389829339-4d0f0b5307b84446b70371f4991b4f24\\n\",\"status\":\"success \",\"status_code\":\" 919029634011 \",\"data\":\"success | 919029634011 | 5434016571389829339-4d0f0b5307b84446b70371f4991b4f24\\n\"}','2025-05-15 13:44:39','2025-05-15 13:44:39'),
(570135,38,44,'chat_log',2,'API','919029634011','917304609236','{\"msg\":\" 5434028309079146574-b95a9b8a5c9e49a284baea3aa11f5738\\n\",\"status\":\"success \",\"status_code\":\" 919029634011 \",\"data\":\"success | 919029634011 | 5434028309079146574-b95a9b8a5c9e49a284baea3aa11f5738\\n\"}','2025-05-15 14:08:02','2025-05-15 14:08:02'),
(570136,38,44,'chat_log',4,'API','918810499652','917304609236','{\"msg\":\" 5434028622963064889-b0afb847363f4f0f808bcf228fe5613c\\n\",\"status\":\"success \",\"status_code\":\" 918810499652 \",\"data\":\"success | 918810499652 | 5434028622963064889-b0afb847363f4f0f808bcf228fe5613c\\n\"}','2025-05-15 14:08:39','2025-05-15 14:08:39'),
(570137,38,44,'chat_log',6,'API','918810499652','917304609236','{\"msg\":\"success\",\"status\":\"success\",\"status_code\":\"200\",\"data\":\"{\\\"response\\\":{\\\"phone\\\":\\\"918810499652\\\",\\\"details\\\":\\\"\\\",\\\"id\\\":\\\"5434030689931223187-0f51cc02e3c5410881a732d8d5030b24\\\",\\\"status\\\":\\\"success\\\"}}\"}','2025-05-15 14:12:46','2025-05-15 14:12:46'),
(570138,38,44,'chat_log',7,'API','918810499652','917304609236','{\"msg\":\" 5434030714717237421-f7550aa380de42419d00eea4ef48db8d\\n\",\"status\":\"success \",\"status_code\":\" 918810499652 \",\"data\":\"success | 918810499652 | 5434030714717237421-f7550aa380de42419d00eea4ef48db8d\\n\"}','2025-05-15 14:12:48','2025-05-15 14:12:48'),
(570139,38,44,'chat_log',9,'API','918810499652','917304609236','{\"msg\":\"success\",\"status\":\"success\",\"status_code\":\"200\",\"data\":\"{\\\"response\\\":{\\\"phone\\\":\\\"918810499652\\\",\\\"details\\\":\\\"\\\",\\\"id\\\":\\\"5434032302836539503-3df66391e4a44c15bc1739a8f00172a1\\\",\\\"status\\\":\\\"success\\\"}}\"}','2025-05-15 14:15:58','2025-05-15 14:15:58'),
(570140,38,44,'chat_log',10,'API','918810499652','917304609236','{\"msg\":\" 5434032328142540947-801852ce877d4d3b9c7e51dcb2406732\\n\",\"status\":\"success \",\"status_code\":\" 918810499652 \",\"data\":\"success | 918810499652 | 5434032328142540947-801852ce877d4d3b9c7e51dcb2406732\\n\"}','2025-05-15 14:16:01','2025-05-15 14:16:01'),
(570141,38,44,'chat_log',12,'API','919029634011','917304609236','{\"msg\":\"success\",\"status\":\"success\",\"status_code\":\"200\",\"data\":\"{\\\"response\\\":{\\\"phone\\\":\\\"919029634011\\\",\\\"details\\\":\\\"\\\",\\\"id\\\":\\\"5434035796896362594-d70a48682cb046b491b57343018071b8\\\",\\\"status\\\":\\\"success\\\"}}\"}','2025-05-15 14:22:55','2025-05-15 14:22:55'),
(570142,38,44,'chat_log',13,'API','919029634011','917304609236','{\"msg\":\" 5434035823998455891-8c3b50b879e84e08803b9ce3cef3e07e\\n\",\"status\":\"success \",\"status_code\":\" 919029634011 \",\"data\":\"success | 919029634011 | 5434035823998455891-8c3b50b879e84e08803b9ce3cef3e07e\\n\"}','2025-05-15 14:22:57','2025-05-15 14:22:57'),
(570143,38,44,'chat_log',15,'API','919029634011','917304609236','{\"msg\":\"success\",\"status\":\"success\",\"status_code\":\"200\",\"data\":\"{\\\"response\\\":{\\\"phone\\\":\\\"919029634011\\\",\\\"details\\\":\\\"\\\",\\\"id\\\":\\\"5434042495053123641-9cb5a3c57d754bb1aeabe0a8d1258ac8\\\",\\\"status\\\":\\\"success\\\"}}\"}','2025-05-15 14:36:13','2025-05-15 14:36:13'),
(570144,38,44,'chat_log',16,'API','919029634011','917304609236','{\"msg\":\" 5434042521340616851-6b34f372298e4bf7a185ae6af61082a9\\n\",\"status\":\"success \",\"status_code\":\" 919029634011 \",\"data\":\"success | 919029634011 | 5434042521340616851-6b34f372298e4bf7a185ae6af61082a9\\n\"}','2025-05-15 14:36:16','2025-05-15 14:36:16'),
(570145,38,44,'chat_log',18,'API','919029634011','917304609236','{\"msg\":\" 5434042584308559955-9b341488cd40440bb698e851430e3add\\n\",\"status\":\"success \",\"status_code\":\" 919029634011 \",\"data\":\"success | 919029634011 | 5434042584308559955-9b341488cd40440bb698e851430e3add\\n\"}','2025-05-15 14:36:23','2025-05-15 14:36:23'),
(570146,38,44,'chat_log',20,'API','919029634011','917304609236','{\"msg\":\"success\",\"status\":\"success\",\"status_code\":\"200\",\"data\":\"{\\\"response\\\":{\\\"phone\\\":\\\"919029634011\\\",\\\"details\\\":\\\"\\\",\\\"id\\\":\\\"5434042650730528866-3715f9a3e67e466daa68adb64c37734f\\\",\\\"status\\\":\\\"success\\\"}}\"}','2025-05-15 14:36:32','2025-05-15 14:36:32'),
(570147,38,44,'chat_log',22,'API','919029634011','917304609236','{\"msg\":\" 5434042687354417266-2cb8b03cfbef41a8be09ad0f01cd6930\\n\",\"status\":\"success \",\"status_code\":\" 919029634011 \",\"data\":\"success | 919029634011 | 5434042687354417266-2cb8b03cfbef41a8be09ad0f01cd6930\\n\"}','2025-05-15 14:36:36','2025-05-15 14:36:36'),
(570148,38,44,'chat_log',23,'API','918810499652','917304609236','{\"msg\":\"success\",\"status\":\"success\",\"status_code\":\"200\",\"data\":\"{\\\"response\\\":{\\\"phone\\\":\\\"918810499652\\\",\\\"details\\\":\\\"\\\",\\\"id\\\":\\\"5434042691690504304-af726b83de854c38a0c8fbd42b852325\\\",\\\"status\\\":\\\"success\\\"}}\"}','2025-05-15 14:36:37','2025-05-15 14:36:37'),
(570149,38,44,'chat_log',25,'API','919029634011','917304609236','{\"msg\":\"success\",\"status\":\"success\",\"status_code\":\"200\",\"data\":\"{\\\"response\\\":{\\\"phone\\\":\\\"919029634011\\\",\\\"details\\\":\\\"\\\",\\\"id\\\":\\\"5434042701833375856-4c82540df6974ba09af322664f072c10\\\",\\\"status\\\":\\\"success\\\"}}\"}','2025-05-15 14:36:37','2025-05-15 14:36:37'),
(570150,38,44,'chat_log',26,'API','918810499652','917304609236','{\"msg\":\" 5434042719820652627-e7a2339450df48eda07e2b5dab1bcb58\\n\",\"status\":\"success \",\"status_code\":\" 918810499652 \",\"data\":\"success | 918810499652 | 5434042719820652627-e7a2339450df48eda07e2b5dab1bcb58\\n\"}','2025-05-15 14:36:40','2025-05-15 14:36:40'),
(570151,38,44,'chat_log',27,'API','919029634011','917304609236','{\"msg\":\" 5434042749461102719-34c173d28187416391908cdb0375baf2\\n\",\"status\":\"success \",\"status_code\":\" 919029634011 \",\"data\":\"success | 919029634011 | 5434042749461102719-34c173d28187416391908cdb0375baf2\\n\"}','2025-05-15 14:36:43','2025-05-15 14:36:43'),
(570152,38,44,'chat_log',29,'API','919029634011','917304609236','{\"msg\":\"success\",\"status\":\"success\",\"status_code\":\"200\",\"data\":\"{\\\"response\\\":{\\\"phone\\\":\\\"919029634011\\\",\\\"details\\\":\\\"\\\",\\\"id\\\":\\\"5434042795307053170-8d54454b29e74b93958c71038bc6a3c5\\\",\\\"status\\\":\\\"success\\\"}}\"}','2025-05-15 14:36:49','2025-05-15 14:36:49'),
(570153,38,44,'chat_log',31,'API','919029634011','917304609236','{\"msg\":\" 5434042864212005011-0dcf6e9626fd42d9b1bc32cbfed096fc\\n\",\"status\":\"success \",\"status_code\":\" 919029634011 \",\"data\":\"success | 919029634011 | 5434042864212005011-0dcf6e9626fd42d9b1bc32cbfed096fc\\n\"}','2025-05-15 14:36:58','2025-05-15 14:36:58'),
(570154,38,44,'chat_log',33,'API','918810499652','917304609236','{\"msg\":\" 5434042883348426879-6221a4c1a49d4a778b5803f5f58a1f35\\n\",\"status\":\"success \",\"status_code\":\" 918810499652 \",\"data\":\"success | 918810499652 | 5434042883348426879-6221a4c1a49d4a778b5803f5f58a1f35\\n\"}','2025-05-15 14:36:59','2025-05-15 14:36:59'),
(570155,38,44,'chat_log',35,'API','919029634011','917304609236','{\"msg\":\"success\",\"status\":\"success\",\"status_code\":\"200\",\"data\":\"{\\\"response\\\":{\\\"phone\\\":\\\"919029634011\\\",\\\"details\\\":\\\"\\\",\\\"id\\\":\\\"5434042940811231315-ba804d28bf534423805c12e0f43f491b\\\",\\\"status\\\":\\\"success\\\"}}\"}','2025-05-15 14:37:06','2025-05-15 14:37:06'),
(570156,38,44,'chat_log',36,'API','919029634011','917304609236','{\"msg\":\" 5434042979563221119-461cb47a95a14dde90b0bde197382881\\n\",\"status\":\"success \",\"status_code\":\" 919029634011 \",\"data\":\"success | 919029634011 | 5434042979563221119-461cb47a95a14dde90b0bde197382881\\n\"}','2025-05-15 14:37:11','2025-05-15 14:37:11'),
(570157,38,44,'chat_log',38,'API','919029634011','917304609236','{\"msg\":\"success\",\"status\":\"success\",\"status_code\":\"200\",\"data\":\"{\\\"response\\\":{\\\"phone\\\":\\\"919029634011\\\",\\\"details\\\":\\\"\\\",\\\"id\\\":\\\"5434043435100467278-38ad7668208c49569fd101492e6523f1\\\",\\\"status\\\":\\\"success\\\"}}\"}','2025-05-15 14:38:05','2025-05-15 14:38:05'),
(570158,38,44,'chat_log',40,'API','919029634011','917304609236','{\"msg\":\" 5434043518790918363-65a581ec31b34d9385b690fc72169ac9\\n\",\"status\":\"success \",\"status_code\":\" 919029634011 \",\"data\":\"success | 919029634011 | 5434043518790918363-65a581ec31b34d9385b690fc72169ac9\\n\"}','2025-05-15 14:38:15','2025-05-15 14:38:15'),
(570159,38,44,'chat_log',42,'API','919029634011','917304609236','{\"msg\":\"success\",\"status\":\"success\",\"status_code\":\"200\",\"data\":\"{\\\"response\\\":{\\\"phone\\\":\\\"919029634011\\\",\\\"details\\\":\\\"\\\",\\\"id\\\":\\\"5434043726782181549-86efa47705cf40daa044542315151d0d\\\",\\\"status\\\":\\\"success\\\"}}\"}','2025-05-15 14:38:40','2025-05-15 14:38:40'),
(570160,38,44,'chat_log',44,'API','919029634011','917304609236','{\"msg\":\"success\",\"status\":\"success\",\"status_code\":\"200\",\"data\":\"{\\\"response\\\":{\\\"phone\\\":\\\"919029634011\\\",\\\"details\\\":\\\"\\\",\\\"id\\\":\\\"5434043795425652863-d3fc1c1de92b4578a35c5a306df38c04\\\",\\\"status\\\":\\\"success\\\"}}\"}','2025-05-15 14:38:48','2025-05-15 14:38:48'),
(570161,38,44,'chat_log',46,'API','919029634011','917304609236','{\"msg\":\"success\",\"status\":\"success\",\"status_code\":\"200\",\"data\":\"{\\\"response\\\":{\\\"phone\\\":\\\"919029634011\\\",\\\"details\\\":\\\"\\\",\\\"id\\\":\\\"5434044006980788302-08c833a6487949faafe1740c0316bd15\\\",\\\"status\\\":\\\"success\\\"}}\"}','2025-05-15 14:39:13','2025-05-15 14:39:13'),
(570162,38,44,'chat_log',48,'API','917506493373','917304609236','{\"msg\":\" 5434044376664637524-57ceffd70d634dd89221f6ff1ba4ffcb\\n\",\"status\":\"success \",\"status_code\":\" 917506493373 \",\"data\":\"success | 917506493373 | 5434044376664637524-57ceffd70d634dd89221f6ff1ba4ffcb\\n\"}','2025-05-15 14:39:58','2025-05-15 14:39:58'),
(570163,38,44,'chat_log',50,'API','917506493373','917304609236','{\"msg\":\"success\",\"status\":\"success\",\"status_code\":\"200\",\"data\":\"{\\\"response\\\":{\\\"phone\\\":\\\"917506493373\\\",\\\"details\\\":\\\"\\\",\\\"id\\\":\\\"5434044436069417107-a70fe7bf83dc42e9ac7383558b160e18\\\",\\\"status\\\":\\\"success\\\"}}\"}','2025-05-15 14:40:05','2025-05-15 14:40:05'),
(570164,38,44,'chat_log',51,'API','917506493373','917304609236','{\"msg\":\" 5434044474310942832-fb4feb636b2b4c21b526cf32b0e869c9\\n\",\"status\":\"success \",\"status_code\":\" 917506493373 \",\"data\":\"success | 917506493373 | 5434044474310942832-fb4feb636b2b4c21b526cf32b0e869c9\\n\"}','2025-05-15 14:40:09','2025-05-15 14:40:09'),
(570165,38,44,'chat_log',53,'API','918810499652','917304609236','{\"msg\":\" 5434044592511467631-a2f6d5809e554bf8be8f3014e6368fa1\\n\",\"status\":\"success \",\"status_code\":\" 918810499652 \",\"data\":\"success | 918810499652 | 5434044592511467631-a2f6d5809e554bf8be8f3014e6368fa1\\n\"}','2025-05-15 14:40:23','2025-05-15 14:40:23'),
(570166,38,44,'chat_log',55,'API','917506493373','917304609236','{\"msg\":\" 5434044649799069874-5cc7ef95c1ae46d99e4f7b45dc2ed340\\n\",\"status\":\"success \",\"status_code\":\" 917506493373 \",\"data\":\"success | 917506493373 | 5434044649799069874-5cc7ef95c1ae46d99e4f7b45dc2ed340\\n\"}','2025-05-15 14:40:30','2025-05-15 14:40:30'),
(570167,38,44,'chat_log',57,'API','917506493373','917304609236','{\"msg\":\"success\",\"status\":\"success\",\"status_code\":\"200\",\"data\":\"{\\\"response\\\":{\\\"phone\\\":\\\"917506493373\\\",\\\"details\\\":\\\"\\\",\\\"id\\\":\\\"5434044759082717403-ad907fc16c8a4748aedd4921e81d4e86\\\",\\\"status\\\":\\\"success\\\"}}\"}','2025-05-15 14:40:43','2025-05-15 14:40:43'),
(570168,38,44,'chat_log',59,'API','919029634011','917304609236','{\"msg\":\"success\",\"status\":\"success\",\"status_code\":\"200\",\"data\":\"{\\\"response\\\":{\\\"phone\\\":\\\"919029634011\\\",\\\"details\\\":\\\"\\\",\\\"id\\\":\\\"5434044780758974591-6311e49a5ac1480eb49b7d9267c19937\\\",\\\"status\\\":\\\"success\\\"}}\"}','2025-05-15 14:40:45','2025-05-15 14:40:45'),
(570169,38,44,'chat_log',60,'API','917506493373','917304609236','{\"msg\":\" 5434044794686947412-9c9c4ec24a084d59aba9a97ece45559b\\n\",\"status\":\"success \",\"status_code\":\" 917506493373 \",\"data\":\"success | 917506493373 | 5434044794686947412-9c9c4ec24a084d59aba9a97ece45559b\\n\"}','2025-05-15 14:40:47','2025-05-15 14:40:47'),
(570170,38,44,'chat_log',61,'API','919029634011','917304609236','{\"msg\":\"success\",\"status\":\"success\",\"status_code\":\"200\",\"data\":\"{\\\"response\\\":{\\\"phone\\\":\\\"919029634011\\\",\\\"details\\\":\\\"\\\",\\\"id\\\":\\\"5434044805223542830-f742cc6e488942c6800618bbb84fdfe9\\\",\\\"status\\\":\\\"success\\\"}}\"}','2025-05-15 14:40:48','2025-05-15 14:40:48'),
(570171,38,44,'chat_log',63,'API','917506493373','917304609236','{\"msg\":\" 5434044831042846867-cc84dfd861ad4d1789ebab3f2ecaa8be\\n\",\"status\":\"success \",\"status_code\":\" 917506493373 \",\"data\":\"success | 917506493373 | 5434044831042846867-cc84dfd861ad4d1789ebab3f2ecaa8be\\n\"}','2025-05-15 14:40:51','2025-05-15 14:40:51'),
(570172,38,44,'chat_log',65,'API','919029634011','917304609236','{\"msg\":\"success\",\"status\":\"success\",\"status_code\":\"200\",\"data\":\"{\\\"response\\\":{\\\"phone\\\":\\\"919029634011\\\",\\\"details\\\":\\\"\\\",\\\"id\\\":\\\"5434044949398835278-bfb376e0c2d94f7fa2a4316f449af9f2\\\",\\\"status\\\":\\\"success\\\"}}\"}','2025-05-15 14:41:05','2025-05-15 14:41:05'),
(570173,38,44,'chat_log',66,'API','919029634011','917304609236','{\"msg\":\" 5434044974337519789-6824772cf01a4f589ea970aaea7c92d5\\n\",\"status\":\"success \",\"status_code\":\" 919029634011 \",\"data\":\"success | 919029634011 | 5434044974337519789-6824772cf01a4f589ea970aaea7c92d5\\n\"}','2025-05-15 14:41:08','2025-05-15 14:41:08'),
(570174,38,44,'chat_log',68,'API','917506493373','917304609236','{\"msg\":\"success\",\"status\":\"success\",\"status_code\":\"200\",\"data\":\"{\\\"response\\\":{\\\"phone\\\":\\\"917506493373\\\",\\\"details\\\":\\\"\\\",\\\"id\\\":\\\"5434045087009640531-5153a0f264504a45ad818a789ff80ba4\\\",\\\"status\\\":\\\"success\\\"}}\"}','2025-05-15 14:41:22','2025-05-15 14:41:22'),
(570175,38,44,'chat_log',69,'API','917506493373','917304609236','{\"msg\":\" 5434045125443297364-1bf99ac0d9864cc98bfeb660641fed3c\\n\",\"status\":\"success \",\"status_code\":\" 917506493373 \",\"data\":\"success | 917506493373 | 5434045125443297364-1bf99ac0d9864cc98bfeb660641fed3c\\n\"}','2025-05-15 14:41:26','2025-05-15 14:41:26'),
(570176,38,44,'chat_log',71,'API','917506493373','917304609236','{\"msg\":\"success\",\"status\":\"success\",\"status_code\":\"200\",\"data\":\"{\\\"response\\\":{\\\"phone\\\":\\\"917506493373\\\",\\\"details\\\":\\\"\\\",\\\"id\\\":\\\"5434051951599321261-4532a3aebdab49b6a48dea9dfdd0edbd\\\",\\\"status\\\":\\\"success\\\"}}\"}','2025-05-15 14:55:00','2025-05-15 14:55:00'),
(570177,38,44,'chat_log',73,'API','917506493373','917304609236','{\"msg\":\" 5434051997057769584-79d2845641b04c54a29443a080bcb650\\n\",\"status\":\"success \",\"status_code\":\" 917506493373 \",\"data\":\"success | 917506493373 | 5434051997057769584-79d2845641b04c54a29443a080bcb650\\n\"}','2025-05-15 14:55:06','2025-05-15 14:55:06'),
(570178,38,44,'chat_log',75,'API','917506493373','917304609236','{\"msg\":\"success\",\"status\":\"success\",\"status_code\":\"200\",\"data\":\"{\\\"response\\\":{\\\"phone\\\":\\\"917506493373\\\",\\\"details\\\":\\\"\\\",\\\"id\\\":\\\"5434052061948096610-2f544e900b954948b83cf5e18d0f7538\\\",\\\"status\\\":\\\"success\\\"}}\"}','2025-05-15 14:55:14','2025-05-15 14:55:14'),
(570179,38,44,'chat_log',76,'API','917506493373','917304609236','{\"msg\":\" 5434052100166373490-da6134b9ae6b43bdbe66c7da2aa56c7b\\n\",\"status\":\"success \",\"status_code\":\" 917506493373 \",\"data\":\"success | 917506493373 | 5434052100166373490-da6134b9ae6b43bdbe66c7da2aa56c7b\\n\"}','2025-05-15 14:55:18','2025-05-15 14:55:18'),
(570180,38,44,'chat_log',78,'API','917506493373','917304609236','{\"msg\":\"success\",\"status\":\"success\",\"status_code\":\"200\",\"data\":\"{\\\"response\\\":{\\\"phone\\\":\\\"917506493373\\\",\\\"details\\\":\\\"\\\",\\\"id\\\":\\\"5434052143186407507-1f98a2a7099840b894aa78e6e1b81563\\\",\\\"status\\\":\\\"success\\\"}}\"}','2025-05-15 14:55:23','2025-05-15 14:55:23'),
(570181,38,44,'chat_log',80,'API','917506493373','917304609236','{\"msg\":\" 5434052215669469211-5b4a1cc529a54693ba66712c0e25e564\\n\",\"status\":\"success \",\"status_code\":\" 917506493373 \",\"data\":\"success | 917506493373 | 5434052215669469211-5b4a1cc529a54693ba66712c0e25e564\\n\"}','2025-05-15 14:55:32','2025-05-15 14:55:32'),
(570182,38,44,'chat_log',82,'API','917506493373','917304609236','{\"msg\":\" 5434052326509232174-0904cdafbf634052ac68cf8ba677e6f3\\n\",\"status\":\"success \",\"status_code\":\" 917506493373 \",\"data\":\"success | 917506493373 | 5434052326509232174-0904cdafbf634052ac68cf8ba677e6f3\\n\"}','2025-05-15 14:55:45','2025-05-15 14:55:45'),
(570183,38,44,'chat_log',84,'API','917506493373','917304609236','{\"msg\":\" 5434052383488958542-20828bd419fc4f4186645a83b3d775a8\\n\",\"status\":\"success \",\"status_code\":\" 917506493373 \",\"data\":\"success | 917506493373 | 5434052383488958542-20828bd419fc4f4186645a83b3d775a8\\n\"}','2025-05-15 14:55:52','2025-05-15 14:55:52'),
(570184,38,44,'chat_log',86,'API','917506493373','917304609236','{\"msg\":\"success\",\"status\":\"success\",\"status_code\":\"200\",\"data\":\"{\\\"response\\\":{\\\"phone\\\":\\\"917506493373\\\",\\\"details\\\":\\\"\\\",\\\"id\\\":\\\"5434052440790909042-516f8126f9bf42fe90b12dd809568aa8\\\",\\\"status\\\":\\\"success\\\"}}\"}','2025-05-15 14:55:58','2025-05-15 14:55:58'),
(570185,38,44,'chat_log',87,'API','917506493373','917304609236','{\"msg\":\" 5434052505937535003-764b1f7266bc4e03bd0a2c1e7e4989dc\\n\",\"status\":\"success \",\"status_code\":\" 917506493373 \",\"data\":\"success | 917506493373 | 5434052505937535003-764b1f7266bc4e03bd0a2c1e7e4989dc\\n\"}','2025-05-15 14:56:06','2025-05-15 14:56:06'),
(570186,38,44,'chat_log',89,'API','917506493373','917304609236','{\"msg\":\"success\",\"status\":\"success\",\"status_code\":\"200\",\"data\":\"{\\\"response\\\":{\\\"phone\\\":\\\"917506493373\\\",\\\"details\\\":\\\"\\\",\\\"id\\\":\\\"5434052581971337328-139d4a253653439d95717d68848f9369\\\",\\\"status\\\":\\\"success\\\"}}\"}','2025-05-15 14:56:15','2025-05-15 14:56:15'),
(570187,38,44,'chat_log',91,'API','917506493373','917304609236','{\"msg\":\" 5434070745384407118-b6254d5e1ff5456c955fbc449cad98c6\\n\",\"status\":\"success \",\"status_code\":\" 917506493373 \",\"data\":\"success | 917506493373 | 5434070745384407118-b6254d5e1ff5456c955fbc449cad98c6\\n\"}','2025-05-15 15:32:21','2025-05-15 15:32:21'),
(570188,38,44,'chat_log',93,'API','917506493373','917304609236','{\"msg\":\"success\",\"status\":\"success\",\"status_code\":\"200\",\"data\":\"{\\\"response\\\":{\\\"phone\\\":\\\"917506493373\\\",\\\"details\\\":\\\"\\\",\\\"id\\\":\\\"5434070803410296943-1ff3484a53b64a898845581e99d67efa\\\",\\\"status\\\":\\\"success\\\"}}\"}','2025-05-15 15:32:27','2025-05-15 15:32:27'),
(570189,38,44,'chat_log',94,'API','917506493373','917304609236','{\"msg\":\" 5434070838796636379-3c70651830474318829eaf7e3c7df24c\\n\",\"status\":\"success \",\"status_code\":\" 917506493373 \",\"data\":\"success | 917506493373 | 5434070838796636379-3c70651830474318829eaf7e3c7df24c\\n\"}','2025-05-15 15:32:32','2025-05-15 15:32:32'),
(570190,38,44,'chat_log',96,'API','917506493373','917304609236','{\"msg\":\"success\",\"status\":\"success\",\"status_code\":\"200\",\"data\":\"{\\\"response\\\":{\\\"phone\\\":\\\"917506493373\\\",\\\"details\\\":\\\"\\\",\\\"id\\\":\\\"5434070881500225755-7298fa266a5b4d2f829509b4d404971d\\\",\\\"status\\\":\\\"success\\\"}}\"}','2025-05-15 15:32:37','2025-05-15 15:32:37'),
(570191,38,44,'chat_log',2,'API','919029634011','917304609236','{\"msg\":\" 5434138299119267867-fde71b02e7af44a3b4483cc1b026c6cc\\n\",\"status\":\"success \",\"status_code\":\" 919029634011 \",\"data\":\"success | 919029634011 | 5434138299119267867-fde71b02e7af44a3b4483cc1b026c6cc\\n\"}','2025-05-15 17:46:34','2025-05-15 17:46:34'),
(570192,38,44,'chat_log',4,'API','919029634011','917304609236','{\"msg\":\" 5434138415703740462-99f3d5ac53b84ffd828dfbccc66f85af\\n\",\"status\":\"success \",\"status_code\":\" 919029634011 \",\"data\":\"success | 919029634011 | 5434138415703740462-99f3d5ac53b84ffd828dfbccc66f85af\\n\"}','2025-05-15 17:46:48','2025-05-15 17:46:48'),
(570193,38,44,'chat_log',6,'API','919029634011','917304609236','{\"msg\":\" 5434138474040025202-047e5247e87742ca8f07acdde09736d3\\n\",\"status\":\"success \",\"status_code\":\" 919029634011 \",\"data\":\"success | 919029634011 | 5434138474040025202-047e5247e87742ca8f07acdde09736d3\\n\"}','2025-05-15 17:46:55','2025-05-15 17:46:55'),
(570194,38,44,'chat_log',8,'API','919029634011','917304609236','{\"msg\":\"success\",\"status\":\"success\",\"status_code\":\"200\",\"data\":\"{\\\"response\\\":{\\\"phone\\\":\\\"919029634011\\\",\\\"details\\\":\\\"\\\",\\\"id\\\":\\\"5434138549806469339-4e5c13be09a94c459b530bad9f80d069\\\",\\\"status\\\":\\\"success\\\"}}\"}','2025-05-15 17:47:04','2025-05-15 17:47:04'),
(570195,38,44,'chat_log',9,'API','919029634011','917304609236','{\"msg\":\" 5434138602217549922-8d4867a0940d498a84a953c274b0762e\\n\",\"status\":\"success \",\"status_code\":\" 919029634011 \",\"data\":\"success | 919029634011 | 5434138602217549922-8d4867a0940d498a84a953c274b0762e\\n\"}','2025-05-15 17:47:10','2025-05-15 17:47:10'),
(570196,38,44,'chat_log',11,'API','919029634011','917304609236','{\"msg\":\" 5434138692568293503-f192e02d7daf487b9b8d6a80fd4f299f\\n\",\"status\":\"success \",\"status_code\":\" 919029634011 \",\"data\":\"success | 919029634011 | 5434138692568293503-f192e02d7daf487b9b8d6a80fd4f299f\\n\"}','2025-05-15 17:47:21','2025-05-15 17:47:21'),
(570197,38,44,'chat_log',13,'API','919029634011','917304609236','{\"msg\":\" 5434138999704653902-9fc2a1415cd542329e44672d252fa1e5\\n\",\"status\":\"success \",\"status_code\":\" 919029634011 \",\"data\":\"success | 919029634011 | 5434138999704653902-9fc2a1415cd542329e44672d252fa1e5\\n\"}','2025-05-15 17:47:58','2025-05-15 17:47:58'),
(570198,38,44,'chat_log',15,'API','919029634011','917304609236','{\"msg\":\" 5434139277046194254-d7ff86eb20404ec090ca129fa9d408da\\n\",\"status\":\"success \",\"status_code\":\" 919029634011 \",\"data\":\"success | 919029634011 | 5434139277046194254-d7ff86eb20404ec090ca129fa9d408da\\n\"}','2025-05-15 17:48:31','2025-05-15 17:48:31'),
(570199,38,44,'chat_log',17,'API','919029634011','917304609236','{\"msg\":\"success\",\"status\":\"success\",\"status_code\":\"200\",\"data\":\"{\\\"response\\\":{\\\"phone\\\":\\\"919029634011\\\",\\\"details\\\":\\\"\\\",\\\"id\\\":\\\"5434139418437910612-4108aba01dff486aba02d8a8501d0686\\\",\\\"status\\\":\\\"success\\\"}}\"}','2025-05-15 17:48:47','2025-05-15 17:48:47'),
(570200,38,44,'chat_log',18,'API','919029634011','917304609236','{\"msg\":\" 5434139484247556315-ac90ce800a19427fa907198785626809\\n\",\"status\":\"success \",\"status_code\":\" 919029634011 \",\"data\":\"success | 919029634011 | 5434139484247556315-ac90ce800a19427fa907198785626809\\n\"}','2025-05-15 17:48:55','2025-05-15 17:48:55'),
(570201,38,44,'chat_log',20,'API','919029634011','917304609236','{\"msg\":\" 5434139580624195662-1010a01bc61643fc9accd8428bd5fe2c\\n\",\"status\":\"success \",\"status_code\":\" 919029634011 \",\"data\":\"success | 919029634011 | 5434139580624195662-1010a01bc61643fc9accd8428bd5fe2c\\n\"}','2025-05-15 17:49:06','2025-05-15 17:49:06'),
(570202,38,44,'chat_log',22,'API','919029634011','917304609236','{\"msg\":\"success\",\"status\":\"success\",\"status_code\":\"200\",\"data\":\"{\\\"response\\\":{\\\"phone\\\":\\\"919029634011\\\",\\\"details\\\":\\\"\\\",\\\"id\\\":\\\"5434139656989941838-15074ea7aa77487f838840879bbdab94\\\",\\\"status\\\":\\\"success\\\"}}\"}','2025-05-15 17:49:16','2025-05-15 17:49:16'),
(570203,38,44,'chat_log',24,'API','919029634011','917304609236','{\"msg\":\"success\",\"status\":\"success\",\"status_code\":\"200\",\"data\":\"{\\\"response\\\":{\\\"phone\\\":\\\"919029634011\\\",\\\"details\\\":\\\"\\\",\\\"id\\\":\\\"5434139721272008877-aaea2e00b4464c21982316081f7909e7\\\",\\\"status\\\":\\\"success\\\"}}\"}','2025-05-15 17:49:23','2025-05-15 17:49:23'),
(570204,38,44,'chat_log',26,'API','919029634011','917304609236','{\"msg\":\"success\",\"status\":\"success\",\"status_code\":\"200\",\"data\":\"{\\\"response\\\":{\\\"phone\\\":\\\"919029634011\\\",\\\"details\\\":\\\"\\\",\\\"id\\\":\\\"5434139784131657811-1f91ccbd9825451780caa3d26f3b094f\\\",\\\"status\\\":\\\"success\\\"}}\"}','2025-05-15 17:49:31','2025-05-15 17:49:31'),
(570205,38,44,'chat_log',28,'API','919029634011','917304609236','{\"msg\":\"success\",\"status\":\"success\",\"status_code\":\"200\",\"data\":\"{\\\"response\\\":{\\\"phone\\\":\\\"919029634011\\\",\\\"details\\\":\\\"\\\",\\\"id\\\":\\\"5434139892984229945-108dde11fbc4456287c2b2e9f9518ded\\\",\\\"status\\\":\\\"success\\\"}}\"}','2025-05-15 17:49:43','2025-05-15 17:49:43'),
(570206,38,44,'chat_log',29,'API','919029634011','917304609236','{\"msg\":\"success\",\"status\":\"success\",\"status_code\":\"200\",\"data\":\"{\\\"response\\\":{\\\"phone\\\":\\\"919029634011\\\",\\\"details\\\":\\\"\\\",\\\"id\\\":\\\"5434139916297867375-a3bbb50b4a504826a1b9c541a727e564\\\",\\\"status\\\":\\\"success\\\"}}\"}','2025-05-15 17:49:46','2025-05-15 17:49:46'),
(570207,38,44,'chat_log',31,'API','919029634011','917304609236','{\"msg\":\"success\",\"status\":\"success\",\"status_code\":\"200\",\"data\":\"{\\\"response\\\":{\\\"phone\\\":\\\"919029634011\\\",\\\"details\\\":\\\"\\\",\\\"id\\\":\\\"5434142551011569742-99c42b94dbc2419ab7a14936781c944b\\\",\\\"status\\\":\\\"success\\\"}}\"}','2025-05-15 17:55:01','2025-05-15 17:55:01'),
(570208,38,44,'chat_log',33,'API','919029634011','917304609236','{\"msg\":\"success\",\"status\":\"success\",\"status_code\":\"200\",\"data\":\"{\\\"response\\\":{\\\"phone\\\":\\\"919029634011\\\",\\\"details\\\":\\\"\\\",\\\"id\\\":\\\"5434142705257005139-e551d64e221f4e63a60ddc4d125d0706\\\",\\\"status\\\":\\\"success\\\"}}\"}','2025-05-15 17:55:19','2025-05-15 17:55:19'),
(570209,38,44,'chat_log',34,'API','919029634011','917304609236','{\"msg\":\" 5434142733020254319-2110d86e67bc400483a9016bd9d8c45d\\n\",\"status\":\"success \",\"status_code\":\" 919029634011 \",\"data\":\"success | 919029634011 | 5434142733020254319-2110d86e67bc400483a9016bd9d8c45d\\n\"}','2025-05-15 17:55:22','2025-05-15 17:55:22'),
(570210,38,44,'chat_log',36,'API','919029634011','917304609236','{\"msg\":\" 5434142805522325588-54d6f47507194fe285cb8889a05a0723\\n\",\"status\":\"success \",\"status_code\":\" 919029634011 \",\"data\":\"success | 919029634011 | 5434142805522325588-54d6f47507194fe285cb8889a05a0723\\n\"}','2025-05-15 17:55:31','2025-05-15 17:55:31'),
(570211,38,44,'chat_log',38,'API','919029634011','917304609236','{\"msg\":\"success\",\"status\":\"success\",\"status_code\":\"200\",\"data\":\"{\\\"response\\\":{\\\"phone\\\":\\\"919029634011\\\",\\\"details\\\":\\\"\\\",\\\"id\\\":\\\"5434143391745216623-95c3d18d536e47b09b3a6c7d9d3dc035\\\",\\\"status\\\":\\\"success\\\"}}\"}','2025-05-15 17:56:41','2025-05-15 17:56:41'),
(570212,38,44,'chat_log',39,'API','919029634011','917304609236','{\"msg\":\" 5434143413692530745-7919a2eaa4a94e808f091ae3e98d167c\\n\",\"status\":\"success \",\"status_code\":\" 919029634011 \",\"data\":\"success | 919029634011 | 5434143413692530745-7919a2eaa4a94e808f091ae3e98d167c\\n\"}','2025-05-15 17:56:44','2025-05-15 17:56:44'),
(570213,38,44,'chat_log',41,'API','919029634011','917304609236','{\"msg\":\"success\",\"status\":\"success\",\"status_code\":\"200\",\"data\":\"{\\\"response\\\":{\\\"phone\\\":\\\"919029634011\\\",\\\"details\\\":\\\"\\\",\\\"id\\\":\\\"5434155099567841499-bc90d39f964a40ba926d689b75fd9684\\\",\\\"status\\\":\\\"success\\\"}}\"}','2025-05-15 18:19:57','2025-05-15 18:19:57'),
(570214,38,44,'chat_log',42,'API','919029634011','917304609236','{\"msg\":\" 5434155124205850736-13076ab9790a4103bf01d5d02271b5d3\\n\",\"status\":\"success \",\"status_code\":\" 919029634011 \",\"data\":\"success | 919029634011 | 5434155124205850736-13076ab9790a4103bf01d5d02271b5d3\\n\"}','2025-05-15 18:20:00','2025-05-15 18:20:00'),
(570215,38,44,'chat_log',44,'API','919029634011','917304609236','{\"msg\":\"success\",\"status\":\"success\",\"status_code\":\"200\",\"data\":\"{\\\"response\\\":{\\\"phone\\\":\\\"919029634011\\\",\\\"details\\\":\\\"\\\",\\\"id\\\":\\\"5434159728084500563-0c8775295dfc45c4a642f82a7c65878d\\\",\\\"status\\\":\\\"success\\\"}}\"}','2025-05-15 18:29:08','2025-05-15 18:29:08'),
(570216,38,44,'chat_log',45,'API','919029634011','917304609236','{\"msg\":\" 5434159750425600114-b133e0a9d66641eab7e7663628bf4602\\n\",\"status\":\"success \",\"status_code\":\" 919029634011 \",\"data\":\"success | 919029634011 | 5434159750425600114-b133e0a9d66641eab7e7663628bf4602\\n\"}','2025-05-15 18:29:11','2025-05-15 18:29:11'),
(570217,38,44,'chat_log',47,'API','919029634011','917304609236','{\"msg\":\" 5434159802432536795-8057b00b59af47d4af74e7bcdb751d4e\\n\",\"status\":\"success \",\"status_code\":\" 919029634011 \",\"data\":\"success | 919029634011 | 5434159802432536795-8057b00b59af47d4af74e7bcdb751d4e\\n\"}','2025-05-15 18:29:17','2025-05-15 18:29:17'),
(570218,38,44,'chat_log',49,'API','919029634011','917304609236','{\"msg\":\" 5434162121714401458-3e0883c1c55f4703b71bbf84601b592f\\n\",\"status\":\"success \",\"status_code\":\" 919029634011 \",\"data\":\"success | 919029634011 | 5434162121714401458-3e0883c1c55f4703b71bbf84601b592f\\n\"}','2025-05-15 18:33:54','2025-05-15 18:33:54'),
(570219,38,44,'chat_log',51,'API','919029634011','917304609236','{\"msg\":\" 5434162166288113721-f4fc4b6920314da6863ee5535050e38a\\n\",\"status\":\"success \",\"status_code\":\" 919029634011 \",\"data\":\"success | 919029634011 | 5434162166288113721-f4fc4b6920314da6863ee5535050e38a\\n\"}','2025-05-15 18:33:59','2025-05-15 18:33:59'),
(570220,38,44,'chat_log',53,'API','919029634011','917304609236','{\"msg\":\"success\",\"status\":\"success\",\"status_code\":\"200\",\"data\":\"{\\\"response\\\":{\\\"phone\\\":\\\"919029634011\\\",\\\"details\\\":\\\"\\\",\\\"id\\\":\\\"5434162232935764066-075b2b2d19fb4c97b47365f4408f270d\\\",\\\"status\\\":\\\"success\\\"}}\"}','2025-05-15 18:34:07','2025-05-15 18:34:07'),
(570221,38,44,'chat_log',54,'API','919029634011','917304609236','{\"msg\":\" 5434162260656152622-d0634899090148df88720aeade7e2407\\n\",\"status\":\"success \",\"status_code\":\" 919029634011 \",\"data\":\"success | 919029634011 | 5434162260656152622-d0634899090148df88720aeade7e2407\\n\"}','2025-05-15 18:34:10','2025-05-15 18:34:10'),
(570222,38,44,'chat_log',57,'API','919029634011','917304609236','{\"msg\":\" 5434162947259109595-7b10b87b80094f7bb2788411c813aff6\\n\",\"status\":\"success \",\"status_code\":\" 919029634011 \",\"data\":\"success | 919029634011 | 5434162947259109595-7b10b87b80094f7bb2788411c813aff6\\n\"}','2025-05-15 18:35:32','2025-05-15 18:35:32'),
(570223,38,44,'chat_log',61,'API','919029634011','917304609236','{\"msg\":\"success\",\"status\":\"success\",\"status_code\":\"200\",\"data\":\"{\\\"response\\\":{\\\"phone\\\":\\\"919029634011\\\",\\\"details\\\":\\\"\\\",\\\"id\\\":\\\"5434167823110078578-e321abba18154042afd7a37a98832d0e\\\",\\\"status\\\":\\\"success\\\"}}\"}','2025-05-15 18:45:13','2025-05-15 18:45:13'),
(570224,38,44,'chat_log',63,'API','919029634011','917304609236','{\"msg\":\" 5434167931280498907-46e159f33211436ea7923c938d6226f6\\n\",\"status\":\"success \",\"status_code\":\" 919029634011 \",\"data\":\"success | 919029634011 | 5434167931280498907-46e159f33211436ea7923c938d6226f6\\n\"}','2025-05-15 18:45:26','2025-05-15 18:45:26'),
(570225,38,44,'chat_log',65,'API','919029634011','917304609236','{\"msg\":\"success\",\"status\":\"success\",\"status_code\":\"200\",\"data\":\"{\\\"response\\\":{\\\"phone\\\":\\\"919029634011\\\",\\\"details\\\":\\\"\\\",\\\"id\\\":\\\"5434168004457283803-e6b93714e7e2476fa83131ca519c0a36\\\",\\\"status\\\":\\\"success\\\"}}\"}','2025-05-15 18:45:35','2025-05-15 18:45:35'),
(570226,38,44,'chat_log',66,'API','919029634011','917304609236','{\"msg\":\" 5434168026758860827-e9f94e31c4e84d8caf9036b3feca1c8d\\n\",\"status\":\"success \",\"status_code\":\" 919029634011 \",\"data\":\"success | 919029634011 | 5434168026758860827-e9f94e31c4e84d8caf9036b3feca1c8d\\n\"}','2025-05-15 18:45:37','2025-05-15 18:45:37'),
(570227,38,44,'chat_log',68,'API','919029634011','917304609236','{\"msg\":\"success\",\"status\":\"success\",\"status_code\":\"200\",\"data\":\"{\\\"response\\\":{\\\"phone\\\":\\\"919029634011\\\",\\\"details\\\":\\\"\\\",\\\"id\\\":\\\"5434685139310162018-47ea844d07a74883be36e7efd90af7c7\\\",\\\"status\\\":\\\"success\\\"}}\"}','2025-05-16 11:53:02','2025-05-16 11:53:02'),
(570228,38,44,'chat_log',70,'API','919029634011','917304609236','{\"msg\":\" 5434686047873900691-56a8bb492f064217aa734a95798c9558\\n\",\"status\":\"success \",\"status_code\":\" 919029634011 \",\"data\":\"success | 919029634011 | 5434686047873900691-56a8bb492f064217aa734a95798c9558\\n\"}','2025-05-16 11:54:50','2025-05-16 11:54:50'),
(570229,38,44,'chat_log',72,'API','919029634011','917304609236','{\"msg\":\"success\",\"status\":\"success\",\"status_code\":\"200\",\"data\":\"{\\\"response\\\":{\\\"phone\\\":\\\"919029634011\\\",\\\"details\\\":\\\"\\\",\\\"id\\\":\\\"5434687106033537151-9c32100c76c14765ae990c26fbef4ef2\\\",\\\"status\\\":\\\"success\\\"}}\"}','2025-05-16 11:56:57','2025-05-16 11:56:57'),
(570230,38,44,'chat_log',74,'API','919029634011','917304609236','{\"msg\":\" 5434687450322354254-8af435a13eb24a918903fc36c466b645\\n\",\"status\":\"success \",\"status_code\":\" 919029634011 \",\"data\":\"success | 919029634011 | 5434687450322354254-8af435a13eb24a918903fc36c466b645\\n\"}','2025-05-16 11:57:37','2025-05-16 11:57:37'),
(570231,38,44,'chat_log',76,'API','919029634011','917304609236','{\"msg\":\" 5434833679697457266-ae02fb8dae774ef08fbb7880113cc9be\\n\",\"status\":\"success \",\"status_code\":\" 919029634011 \",\"data\":\"success | 919029634011 | 5434833679697457266-ae02fb8dae774ef08fbb7880113cc9be\\n\"}','2025-05-16 16:48:09','2025-05-16 16:48:09'),
(570232,38,44,'chat_log',78,'API','919029634011','917304609236','{\"msg\":\"success\",\"status\":\"success\",\"status_code\":\"200\",\"data\":\"{\\\"response\\\":{\\\"phone\\\":\\\"919029634011\\\",\\\"details\\\":\\\"\\\",\\\"id\\\":\\\"5434833822730723439-5b40650f6d9f4dee84b5522bc58b91f3\\\",\\\"status\\\":\\\"success\\\"}}\"}','2025-05-16 16:48:27','2025-05-16 16:48:27'),
(570233,38,44,'chat_log',80,'API','919029634011','917304609236','{\"msg\":\" 5434833872538267775-ec706e3a212848238d0ef1e5add68be9\\n\",\"status\":\"success \",\"status_code\":\" 919029634011 \",\"data\":\"success | 919029634011 | 5434833872538267775-ec706e3a212848238d0ef1e5add68be9\\n\"}','2025-05-16 16:48:33','2025-05-16 16:48:33'),
(570234,38,44,'chat_log',81,'API','919029634011','917304609236','{\"msg\":\"success\",\"status\":\"success\",\"status_code\":\"200\",\"data\":\"{\\\"response\\\":{\\\"phone\\\":\\\"919029634011\\\",\\\"details\\\":\\\"\\\",\\\"id\\\":\\\"5434833877486325806-bbe8699840374813ab54525be34ba40c\\\",\\\"status\\\":\\\"success\\\"}}\"}','2025-05-16 16:48:33','2025-05-16 16:48:33'),
(570235,38,44,'chat_log',83,'API','919029634011','917304609236','{\"msg\":\"success\",\"status\":\"success\",\"status_code\":\"200\",\"data\":\"{\\\"response\\\":{\\\"phone\\\":\\\"919029634011\\\",\\\"details\\\":\\\"\\\",\\\"id\\\":\\\"5434834502482542670-d919ead3a5b44ab79e241ce8d216de96\\\",\\\"status\\\":\\\"success\\\"}}\"}','2025-05-16 16:49:48','2025-05-16 16:49:48'),
(570236,38,44,'chat_log',85,'API','919029634011','917304609236','{\"msg\":\"success\",\"status\":\"success\",\"status_code\":\"200\",\"data\":\"{\\\"response\\\":{\\\"phone\\\":\\\"919029634011\\\",\\\"details\\\":\\\"\\\",\\\"id\\\":\\\"5434836393761898674-4f0c0f020b624cf0a6e594e0741764ed\\\",\\\"status\\\":\\\"success\\\"}}\"}','2025-05-16 16:53:33','2025-05-16 16:53:33'),
(570237,38,44,'chat_log',86,'API','919029634011','917304609236','{\"msg\":\" 5434836441049452671-ec99e3c414a84e2296bda21821fe664f\\n\",\"status\":\"success \",\"status_code\":\" 919029634011 \",\"data\":\"success | 919029634011 | 5434836441049452671-ec99e3c414a84e2296bda21821fe664f\\n\"}','2025-05-16 16:53:38','2025-05-16 16:53:38'),
(570238,38,44,'chat_log',88,'API','919029634011','917304609236','{\"msg\":\" 5434837936443879536-f56bd061da5449ccae79458230b5ba98\\n\",\"status\":\"success \",\"status_code\":\" 919029634011 \",\"data\":\"success | 919029634011 | 5434837936443879536-f56bd061da5449ccae79458230b5ba98\\n\"}','2025-05-16 16:56:37','2025-05-16 16:56:37'),
(570239,38,44,'chat_log',90,'API','919029634011','917304609236','{\"msg\":\" 5434838026520785023-f1870ac327d94b8b968139715f0fcb2a\\n\",\"status\":\"success \",\"status_code\":\" 919029634011 \",\"data\":\"success | 919029634011 | 5434838026520785023-f1870ac327d94b8b968139715f0fcb2a\\n\"}','2025-05-16 16:56:47','2025-05-16 16:56:47'),
(570240,38,44,'chat_log',92,'API','919029634011','917304609236','{\"msg\":\" 5434838182530048178-1c8cd834c022443ab41845ac8cdc1099\\n\",\"status\":\"success \",\"status_code\":\" 919029634011 \",\"data\":\"success | 919029634011 | 5434838182530048178-1c8cd834c022443ab41845ac8cdc1099\\n\"}','2025-05-16 16:57:07','2025-05-16 16:57:07'),
(570241,38,44,'chat_log',94,'API','919029634011','917304609236','{\"msg\":\" 5434838323234676850-fe4a45828de2487ba1e4744a2043f37c\\n\",\"status\":\"success \",\"status_code\":\" 919029634011 \",\"data\":\"success | 919029634011 | 5434838323234676850-fe4a45828de2487ba1e4744a2043f37c\\n\"}','2025-05-16 16:57:23','2025-05-16 16:57:23'),
(570242,38,44,'chat_log',96,'API','919029634011','917304609236','{\"msg\":\" 5434838503872012371-67e6267534094968a6a2a37b8408cc69\\n\",\"status\":\"success \",\"status_code\":\" 919029634011 \",\"data\":\"success | 919029634011 | 5434838503872012371-67e6267534094968a6a2a37b8408cc69\\n\"}','2025-05-16 16:57:44','2025-05-16 16:57:44'),
(570243,38,44,'chat_log',98,'API','919029634011','917304609236','{\"msg\":\"success\",\"status\":\"success\",\"status_code\":\"200\",\"data\":\"{\\\"response\\\":{\\\"phone\\\":\\\"919029634011\\\",\\\"details\\\":\\\"\\\",\\\"id\\\":\\\"5434838604601192505-d5dc3c99c68d4d6fa697d2d1bffe8de8\\\",\\\"status\\\":\\\"success\\\"}}\"}','2025-05-16 16:57:56','2025-05-16 16:57:56'),
(570244,38,44,'chat_log',99,'API','919029634011','917304609236','{\"msg\":\" 5434838669296140461-3978a3d8465944eaa98028e8ba77cfd8\\n\",\"status\":\"success \",\"status_code\":\" 919029634011 \",\"data\":\"success | 919029634011 | 5434838669296140461-3978a3d8465944eaa98028e8ba77cfd8\\n\"}','2025-05-16 16:58:04','2025-05-16 16:58:04'),
(570245,38,44,'chat_log',101,'API','919029634011','917304609236','{\"msg\":\"success\",\"status\":\"success\",\"status_code\":\"200\",\"data\":\"{\\\"response\\\":{\\\"phone\\\":\\\"919029634011\\\",\\\"details\\\":\\\"\\\",\\\"id\\\":\\\"5434838706782175316-5078f481592b4de6b634f1076d34d215\\\",\\\"status\\\":\\\"success\\\"}}\"}','2025-05-16 16:58:09','2025-05-16 16:58:09'),
(570246,38,44,'chat_log',102,'API','919029634011','917304609236','{\"msg\":\" 5434838770933592148-db9211ed10e54441a1e4628fe85f61c6\\n\",\"status\":\"success \",\"status_code\":\" 919029634011 \",\"data\":\"success | 919029634011 | 5434838770933592148-db9211ed10e54441a1e4628fe85f61c6\\n\"}','2025-05-16 16:58:16','2025-05-16 16:58:16'),
(570247,38,44,'chat_log',104,'API','919029634011','917304609236','{\"msg\":\"success\",\"status\":\"success\",\"status_code\":\"200\",\"data\":\"{\\\"response\\\":{\\\"phone\\\":\\\"919029634011\\\",\\\"details\\\":\\\"\\\",\\\"id\\\":\\\"5434838904681480249-207788dfa9b84c6997559472bf994306\\\",\\\"status\\\":\\\"success\\\"}}\"}','2025-05-16 16:58:33','2025-05-16 16:58:33'),
(570248,38,44,'chat_log',105,'API','919029634011','917304609236','{\"msg\":\" 5434838972250914843-e24bb32f1bcb4abba31ec6169cfb9011\\n\",\"status\":\"success \",\"status_code\":\" 919029634011 \",\"data\":\"success | 919029634011 | 5434838972250914843-e24bb32f1bcb4abba31ec6169cfb9011\\n\"}','2025-05-16 16:58:40','2025-05-16 16:58:40'),
(570249,38,44,'chat_log',107,'API','919029634011','917304609236','{\"msg\":\"success\",\"status\":\"success\",\"status_code\":\"200\",\"data\":\"{\\\"response\\\":{\\\"phone\\\":\\\"919029634011\\\",\\\"details\\\":\\\"\\\",\\\"id\\\":\\\"5434839085676114003-9030769d0fa34f50889c2778d7507b18\\\",\\\"status\\\":\\\"success\\\"}}\"}','2025-05-16 16:58:54','2025-05-16 16:58:54'),
(570250,38,44,'chat_log',108,'API','919029634011','917304609236','{\"msg\":\" 5434839150196592738-28f741034813454aab94168141776e85\\n\",\"status\":\"success \",\"status_code\":\" 919029634011 \",\"data\":\"success | 919029634011 | 5434839150196592738-28f741034813454aab94168141776e85\\n\"}','2025-05-16 16:59:01','2025-05-16 16:59:01'),
(570251,38,44,'chat_log',110,'API','919029634011','917304609236','{\"msg\":\"success\",\"status\":\"success\",\"status_code\":\"200\",\"data\":\"{\\\"response\\\":{\\\"phone\\\":\\\"919029634011\\\",\\\"details\\\":\\\"\\\",\\\"id\\\":\\\"5434839573648408795-be726bc514fc4304ba62e6e96a0dd3fe\\\",\\\"status\\\":\\\"success\\\"}}\"}','2025-05-16 16:59:52','2025-05-16 16:59:52'),
(570252,38,44,'chat_log',111,'API','919029634011','917304609236','{\"msg\":\" 5434839639461449855-219c59e18f8348ef9208f9a7a090c257\\n\",\"status\":\"success \",\"status_code\":\" 919029634011 \",\"data\":\"success | 919029634011 | 5434839639461449855-219c59e18f8348ef9208f9a7a090c257\\n\"}','2025-05-16 17:00:00','2025-05-16 17:00:00'),
(570253,38,44,'chat_log',113,'API','919029634011','917304609236','{\"msg\":\"success\",\"status\":\"success\",\"status_code\":\"200\",\"data\":\"{\\\"response\\\":{\\\"phone\\\":\\\"919029634011\\\",\\\"details\\\":\\\"\\\",\\\"id\\\":\\\"5434839909191225371-c78fbe688a004d2793e8b35e114948fc\\\",\\\"status\\\":\\\"success\\\"}}\"}','2025-05-16 17:00:32','2025-05-16 17:00:32'),
(570254,38,44,'chat_log',114,'API','919029634011','917304609236','{\"msg\":\" 5434839975765749874-cc40f4944a4a4829b94cc767ddb79076\\n\",\"status\":\"success \",\"status_code\":\" 919029634011 \",\"data\":\"success | 919029634011 | 5434839975765749874-cc40f4944a4a4829b94cc767ddb79076\\n\"}','2025-05-16 17:00:40','2025-05-16 17:00:40'),
(570255,38,44,'chat_log',116,'API','919029634011','917304609236','{\"msg\":\" 5434840413615489135-1cbc5a4cb74348aba6b931ad421f016a\\n\",\"status\":\"success \",\"status_code\":\" 919029634011 \",\"data\":\"success | 919029634011 | 5434840413615489135-1cbc5a4cb74348aba6b931ad421f016a\\n\"}','2025-05-16 17:01:32','2025-05-16 17:01:32'),
(570256,38,44,'chat_log',118,'API','919029634011','917304609236','{\"msg\":\" 5434840504337272946-e7c6ea8a75674c6fa7e04d3709591f87\\n\",\"status\":\"success \",\"status_code\":\" 919029634011 \",\"data\":\"success | 919029634011 | 5434840504337272946-e7c6ea8a75674c6fa7e04d3709591f87\\n\"}','2025-05-16 17:01:43','2025-05-16 17:01:43'),
(570257,38,44,'chat_log',120,'API','919029634011','917304609236','{\"msg\":\"success\",\"status\":\"success\",\"status_code\":\"200\",\"data\":\"{\\\"response\\\":{\\\"phone\\\":\\\"919029634011\\\",\\\"details\\\":\\\"\\\",\\\"id\\\":\\\"5434840600596652210-53efadc8ad554a91a288c9a001f9fa6f\\\",\\\"status\\\":\\\"success\\\"}}\"}','2025-05-16 17:01:54','2025-05-16 17:01:54'),
(570258,38,44,'chat_log',121,'API','919029634011','917304609236','{\"msg\":\" 5434840649432498354-804ecdbd24864b09bb8401b7aeff2617\\n\",\"status\":\"success \",\"status_code\":\" 919029634011 \",\"data\":\"success | 919029634011 | 5434840649432498354-804ecdbd24864b09bb8401b7aeff2617\\n\"}','2025-05-16 17:02:00','2025-05-16 17:02:00'),
(570259,38,44,'chat_log',123,'API','919029634011','917304609236','{\"msg\":\"success\",\"status\":\"success\",\"status_code\":\"200\",\"data\":\"{\\\"response\\\":{\\\"phone\\\":\\\"919029634011\\\",\\\"details\\\":\\\"\\\",\\\"id\\\":\\\"5434840675692671074-b6a9735e9e99473288e12ce1208b04dc\\\",\\\"status\\\":\\\"success\\\"}}\"}','2025-05-16 17:02:03','2025-05-16 17:02:03'),
(570260,38,44,'chat_log',124,'API','919029634011','917304609236','{\"msg\":\" 5434840723929043001-e1dc64dbe7544b24adbe965e82fe3565\\n\",\"status\":\"success \",\"status_code\":\" 919029634011 \",\"data\":\"success | 919029634011 | 5434840723929043001-e1dc64dbe7544b24adbe965e82fe3565\\n\"}','2025-05-16 17:02:09','2025-05-16 17:02:09'),
(570261,38,44,'chat_log',126,'API','919029634011','917304609236','{\"msg\":\"success\",\"status\":\"success\",\"status_code\":\"200\",\"data\":\"{\\\"response\\\":{\\\"phone\\\":\\\"919029634011\\\",\\\"details\\\":\\\"\\\",\\\"id\\\":\\\"5434840754715824185-2ea7f0b351744e78a750a1cb2cbe6013\\\",\\\"status\\\":\\\"success\\\"}}\"}','2025-05-16 17:02:13','2025-05-16 17:02:13'),
(570262,38,44,'chat_log',127,'API','919029634011','917304609236','{\"msg\":\" 5434840805138542770-7fd4541da5fb443fa8b3777867bba870\\n\",\"status\":\"success \",\"status_code\":\" 919029634011 \",\"data\":\"success | 919029634011 | 5434840805138542770-7fd4541da5fb443fa8b3777867bba870\\n\"}','2025-05-16 17:02:19','2025-05-16 17:02:19'),
(570263,38,44,'chat_log',129,'API','919029634011','917304609236','{\"msg\":\"success\",\"status\":\"success\",\"status_code\":\"200\",\"data\":\"{\\\"response\\\":{\\\"phone\\\":\\\"919029634011\\\",\\\"details\\\":\\\"\\\",\\\"id\\\":\\\"5434840858274201747-4bf5e7860fcd4ee89da3b68f648454d8\\\",\\\"status\\\":\\\"success\\\"}}\"}','2025-05-16 17:02:26','2025-05-16 17:02:26'),
(570264,38,44,'chat_log',130,'API','919029634011','917304609236','{\"msg\":\" 5434840910808883314-e932f9b9a6ff4431ad3b3f3d3a16cc38\\n\",\"status\":\"success \",\"status_code\":\" 919029634011 \",\"data\":\"success | 919029634011 | 5434840910808883314-e932f9b9a6ff4431ad3b3f3d3a16cc38\\n\"}','2025-05-16 17:02:32','2025-05-16 17:02:32'),
(570265,38,44,'chat_log',132,'API','919029634011','917304609236','{\"msg\":\"success\",\"status\":\"success\",\"status_code\":\"200\",\"data\":\"{\\\"response\\\":{\\\"phone\\\":\\\"919029634011\\\",\\\"details\\\":\\\"\\\",\\\"id\\\":\\\"5434923060767506543-78be604e6c484e44b4fd4f0e01bc2fc6\\\",\\\"status\\\":\\\"success\\\"}}\"}','2025-05-16 19:45:44','2025-05-16 19:45:44'),
(570266,38,44,'chat_log',134,'API','919029634011','917304609236','{\"msg\":\" 5435037326165262555-f9545adbc9e44d1eb0e37baf3498c369\\n\",\"status\":\"success \",\"status_code\":\" 919029634011 \",\"data\":\"success | 919029634011 | 5435037326165262555-f9545adbc9e44d1eb0e37baf3498c369\\n\"}','2025-05-16 23:32:46','2025-05-16 23:32:46'),
(570267,38,44,'chat_log',136,'API','919029634011','917304609236','{\"msg\":\" 5435037496475955373-0b85566e17fb440aa99e87983258e03e\\n\",\"status\":\"success \",\"status_code\":\" 919029634011 \",\"data\":\"success | 919029634011 | 5435037496475955373-0b85566e17fb440aa99e87983258e03e\\n\"}','2025-05-16 23:33:06','2025-05-16 23:33:06'),
(570268,38,44,'chat_log',138,'API','919029634011','917304609236','{\"msg\":\"success\",\"status\":\"success\",\"status_code\":\"200\",\"data\":\"{\\\"response\\\":{\\\"phone\\\":\\\"919029634011\\\",\\\"details\\\":\\\"\\\",\\\"id\\\":\\\"5435037639337525332-84e055fcf63642d5a7306d6c8a44cb5e\\\",\\\"status\\\":\\\"success\\\"}}\"}','2025-05-16 23:33:23','2025-05-16 23:33:23'),
(570269,38,44,'chat_log',139,'API','919029634011','917304609236','{\"msg\":\" 5435037663461609499-f3a4a072f5a44656b1739d15d5ecd41e\\n\",\"status\":\"success \",\"status_code\":\" 919029634011 \",\"data\":\"success | 919029634011 | 5435037663461609499-f3a4a072f5a44656b1739d15d5ecd41e\\n\"}','2025-05-16 23:33:26','2025-05-16 23:33:26'),
(570270,38,44,'chat_log',141,'API','919029634011','917304609236','{\"msg\":\"success\",\"status\":\"success\",\"status_code\":\"200\",\"data\":\"{\\\"response\\\":{\\\"phone\\\":\\\"919029634011\\\",\\\"details\\\":\\\"\\\",\\\"id\\\":\\\"5436824508761657427-36dffe368df94eeb83e3164bd2b09de5\\\",\\\"status\\\":\\\"success\\\"}}\"}','2025-05-19 10:43:35','2025-05-19 10:43:35'),
(570271,38,44,'chat_log',143,'API','919029634011','917304609236','{\"msg\":\" 5436825921266585819-3a084dfedc19464b995ef9e38fa41482\\n\",\"status\":\"success \",\"status_code\":\" 919029634011 \",\"data\":\"success | 919029634011 | 5436825921266585819-3a084dfedc19464b995ef9e38fa41482\\n\"}','2025-05-19 10:46:23','2025-05-19 10:46:23'),
(570272,38,44,'chat_log',145,'API','919029634011','917304609236','{\"msg\":\" 5436825990656762034-ea2e1e2ea5dc43d585caadcf19b8483c\\n\",\"status\":\"success \",\"status_code\":\" 919029634011 \",\"data\":\"success | 919029634011 | 5436825990656762034-ea2e1e2ea5dc43d585caadcf19b8483c\\n\"}','2025-05-19 10:46:32','2025-05-19 10:46:32'),
(570273,38,44,'chat_log',147,'API','919029634011','917304609236','{\"msg\":\" 5436826045900271835-19d3c4fb43bb42869ade4b340994da74\\n\",\"status\":\"success \",\"status_code\":\" 919029634011 \",\"data\":\"success | 919029634011 | 5436826045900271835-19d3c4fb43bb42869ade4b340994da74\\n\"}','2025-05-19 10:46:38','2025-05-19 10:46:38'),
(570274,38,44,'chat_log',149,'API','919029634011','917304609236','{\"msg\":\"success\",\"status\":\"success\",\"status_code\":\"200\",\"data\":\"{\\\"response\\\":{\\\"phone\\\":\\\"919029634011\\\",\\\"details\\\":\\\"\\\",\\\"id\\\":\\\"5436832462286385299-16fddd86b3504c62a971cf0a81e700f4\\\",\\\"status\\\":\\\"success\\\"}}\"}','2025-05-19 10:59:23','2025-05-19 10:59:23'),
(570275,38,44,'chat_log',150,'API','919029634011','917304609236','{\"msg\":\"success\",\"status\":\"success\",\"status_code\":\"200\",\"data\":\"{\\\"response\\\":{\\\"phone\\\":\\\"919029634011\\\",\\\"details\\\":\\\"\\\",\\\"id\\\":\\\"5437031910774415444-a01de89f73f94306895bde28acb6adf5\\\",\\\"status\\\":\\\"success\\\"}}\"}','2025-05-19 17:35:39','2025-05-19 17:35:39'),
(570276,38,44,'chat_log',151,'API','919029634011','917304609236','{\"msg\":\"success\",\"status\":\"success\",\"status_code\":\"200\",\"data\":\"{\\\"response\\\":{\\\"phone\\\":\\\"919029634011\\\",\\\"details\\\":\\\"\\\",\\\"id\\\":\\\"5437032100129181808-9d39940ce90c420aa7dbf58b7ed3b71f\\\",\\\"status\\\":\\\"success\\\"}}\"}','2025-05-19 17:36:01','2025-05-19 17:36:01'),
(570277,38,44,'chat_log',153,'API','919029634011','917304609236','{\"msg\":\"success\",\"status\":\"success\",\"status_code\":\"200\",\"data\":\"{\\\"response\\\":{\\\"phone\\\":\\\"919029634011\\\",\\\"details\\\":\\\"\\\",\\\"id\\\":\\\"5437032166169616468-a2ae926d0a484c4b88cbfecb04b67ca2\\\",\\\"status\\\":\\\"success\\\"}}\"}','2025-05-19 17:36:10','2025-05-19 17:36:10'),
(570278,38,44,'chat_log',154,'API','919029634011','917304609236','{\"msg\":\" 5437032193799069774-0c9e2187ed524100a21e6da5e599212c\\n\",\"status\":\"success \",\"status_code\":\" 919029634011 \",\"data\":\"success | 919029634011 | 5437032193799069774-0c9e2187ed524100a21e6da5e599212c\\n\"}','2025-05-19 17:36:13','2025-05-19 17:36:13'),
(570279,38,44,'chat_log',156,'API','919029634011','917304609236','{\"msg\":\" 5437051293073502291-d47b0e664b854021aa34472b5b8f1893\\n\",\"status\":\"success \",\"status_code\":\" 919029634011 \",\"data\":\"success | 919029634011 | 5437051293073502291-d47b0e664b854021aa34472b5b8f1893\\n\"}','2025-05-19 18:14:10','2025-05-19 18:14:10'),
(570280,38,44,'chat_log',158,'API','919029634011','917304609236','{\"msg\":\" 5437051414826414126-3feb8353049e4a81b6fe1e0106fa52cb\\n\",\"status\":\"success \",\"status_code\":\" 919029634011 \",\"data\":\"success | 919029634011 | 5437051414826414126-3feb8353049e4a81b6fe1e0106fa52cb\\n\"}','2025-05-19 18:14:24','2025-05-19 18:14:24'),
(570281,38,44,'chat_log',160,'API','919029634011','917304609236','{\"msg\":\"success\",\"status\":\"success\",\"status_code\":\"200\",\"data\":\"{\\\"response\\\":{\\\"phone\\\":\\\"919029634011\\\",\\\"details\\\":\\\"\\\",\\\"id\\\":\\\"5437051578157666387-49cfcf9ce84c4c7e9440e925d4165572\\\",\\\"status\\\":\\\"success\\\"}}\"}','2025-05-19 18:14:43','2025-05-19 18:14:43'),
(570282,38,44,'chat_log',161,'API','919029634011','917304609236','{\"msg\":\"success\",\"status\":\"success\",\"status_code\":\"200\",\"data\":\"{\\\"response\\\":{\\\"phone\\\":\\\"919029634011\\\",\\\"details\\\":\\\"\\\",\\\"id\\\":\\\"5437054209633165423-70fd22f300074cc192a9a460fc9505c4\\\",\\\"status\\\":\\\"success\\\"}}\"}','2025-05-19 18:19:57','2025-05-19 18:19:57'),
(570283,38,44,'chat_log',163,'API','919029634011','917304609236','{\"msg\":\"success\",\"status\":\"success\",\"status_code\":\"200\",\"data\":\"{\\\"response\\\":{\\\"phone\\\":\\\"919029634011\\\",\\\"details\\\":\\\"\\\",\\\"id\\\":\\\"5437054786169876563-58d56a9249924674939cf5ee96031174\\\",\\\"status\\\":\\\"success\\\"}}\"}','2025-05-19 18:21:06','2025-05-19 18:21:06'),
(570284,38,44,'chat_log',164,'API','919029634011','917304609236','{\"msg\":\" 5437054812023816238-24a4350d4fbc41a3b2b737cb762eabda\\n\",\"status\":\"success \",\"status_code\":\" 919029634011 \",\"data\":\"success | 919029634011 | 5437054812023816238-24a4350d4fbc41a3b2b737cb762eabda\\n\"}','2025-05-19 18:21:09','2025-05-19 18:21:09'),
(570285,38,44,'chat_log',166,'API','919029634011','917304609236','{\"msg\":\"success\",\"status\":\"success\",\"status_code\":\"200\",\"data\":\"{\\\"response\\\":{\\\"phone\\\":\\\"919029634011\\\",\\\"details\\\":\\\"\\\",\\\"id\\\":\\\"5437058717908041842-f3a6e528fccf44169a7c30bd1b773a0b\\\",\\\"status\\\":\\\"success\\\"}}\"}','2025-05-19 18:28:55','2025-05-19 18:28:55'),
(570286,38,44,'chat_log',167,'API','919029634011','917304609236','{\"msg\":\" 5437058745032487010-05fb27b973f2473bbdc14af90bbeda57\\n\",\"status\":\"success \",\"status_code\":\" 919029634011 \",\"data\":\"success | 919029634011 | 5437058745032487010-05fb27b973f2473bbdc14af90bbeda57\\n\"}','2025-05-19 18:28:58','2025-05-19 18:28:58'),
(570287,38,44,'chat_log',169,'API','919029634011','917304609236','{\"msg\":\"success\",\"status\":\"success\",\"status_code\":\"200\",\"data\":\"{\\\"response\\\":{\\\"phone\\\":\\\"919029634011\\\",\\\"details\\\":\\\"\\\",\\\"id\\\":\\\"5437061865831149646-1be7436d55ec44e2a4dcad5a44fe1fdd\\\",\\\"status\\\":\\\"success\\\"}}\"}','2025-05-19 18:35:10','2025-05-19 18:35:10'),
(570288,38,44,'chat_log',170,'API','919029634011','917304609236','{\"msg\":\" 5437061888808779995-48f81c3ece884044a54bdaaf00d08db6\\n\",\"status\":\"success \",\"status_code\":\" 919029634011 \",\"data\":\"success | 919029634011 | 5437061888808779995-48f81c3ece884044a54bdaaf00d08db6\\n\"}','2025-05-19 18:35:13','2025-05-19 18:35:13'),
(570289,38,44,'chat_log',172,'API','919029634011','917304609236','{\"msg\":\"success\",\"status\":\"success\",\"status_code\":\"200\",\"data\":\"{\\\"response\\\":{\\\"phone\\\":\\\"919029634011\\\",\\\"details\\\":\\\"\\\",\\\"id\\\":\\\"5437066815920451695-c135c69a824249b185bf6ee85a666cb7\\\",\\\"status\\\":\\\"success\\\"}}\"}','2025-05-19 18:45:00','2025-05-19 18:45:00'),
(570290,38,44,'chat_log',173,'API','919029634011','917304609236','{\"msg\":\" 5437066844286918829-d8d494c600304c9f929433c4e7475cbf\\n\",\"status\":\"success \",\"status_code\":\" 919029634011 \",\"data\":\"success | 919029634011 | 5437066844286918829-d8d494c600304c9f929433c4e7475cbf\\n\"}','2025-05-19 18:45:03','2025-05-19 18:45:03'),
(570291,38,44,'chat_log',175,'API','919029634011','917304609236','{\"msg\":\"success\",\"status\":\"success\",\"status_code\":\"200\",\"data\":\"{\\\"response\\\":{\\\"phone\\\":\\\"919029634011\\\",\\\"details\\\":\\\"\\\",\\\"id\\\":\\\"5437067973079216347-ece47cb282154094b28770ecbe1531e0\\\",\\\"status\\\":\\\"success\\\"}}\"}','2025-05-19 18:47:18','2025-05-19 18:47:18'),
(570292,38,44,'chat_log',176,'API','919029634011','917304609236','{\"msg\":\" 5437067998315180146-a9b9139a70774b21a49c38e1f75e8df0\\n\",\"status\":\"success \",\"status_code\":\" 919029634011 \",\"data\":\"success | 919029634011 | 5437067998315180146-a9b9139a70774b21a49c38e1f75e8df0\\n\"}','2025-05-19 18:47:22','2025-05-19 18:47:22'),
(570293,38,44,'chat_log',178,'API','919029634011','917304609236','{\"msg\":\"success\",\"status\":\"success\",\"status_code\":\"200\",\"data\":\"{\\\"response\\\":{\\\"phone\\\":\\\"919029634011\\\",\\\"details\\\":\\\"\\\",\\\"id\\\":\\\"5437072175539540066-05c7af7b374e4c66a095cf47624fd041\\\",\\\"status\\\":\\\"success\\\"}}\"}','2025-05-19 18:55:39','2025-05-19 18:55:39'),
(570294,38,44,'chat_log',179,'API','919029634011','917304609236','{\"msg\":\" 5437072199563116763-d57f7ef7471a4c29a94ee8d77a8c2cdc\\n\",\"status\":\"success \",\"status_code\":\" 919029634011 \",\"data\":\"success | 919029634011 | 5437072199563116763-d57f7ef7471a4c29a94ee8d77a8c2cdc\\n\"}','2025-05-19 18:55:42','2025-05-19 18:55:42'),
(570295,38,44,'chat_log',181,'API','919029634011','917304609236','{\"msg\":\"success\",\"status\":\"success\",\"status_code\":\"200\",\"data\":\"{\\\"response\\\":{\\\"phone\\\":\\\"919029634011\\\",\\\"details\\\":\\\"\\\",\\\"id\\\":\\\"5437601339891515565-acb5c93854324014b15142c85cd94261\\\",\\\"status\\\":\\\"success\\\"}}\"}','2025-05-20 12:27:01','2025-05-20 12:27:01'),
(570296,38,44,'chat_log',183,'API','919029634011','917304609236','{\"msg\":\" 5437601355305238555-5873ac4850ad4440875283260afed44a\\n\",\"status\":\"success \",\"status_code\":\" 919029634011 \",\"data\":\"success | 919029634011 | 5437601355305238555-5873ac4850ad4440875283260afed44a\\n\"}','2025-05-20 12:27:02','2025-05-20 12:27:02'),
(570297,38,44,'chat_log',185,'API','919029634011','917304609236','{\"msg\":\" 5437601478746816595-bbadbe00a1264201ba6cca458ac7e473\\n\",\"status\":\"success \",\"status_code\":\" 919029634011 \",\"data\":\"success | 919029634011 | 5437601478746816595-bbadbe00a1264201ba6cca458ac7e473\\n\"}','2025-05-20 12:27:17','2025-05-20 12:27:17'),
(570298,38,44,'chat_log',187,'API','919029634011','917304609236','{\"msg\":\"success\",\"status\":\"success\",\"status_code\":\"200\",\"data\":\"{\\\"response\\\":{\\\"phone\\\":\\\"919029634011\\\",\\\"details\\\":\\\"\\\",\\\"id\\\":\\\"5437601554132828307-2f8a00d20f414155996d1aef1b797f81\\\",\\\"status\\\":\\\"success\\\"}}\"}','2025-05-20 12:27:26','2025-05-20 12:27:26'),
(570299,38,44,'chat_log',189,'API','919029634011','917304609236','{\"msg\":\"success\",\"status\":\"success\",\"status_code\":\"200\",\"data\":\"{\\\"response\\\":{\\\"phone\\\":\\\"919029634011\\\",\\\"details\\\":\\\"\\\",\\\"id\\\":\\\"5437684656992567342-6b635ccd4adb40eea9c2268e47251f52\\\",\\\"status\\\":\\\"success\\\"}}\"}','2025-05-20 15:12:32','2025-05-20 15:12:32'),
(570300,38,44,'chat_log',190,'API','919029634011','917304609236','{\"msg\":\"success\",\"status\":\"success\",\"status_code\":\"200\",\"data\":\"{\\\"response\\\":{\\\"phone\\\":\\\"919029634011\\\",\\\"details\\\":\\\"\\\",\\\"id\\\":\\\"5437686503930294450-24a579ec4c0643c9902e12a015ff824d\\\",\\\"status\\\":\\\"success\\\"}}\"}','2025-05-20 15:16:12','2025-05-20 15:16:12'),
(570301,38,44,'chat_log',192,'API','919029634011','917304609236','{\"msg\":\"success\",\"status\":\"success\",\"status_code\":\"200\",\"data\":\"{\\\"response\\\":{\\\"phone\\\":\\\"919029634011\\\",\\\"details\\\":\\\"\\\",\\\"id\\\":\\\"5437686640364748857-592b963fe80b4dee838e3c0817fa15b5\\\",\\\"status\\\":\\\"success\\\"}}\"}','2025-05-20 15:16:29','2025-05-20 15:16:29'),
(570302,38,44,'chat_log',193,'API','919029634011','917304609236','{\"msg\":\" 5437686666049646811-ec6a258f219249639c7d5e0a3e076545\\n\",\"status\":\"success \",\"status_code\":\" 919029634011 \",\"data\":\"success | 919029634011 | 5437686666049646811-ec6a258f219249639c7d5e0a3e076545\\n\"}','2025-05-20 15:16:32','2025-05-20 15:16:32'),
(570303,38,44,'chat_log',195,'API','919137691294','917304609236','{\"msg\":\" 5437690130921168974-602bce440d9742da8e6b43d777bcef3a\\n\",\"status\":\"success \",\"status_code\":\" 919137691294 \",\"data\":\"success | 919137691294 | 5437690130921168974-602bce440d9742da8e6b43d777bcef3a\\n\"}','2025-05-20 15:23:26','2025-05-20 15:23:26'),
(570304,38,44,'chat_log',197,'API','919137691294','917304609236','{\"msg\":\" 5437690353136250937-f018c42561324694836b910a642f3759\\n\",\"status\":\"success \",\"status_code\":\" 919137691294 \",\"data\":\"success | 919137691294 | 5437690353136250937-f018c42561324694836b910a642f3759\\n\"}','2025-05-20 15:23:51','2025-05-20 15:23:51'),
(570305,38,44,'chat_log',199,'API','919137691294','917304609236','{\"msg\":\"success\",\"status\":\"success\",\"status_code\":\"200\",\"data\":\"{\\\"response\\\":{\\\"phone\\\":\\\"919137691294\\\",\\\"details\\\":\\\"\\\",\\\"id\\\":\\\"5437690468190376063-151d9a41d868458084cdd5be4e96db15\\\",\\\"status\\\":\\\"success\\\"}}\"}','2025-05-20 15:24:05','2025-05-20 15:24:05'),
(570306,38,44,'chat_log',200,'API','919137691294','917304609236','{\"msg\":\"success\",\"status\":\"success\",\"status_code\":\"200\",\"data\":\"{\\\"response\\\":{\\\"phone\\\":\\\"919137691294\\\",\\\"details\\\":\\\"\\\",\\\"id\\\":\\\"5437693560101757075-2fe6ddf78cca4a388efcede48377dcae\\\",\\\"status\\\":\\\"success\\\"}}\"}','2025-05-20 15:30:14','2025-05-20 15:30:14'),
(570307,38,44,'chat_log',201,'API','919029634011','917304609236','{\"msg\":\"success\",\"status\":\"success\",\"status_code\":\"200\",\"data\":\"{\\\"response\\\":{\\\"phone\\\":\\\"919029634011\\\",\\\"details\\\":\\\"\\\",\\\"id\\\":\\\"5437693774227644594-59d11ab82e894497a11bfb75cc8f9b14\\\",\\\"status\\\":\\\"success\\\"}}\"}','2025-05-20 15:30:39','2025-05-20 15:30:39'),
(570308,38,44,'chat_log',203,'API','919137691294','917304609236','{\"msg\":\"success\",\"status\":\"success\",\"status_code\":\"200\",\"data\":\"{\\\"response\\\":{\\\"phone\\\":\\\"919137691294\\\",\\\"details\\\":\\\"\\\",\\\"id\\\":\\\"5437697061232083056-f823d1e988f84ba1b9d87bb174d3f773\\\",\\\"status\\\":\\\"success\\\"}}\"}','2025-05-20 15:37:11','2025-05-20 15:37:11'),
(570309,38,44,'chat_log',204,'API','919137691294','917304609236','{\"msg\":\"success\",\"status\":\"success\",\"status_code\":\"200\",\"data\":\"{\\\"response\\\":{\\\"phone\\\":\\\"919137691294\\\",\\\"details\\\":\\\"\\\",\\\"id\\\":\\\"5437702168061313108-395c540f0f234becb5775f033df91182\\\",\\\"status\\\":\\\"success\\\"}}\"}','2025-05-20 15:47:20','2025-05-20 15:47:20'),
(570310,38,44,'chat_log',206,'API','919137691294','917304609236','{\"msg\":\"success\",\"status\":\"success\",\"status_code\":\"200\",\"data\":\"{\\\"response\\\":{\\\"phone\\\":\\\"919137691294\\\",\\\"details\\\":\\\"\\\",\\\"id\\\":\\\"5437702258101944418-e38156827e204e8689c1a14933060e58\\\",\\\"status\\\":\\\"success\\\"}}\"}','2025-05-20 15:47:31','2025-05-20 15:47:31'),
(570311,38,44,'chat_log',207,'API','919137691294','917304609236','{\"msg\":\" 5437702281890361390-02d1006f322445a7b5b97a31eb3ed10b\\n\",\"status\":\"success \",\"status_code\":\" 919137691294 \",\"data\":\"success | 919137691294 | 5437702281890361390-02d1006f322445a7b5b97a31eb3ed10b\\n\"}','2025-05-20 15:47:34','2025-05-20 15:47:34'),
(570312,38,44,'chat_log',209,'API','919137691294','917304609236','{\"msg\":\"success\",\"status\":\"success\",\"status_code\":\"200\",\"data\":\"{\\\"response\\\":{\\\"phone\\\":\\\"919137691294\\\",\\\"details\\\":\\\"\\\",\\\"id\\\":\\\"5437702356193288319-0af42aa335ca40d3a0316c8325e4faa9\\\",\\\"status\\\":\\\"success\\\"}}\"}','2025-05-20 15:47:43','2025-05-20 15:47:43'),
(570313,38,44,'chat_log',211,'API','919137691294','917304609236','{\"msg\":\" 5437702371256361043-bf7cc6195c6744198aa52f0d756f872d\\n\",\"status\":\"success \",\"status_code\":\" 919137691294 \",\"data\":\"success | 919137691294 | 5437702371256361043-bf7cc6195c6744198aa52f0d756f872d\\n\"}','2025-05-20 15:47:44','2025-05-20 15:47:44'),
(570314,38,44,'chat_log',213,'API','919137691294','917304609236','{\"msg\":\" 5437702428768026738-2f15ca0f449e4b149efe1019f69a599e\\n\",\"status\":\"success \",\"status_code\":\" 919137691294 \",\"data\":\"success | 919137691294 | 5437702428768026738-2f15ca0f449e4b149efe1019f69a599e\\n\"}','2025-05-20 15:47:51','2025-05-20 15:47:51'),
(570315,38,44,'chat_log',215,'API','919137691294','917304609236','{\"msg\":\"success\",\"status\":\"success\",\"status_code\":\"200\",\"data\":\"{\\\"response\\\":{\\\"phone\\\":\\\"919137691294\\\",\\\"details\\\":\\\"\\\",\\\"id\\\":\\\"5437702515450486957-c5a88d3deab540e78c7696ebef417451\\\",\\\"status\\\":\\\"success\\\"}}\"}','2025-05-20 15:48:02','2025-05-20 15:48:02'),
(570316,38,44,'chat_log',216,'API','919137691294','917304609236','{\"msg\":\"success\",\"status\":\"success\",\"status_code\":\"200\",\"data\":\"{\\\"response\\\":{\\\"phone\\\":\\\"919137691294\\\",\\\"details\\\":\\\"\\\",\\\"id\\\":\\\"5437718456958312562-540db983a08644ca8e238ef83e067549\\\",\\\"status\\\":\\\"success\\\"}}\"}','2025-05-20 16:19:42','2025-05-20 16:19:42'),
(570317,38,44,'chat_log',218,'API','919137691294','917304609236','{\"msg\":\"success\",\"status\":\"success\",\"status_code\":\"200\",\"data\":\"{\\\"response\\\":{\\\"phone\\\":\\\"919137691294\\\",\\\"details\\\":\\\"\\\",\\\"id\\\":\\\"5437720413591109746-3fa32590cbcf4fbb965c29d63c1772da\\\",\\\"status\\\":\\\"success\\\"}}\"}','2025-05-20 16:23:35','2025-05-20 16:23:35'),
(570318,38,44,'chat_log',219,'API','919137691294','917304609236','{\"msg\":\" 5437720441436422228-90a2b9413cc64452add8ad7f2e1e6189\\n\",\"status\":\"success \",\"status_code\":\" 919137691294 \",\"data\":\"success | 919137691294 | 5437720441436422228-90a2b9413cc64452add8ad7f2e1e6189\\n\"}','2025-05-20 16:23:38','2025-05-20 16:23:38'),
(570319,38,44,'chat_log',221,'API','919137691294','917304609236','{\"msg\":\"success\",\"status\":\"success\",\"status_code\":\"200\",\"data\":\"{\\\"response\\\":{\\\"phone\\\":\\\"919137691294\\\",\\\"details\\\":\\\"\\\",\\\"id\\\":\\\"5437720541584617645-c336b697187647b6b75b893ca6f05aed\\\",\\\"status\\\":\\\"success\\\"}}\"}','2025-05-20 16:23:51','2025-05-20 16:23:51'),
(570320,38,44,'chat_log',223,'API','919029634011','917304609236','{\"msg\":\"success\",\"status\":\"success\",\"status_code\":\"200\",\"data\":\"{\\\"response\\\":{\\\"phone\\\":\\\"919029634011\\\",\\\"details\\\":\\\"\\\",\\\"id\\\":\\\"5438307750627848275-cabe15eeefc449d98e2dc82086adb0d9\\\",\\\"status\\\":\\\"success\\\"}}\"}','2025-05-21 11:50:32','2025-05-21 11:50:32'),
(570321,38,44,'chat_log',225,'API','919029634011','917304609236','{\"msg\":\" 5438307816403673134-615e52e30af14aa6a657a249eda0186e\\n\",\"status\":\"success \",\"status_code\":\" 919029634011 \",\"data\":\"success | 919029634011 | 5438307816403673134-615e52e30af14aa6a657a249eda0186e\\n\"}','2025-05-21 11:50:39','2025-05-21 11:50:39'),
(570322,38,44,'chat_log',227,'API','919029634011','917304609236','{\"msg\":\" 5438308379733454926-8510c5f887294493b068a2ea43eddec0\\n\",\"status\":\"success \",\"status_code\":\" 919029634011 \",\"data\":\"success | 919029634011 | 5438308379733454926-8510c5f887294493b068a2ea43eddec0\\n\"}','2025-05-21 11:51:46','2025-05-21 11:51:46'),
(570323,38,44,'chat_log',229,'API','919029634011','917304609236','{\"msg\":\"success\",\"status\":\"success\",\"status_code\":\"200\",\"data\":\"{\\\"response\\\":{\\\"phone\\\":\\\"919029634011\\\",\\\"details\\\":\\\"\\\",\\\"id\\\":\\\"5438308529475506349-740aca25c44e4316bac26e3aa848a030\\\",\\\"status\\\":\\\"success\\\"}}\"}','2025-05-21 11:52:04','2025-05-21 11:52:04'),
(570324,38,44,'chat_log',231,'API','919029634011','917304609236','{\"msg\":\"success\",\"status\":\"success\",\"status_code\":\"200\",\"data\":\"{\\\"response\\\":{\\\"phone\\\":\\\"919029634011\\\",\\\"details\\\":\\\"\\\",\\\"id\\\":\\\"5438315506112888889-0c25b6bfaaea4bbd8e99e54d25cdd489\\\",\\\"status\\\":\\\"success\\\"}}\"}','2025-05-21 12:05:55','2025-05-21 12:05:55'),
(570325,38,44,'chat_log',233,'API','919029634011','917304609236','{\"msg\":\"success\",\"status\":\"success\",\"status_code\":\"200\",\"data\":\"{\\\"response\\\":{\\\"phone\\\":\\\"919029634011\\\",\\\"details\\\":\\\"\\\",\\\"id\\\":\\\"5438315564453523513-4688cd410fa54f82922facbce217408a\\\",\\\"status\\\":\\\"success\\\"}}\"}','2025-05-21 12:06:03','2025-05-21 12:06:03'),
(570326,38,44,'chat_log',235,'API','919029634011','917304609236','{\"msg\":\"success\",\"status\":\"success\",\"status_code\":\"200\",\"data\":\"{\\\"response\\\":{\\\"phone\\\":\\\"919029634011\\\",\\\"details\\\":\\\"\\\",\\\"id\\\":\\\"5438315761351483570-e838f59546cc4d63ac88ebd0c1341e58\\\",\\\"status\\\":\\\"success\\\"}}\"}','2025-05-21 12:06:26','2025-05-21 12:06:26'),
(570327,38,44,'chat_log',237,'API','919029634011','917304609236','{\"msg\":\" 5438315789314240569-4377005a911f4745be220b5369000288\\n\",\"status\":\"success \",\"status_code\":\" 919029634011 \",\"data\":\"success | 919029634011 | 5438315789314240569-4377005a911f4745be220b5369000288\\n\"}','2025-05-21 12:06:29','2025-05-21 12:06:29'),
(570328,38,44,'chat_log',239,'API','919029634011','917304609236','{\"msg\":\" 5438317038726893595-32539cd3a88d4a95866862426f47f417\\n\",\"status\":\"success \",\"status_code\":\" 919029634011 \",\"data\":\"success | 919029634011 | 5438317038726893595-32539cd3a88d4a95866862426f47f417\\n\"}','2025-05-21 12:08:58','2025-05-21 12:08:58'),
(570329,38,44,'chat_log',241,'API','919029634011','917304609236','{\"msg\":\"success\",\"status\":\"success\",\"status_code\":\"200\",\"data\":\"{\\\"response\\\":{\\\"phone\\\":\\\"919029634011\\\",\\\"details\\\":\\\"\\\",\\\"id\\\":\\\"5438317096525815865-eaa7654e92144b38b9628f7b5bb10717\\\",\\\"status\\\":\\\"success\\\"}}\"}','2025-05-21 12:09:05','2025-05-21 12:09:05'),
(570330,38,44,'chat_log',243,'API','919029634011','917304609236','{\"msg\":\" 5438317138781798578-d15c2fb7f9b94c2db8eb950e2d0c4885\\n\",\"status\":\"success \",\"status_code\":\" 919029634011 \",\"data\":\"success | 919029634011 | 5438317138781798578-d15c2fb7f9b94c2db8eb950e2d0c4885\\n\"}','2025-05-21 12:09:10','2025-05-21 12:09:10'),
(570331,38,44,'chat_log',244,'API','919029634011','917304609236','{\"msg\":\" 5438317163564732499-fc7623ecd3604fabaf89dbba3de9b36b\\n\",\"status\":\"success \",\"status_code\":\" 919029634011 \",\"data\":\"success | 919029634011 | 5438317163564732499-fc7623ecd3604fabaf89dbba3de9b36b\\n\"}','2025-05-21 12:09:13','2025-05-21 12:09:13'),
(570332,38,44,'chat_log',246,'API','919029634011','917304609236','{\"msg\":\" 5438318258970935379-6c889c5c95724db4bab5eb3b7f92f751\\n\",\"status\":\"success \",\"status_code\":\" 919029634011 \",\"data\":\"success | 919029634011 | 5438318258970935379-6c889c5c95724db4bab5eb3b7f92f751\\n\"}','2025-05-21 12:11:24','2025-05-21 12:11:24'),
(570333,38,44,'chat_log',247,'API','919029634011','917304609236','{\"msg\":\"success\",\"status\":\"success\",\"status_code\":\"200\",\"data\":\"{\\\"response\\\":{\\\"phone\\\":\\\"919029634011\\\",\\\"details\\\":\\\"\\\",\\\"id\\\":\\\"5438321610830090354-12b8b25a299549a8a15bc52a4bee2069\\\",\\\"status\\\":\\\"success\\\"}}\"}','2025-05-21 12:18:03','2025-05-21 12:18:03'),
(570334,38,44,'chat_log',248,'API','919029634011','917304609236','{\"msg\":\"success\",\"status\":\"success\",\"status_code\":\"200\",\"data\":\"{\\\"response\\\":{\\\"phone\\\":\\\"919029634011\\\",\\\"details\\\":\\\"\\\",\\\"id\\\":\\\"5438322098366431259-94d55d013a554487b0a55824225ad49d\\\",\\\"status\\\":\\\"success\\\"}}\"}','2025-05-21 12:19:01','2025-05-21 12:19:01'),
(570335,38,44,'chat_log',249,'API','919029634011','917304609236','{\"msg\":\"success\",\"status\":\"success\",\"status_code\":\"200\",\"data\":\"{\\\"response\\\":{\\\"phone\\\":\\\"919029634011\\\",\\\"details\\\":\\\"\\\",\\\"id\\\":\\\"5438322198488252635-0f4e779185a14d2f85ea3195bc065b49\\\",\\\"status\\\":\\\"success\\\"}}\"}','2025-05-21 12:19:13','2025-05-21 12:19:13'),
(570336,38,44,'chat_log',250,'API','919029634011','917304609236','{\"msg\":\"success\",\"status\":\"success\",\"status_code\":\"200\",\"data\":\"{\\\"response\\\":{\\\"phone\\\":\\\"919029634011\\\",\\\"details\\\":\\\"\\\",\\\"id\\\":\\\"5438322302021746866-0e5f58dee27a4f93856e0276a92e6fc9\\\",\\\"status\\\":\\\"success\\\"}}\"}','2025-05-21 12:19:25','2025-05-21 12:19:25'),
(570337,38,44,'chat_log',252,'API','919029634011','917304609236','{\"msg\":\"success\",\"status\":\"success\",\"status_code\":\"200\",\"data\":\"{\\\"response\\\":{\\\"phone\\\":\\\"919029634011\\\",\\\"details\\\":\\\"\\\",\\\"id\\\":\\\"5438327523976695891-51e9acbcf3fb4f5b9e6ed8c872462107\\\",\\\"status\\\":\\\"success\\\"}}\"}','2025-05-21 12:29:48','2025-05-21 12:29:48'),
(570338,38,44,'chat_log',253,'API','919029634011','917304609236','{\"msg\":\" 5438327549067055202-84a1ae55b18c43d2a41bb0484cef7d23\\n\",\"status\":\"success \",\"status_code\":\" 919029634011 \",\"data\":\"success | 919029634011 | 5438327549067055202-84a1ae55b18c43d2a41bb0484cef7d23\\n\"}','2025-05-21 12:29:51','2025-05-21 12:29:51'),
(570339,38,44,'chat_log',255,'API','919137691294','917304609236','{\"msg\":\" 5438335738472697940-dbeff37f6bd8439cb905448bac8fdc06\\n\",\"status\":\"success \",\"status_code\":\" 919137691294 \",\"data\":\"success | 919137691294 | 5438335738472697940-dbeff37f6bd8439cb905448bac8fdc06\\n\"}','2025-05-21 12:46:07','2025-05-21 12:46:07'),
(570340,38,44,'chat_log',257,'API','919137691294','917304609236','{\"msg\":\" 5438335855011659995-7438f28f742846dfb93f6937264a7bae\\n\",\"status\":\"success \",\"status_code\":\" 919137691294 \",\"data\":\"success | 919137691294 | 5438335855011659995-7438f28f742846dfb93f6937264a7bae\\n\"}','2025-05-21 12:46:21','2025-05-21 12:46:21'),
(570341,38,44,'chat_log',259,'API','919137691294','917304609236','{\"msg\":\"success\",\"status\":\"success\",\"status_code\":\"200\",\"data\":\"{\\\"response\\\":{\\\"phone\\\":\\\"919137691294\\\",\\\"details\\\":\\\"\\\",\\\"id\\\":\\\"5438335928302182483-6cc5ca6c47234da9b4a1c6e621f82189\\\",\\\"status\\\":\\\"success\\\"}}\"}','2025-05-21 12:46:30','2025-05-21 12:46:30'),
(570342,38,44,'chat_log',261,'API','919029634011','917304609236','{\"msg\":\"success\",\"status\":\"success\",\"status_code\":\"200\",\"data\":\"{\\\"response\\\":{\\\"phone\\\":\\\"919029634011\\\",\\\"details\\\":\\\"\\\",\\\"id\\\":\\\"5438337974909096155-92d55016017543a6bdda5bd6d9bfc01a\\\",\\\"status\\\":\\\"success\\\"}}\"}','2025-05-21 12:50:34','2025-05-21 12:50:34'),
(570343,38,44,'chat_log',263,'API','919029634011','917304609236','{\"msg\":\" 5438338045451731056-1bcd3baddf344b59b8574298187078b2\\n\",\"status\":\"success \",\"status_code\":\" 919029634011 \",\"data\":\"success | 919029634011 | 5438338045451731056-1bcd3baddf344b59b8574298187078b2\\n\"}','2025-05-21 12:50:42','2025-05-21 12:50:42'),
(570344,38,44,'chat_log',265,'API','919029634011','917304609236','{\"msg\":\" 5438338340526555283-8fa562fdd232417cb0205d17a58c8e0b\\n\",\"status\":\"success \",\"status_code\":\" 919029634011 \",\"data\":\"success | 919029634011 | 5438338340526555283-8fa562fdd232417cb0205d17a58c8e0b\\n\"}','2025-05-21 12:51:18','2025-05-21 12:51:18'),
(570345,38,44,'chat_log',267,'API','919029634011','917304609236','{\"msg\":\"success\",\"status\":\"success\",\"status_code\":\"200\",\"data\":\"{\\\"response\\\":{\\\"phone\\\":\\\"919029634011\\\",\\\"details\\\":\\\"\\\",\\\"id\\\":\\\"5438339375636287515-318d15546507414186ed9855dab110aa\\\",\\\"status\\\":\\\"success\\\"}}\"}','2025-05-21 12:53:21','2025-05-21 12:53:21'),
(570346,38,44,'chat_log',2,'API','919029634011','917304609236','{\"msg\":\"success\",\"status\":\"success\",\"status_code\":\"200\",\"data\":\"{\\\"response\\\":{\\\"phone\\\":\\\"919029634011\\\",\\\"details\\\":\\\"\\\",\\\"id\\\":\\\"5438343293912121458-91f55c44f8894b999b452fcbd4ea7116\\\",\\\"status\\\":\\\"success\\\"}}\"}','2025-05-21 13:01:08','2025-05-21 13:01:08'),
(570347,38,44,'chat_log',3,'API','919029634011','917304609236','{\"msg\":\" 5438343320710803534-d065e0144a94482cbf6ef42462843321\\n\",\"status\":\"success \",\"status_code\":\" 919029634011 \",\"data\":\"success | 919029634011 | 5438343320710803534-d065e0144a94482cbf6ef42462843321\\n\"}','2025-05-21 13:01:11','2025-05-21 13:01:11'),
(570348,38,44,'chat_log',5,'API','919029634011','917304609236','{\"msg\":\"success\",\"status\":\"success\",\"status_code\":\"200\",\"data\":\"{\\\"response\\\":{\\\"phone\\\":\\\"919029634011\\\",\\\"details\\\":\\\"\\\",\\\"id\\\":\\\"5438343424218882131-18e176d78975462fbc14ef030e22d49a\\\",\\\"status\\\":\\\"success\\\"}}\"}','2025-05-21 13:01:23','2025-05-21 13:01:23'),
(570349,38,44,'chat_log',2,'API','919029634011','917304609236','{\"msg\":\" 5438344060561604654-72163297ce7c437ba2d48d4370bf2e16\\n\",\"status\":\"success \",\"status_code\":\" 919029634011 \",\"data\":\"success | 919029634011 | 5438344060561604654-72163297ce7c437ba2d48d4370bf2e16\\n\"}','2025-05-21 13:02:40','2025-05-21 13:02:40'),
(570350,38,44,'chat_log',4,'API','919029634011','917304609236','{\"msg\":\" 5438344266879811682-5db7e97b2672453eb511996f4fceb0f7\\n\",\"status\":\"success \",\"status_code\":\" 919029634011 \",\"data\":\"success | 919029634011 | 5438344266879811682-5db7e97b2672453eb511996f4fceb0f7\\n\"}','2025-05-21 13:03:04','2025-05-21 13:03:04'),
(570351,38,44,'chat_log',6,'API','919029634011','917304609236','{\"msg\":\"success\",\"status\":\"success\",\"status_code\":\"200\",\"data\":\"{\\\"response\\\":{\\\"phone\\\":\\\"919029634011\\\",\\\"details\\\":\\\"\\\",\\\"id\\\":\\\"5438344713717309551-84873747f37242c4a8d57c86270327cf\\\",\\\"status\\\":\\\"success\\\"}}\"}','2025-05-21 13:03:57','2025-05-21 13:03:57'),
(570352,38,44,'chat_log',8,'API','919029634011','917304609236','{\"msg\":\"success\",\"status\":\"success\",\"status_code\":\"200\",\"data\":\"{\\\"response\\\":{\\\"phone\\\":\\\"919029634011\\\",\\\"details\\\":\\\"\\\",\\\"id\\\":\\\"5438352674598375470-449f63bac3f240a0bce772b2d8f18a02\\\",\\\"status\\\":\\\"success\\\"}}\"}','2025-05-21 13:19:46','2025-05-21 13:19:46'),
(570353,38,44,'chat_log',10,'API','919029634011','917304609236','{\"msg\":\" 5438352780502343707-8d6fdd7da9364e5094ca5272c7d4787a\\n\",\"status\":\"success \",\"status_code\":\" 919029634011 \",\"data\":\"success | 919029634011 | 5438352780502343707-8d6fdd7da9364e5094ca5272c7d4787a\\n\"}','2025-05-21 13:19:59','2025-05-21 13:19:59'),
(570354,38,44,'chat_log',12,'API','919029634011','917304609236','{\"msg\":\" 5438352858962157614-2d320779dc79479e8643ac87a3790d9a\\n\",\"status\":\"success \",\"status_code\":\" 919029634011 \",\"data\":\"success | 919029634011 | 5438352858962157614-2d320779dc79479e8643ac87a3790d9a\\n\"}','2025-05-21 13:20:08','2025-05-21 13:20:08'),
(570355,38,44,'chat_log',14,'API','919029634011','917304609236','{\"msg\":\"success\",\"status\":\"success\",\"status_code\":\"200\",\"data\":\"{\\\"response\\\":{\\\"phone\\\":\\\"919029634011\\\",\\\"details\\\":\\\"\\\",\\\"id\\\":\\\"5438354035547979859-46d57162763747ba95ec12a67900f504\\\",\\\"status\\\":\\\"success\\\"}}\"}','2025-05-21 13:22:29','2025-05-21 13:22:29'),
(570356,38,44,'chat_log',16,'API','919029634011','917304609236','{\"msg\":\"success\",\"status\":\"success\",\"status_code\":\"200\",\"data\":\"{\\\"response\\\":{\\\"phone\\\":\\\"919029634011\\\",\\\"details\\\":\\\"\\\",\\\"id\\\":\\\"5438357089556090958-396ae7e98b0a4d1892e90c293dff6bd3\\\",\\\"status\\\":\\\"success\\\"}}\"}','2025-05-21 13:28:33','2025-05-21 13:28:33'),
(570357,38,44,'chat_log',18,'API','919029634011','917304609236','{\"msg\":\" 5438357143434616930-b9750867e67347aea6120f562e6cc94e\\n\",\"status\":\"success \",\"status_code\":\" 919029634011 \",\"data\":\"success | 919029634011 | 5438357143434616930-b9750867e67347aea6120f562e6cc94e\\n\"}','2025-05-21 13:28:39','2025-05-21 13:28:39'),
(570358,38,44,'chat_log',20,'API','919029634011','917304609236','{\"msg\":\" 5438358010874118317-55ccb96933cd497ea7ed81948f92c9aa\\n\",\"status\":\"success \",\"status_code\":\" 919029634011 \",\"data\":\"success | 919029634011 | 5438358010874118317-55ccb96933cd497ea7ed81948f92c9aa\\n\"}','2025-05-21 13:30:23','2025-05-21 13:30:23'),
(570359,38,44,'chat_log',22,'API','919029634011','917304609236','{\"msg\":\"success\",\"status\":\"success\",\"status_code\":\"200\",\"data\":\"{\\\"response\\\":{\\\"phone\\\":\\\"919029634011\\\",\\\"details\\\":\\\"\\\",\\\"id\\\":\\\"5438358257935679571-5cd85dc742d141b1ae3139e8348bf5d4\\\",\\\"status\\\":\\\"success\\\"}}\"}','2025-05-21 13:30:52','2025-05-21 13:30:52'),
(570360,38,44,'chat_log',24,'API','919029634011','917304609236','{\"msg\":\"success\",\"status\":\"success\",\"status_code\":\"200\",\"data\":\"{\\\"response\\\":{\\\"phone\\\":\\\"919029634011\\\",\\\"details\\\":\\\"\\\",\\\"id\\\":\\\"5438363663131492525-b6990f2207fa4689aee43c113871cd8c\\\",\\\"status\\\":\\\"success\\\"}}\"}','2025-05-21 13:41:36','2025-05-21 13:41:36'),
(570361,38,44,'chat_log',26,'API','919029634011','917304609236','{\"msg\":\" 5438363891272347731-321d39a9bedb4c33bcff7c5ec61040af\\n\",\"status\":\"success \",\"status_code\":\" 919029634011 \",\"data\":\"success | 919029634011 | 5438363891272347731-321d39a9bedb4c33bcff7c5ec61040af\\n\"}','2025-05-21 13:42:04','2025-05-21 13:42:04'),
(570362,38,44,'chat_log',28,'API','919029634011','917304609236','{\"msg\":\" 5438364008516395035-adcabc7215b6472ca274fdce164ee6f2\\n\",\"status\":\"success \",\"status_code\":\" 919029634011 \",\"data\":\"success | 919029634011 | 5438364008516395035-adcabc7215b6472ca274fdce164ee6f2\\n\"}','2025-05-21 13:42:18','2025-05-21 13:42:18'),
(570363,38,44,'chat_log',30,'API','919029634011','917304609236','{\"msg\":\"success\",\"status\":\"success\",\"status_code\":\"200\",\"data\":\"{\\\"response\\\":{\\\"phone\\\":\\\"919029634011\\\",\\\"details\\\":\\\"\\\",\\\"id\\\":\\\"5438364078886846591-6121757b81c94208bc9f541640280ba2\\\",\\\"status\\\":\\\"success\\\"}}\"}','2025-05-21 13:42:26','2025-05-21 13:42:26'),
(570364,38,44,'chat_log',32,'API','919029634011','917304609236','{\"msg\":\"success\",\"status\":\"success\",\"status_code\":\"200\",\"data\":\"{\\\"response\\\":{\\\"phone\\\":\\\"919029634011\\\",\\\"details\\\":\\\"\\\",\\\"id\\\":\\\"5438364797641142491-0c977256abfb4703b6e2dcb4efa81cdc\\\",\\\"status\\\":\\\"success\\\"}}\"}','2025-05-21 13:43:52','2025-05-21 13:43:52'),
(570365,38,44,'chat_log',34,'API','919029634011','917304609236','{\"msg\":\" 5438364848625762350-bc1beada67794e7181982db4be42ef61\\n\",\"status\":\"success \",\"status_code\":\" 919029634011 \",\"data\":\"success | 919029634011 | 5438364848625762350-bc1beada67794e7181982db4be42ef61\\n\"}','2025-05-21 13:43:57','2025-05-21 13:43:57'),
(570366,38,44,'chat_log',36,'API','919029634011','917304609236','{\"msg\":\" 5438364919800168505-5c4e75c4dde34c1997c2c9b4db442d81\\n\",\"status\":\"success \",\"status_code\":\" 919029634011 \",\"data\":\"success | 919029634011 | 5438364919800168505-5c4e75c4dde34c1997c2c9b4db442d81\\n\"}','2025-05-21 13:44:06','2025-05-21 13:44:06'),
(570367,38,44,'chat_log',38,'API','919029634011','917304609236','{\"msg\":\"success\",\"status\":\"success\",\"status_code\":\"200\",\"data\":\"{\\\"response\\\":{\\\"phone\\\":\\\"919029634011\\\",\\\"details\\\":\\\"\\\",\\\"id\\\":\\\"5438364985436729401-2e71ab2d1e844ae89b58fdfbc0088bc0\\\",\\\"status\\\":\\\"success\\\"}}\"}','2025-05-21 13:44:14','2025-05-21 13:44:14'),
(570368,38,44,'chat_log',39,'API','919029634011','917304609236','{\"msg\":\"success\",\"status\":\"success\",\"status_code\":\"200\",\"data\":\"{\\\"response\\\":{\\\"phone\\\":\\\"919029634011\\\",\\\"details\\\":\\\"\\\",\\\"id\\\":\\\"5438365050067296283-0bd6ea0c03ee4475859deeeb3c3e8051\\\",\\\"status\\\":\\\"success\\\"}}\"}','2025-05-21 13:44:21','2025-05-21 13:44:21'),
(570369,38,44,'chat_log',41,'API','919029634011','917304609236','{\"msg\":\"success\",\"status\":\"success\",\"status_code\":\"200\",\"data\":\"{\\\"response\\\":{\\\"phone\\\":\\\"919029634011\\\",\\\"details\\\":\\\"\\\",\\\"id\\\":\\\"5438365783088402530-0c294243de014a9da64951611d53d5f8\\\",\\\"status\\\":\\\"success\\\"}}\"}','2025-05-21 13:45:49','2025-05-21 13:45:49'),
(570370,38,44,'chat_log',42,'API','919029634011','917304609236','{\"msg\":\" 5438365808394125439-c6b0c33f6aae4a9597e5cb2937807ba5\\n\",\"status\":\"success \",\"status_code\":\" 919029634011 \",\"data\":\"success | 919029634011 | 5438365808394125439-c6b0c33f6aae4a9597e5cb2937807ba5\\n\"}','2025-05-21 13:45:52','2025-05-21 13:45:52'),
(570371,38,44,'chat_log',44,'API','919029634011','917304609236','{\"msg\":\"success\",\"status\":\"success\",\"status_code\":\"200\",\"data\":\"{\\\"response\\\":{\\\"phone\\\":\\\"919029634011\\\",\\\"details\\\":\\\"\\\",\\\"id\\\":\\\"5438366710167101467-acc60771659445b3a132d4b0b81bd50c\\\",\\\"status\\\":\\\"success\\\"}}\"}','2025-05-21 13:47:39','2025-05-21 13:47:39'),
(570372,38,44,'chat_log',45,'API','919029634011','917304609236','{\"msg\":\" 5438366732075794478-3f5daacff9a24aa99b6fdd62d71e5976\\n\",\"status\":\"success \",\"status_code\":\" 919029634011 \",\"data\":\"success | 919029634011 | 5438366732075794478-3f5daacff9a24aa99b6fdd62d71e5976\\n\"}','2025-05-21 13:47:42','2025-05-21 13:47:42'),
(570373,38,44,'chat_log',47,'API','919029634011','917304609236','{\"msg\":\"success\",\"status\":\"success\",\"status_code\":\"200\",\"data\":\"{\\\"response\\\":{\\\"phone\\\":\\\"919029634011\\\",\\\"details\\\":\\\"\\\",\\\"id\\\":\\\"5438366768910475342-896171c2d8ea4629af940ca44958fa31\\\",\\\"status\\\":\\\"success\\\"}}\"}','2025-05-21 13:47:47','2025-05-21 13:47:47'),
(570374,38,44,'chat_log',48,'API','919029634011','917304609236','{\"msg\":\" 5438366794697875539-83a7828ea4544dae90db381e4a383022\\n\",\"status\":\"success \",\"status_code\":\" 919029634011 \",\"data\":\"success | 919029634011 | 5438366794697875539-83a7828ea4544dae90db381e4a383022\\n\"}','2025-05-21 13:47:49','2025-05-21 13:47:49'),
(570375,38,44,'chat_log',50,'API','919137691294','917304609236','{\"msg\":\"success\",\"status\":\"success\",\"status_code\":\"200\",\"data\":\"{\\\"response\\\":{\\\"phone\\\":\\\"919137691294\\\",\\\"details\\\":\\\"\\\",\\\"id\\\":\\\"5438398735937503315-c82ea6da0cbb43049d08204b1d202e3d\\\",\\\"status\\\":\\\"success\\\"}}\"}','2025-05-21 14:51:17','2025-05-21 14:51:17'),
(570376,38,44,'chat_log',51,'API','919137691294','917304609236','{\"msg\":\" 5438398760940281970-12eeb8280af645cc8b5d1ff458c1054d\\n\",\"status\":\"success \",\"status_code\":\" 919137691294 \",\"data\":\"success | 919137691294 | 5438398760940281970-12eeb8280af645cc8b5d1ff458c1054d\\n\"}','2025-05-21 14:51:20','2025-05-21 14:51:20'),
(570377,38,44,'chat_log',53,'API','919137691294','917304609236','{\"msg\":\"success\",\"status\":\"success\",\"status_code\":\"200\",\"data\":\"{\\\"response\\\":{\\\"phone\\\":\\\"919137691294\\\",\\\"details\\\":\\\"\\\",\\\"id\\\":\\\"5438398820959604850-913ef6e952c447c98be5147da9bef0bd\\\",\\\"status\\\":\\\"success\\\"}}\"}','2025-05-21 14:51:27','2025-05-21 14:51:27'),
(570378,38,44,'chat_log',55,'API','919137691294','917304609236','{\"msg\":\" 5438398888854188143-38455a0e5169429c943b58fc13617146\\n\",\"status\":\"success \",\"status_code\":\" 919137691294 \",\"data\":\"success | 919137691294 | 5438398888854188143-38455a0e5169429c943b58fc13617146\\n\"}','2025-05-21 14:51:36','2025-05-21 14:51:36'),
(570379,38,44,'chat_log',57,'API','919137691294','917304609236','{\"msg\":\" 5438399057564426352-d66220a31add476aa1c96b6b160fabd2\\n\",\"status\":\"success \",\"status_code\":\" 919137691294 \",\"data\":\"success | 919137691294 | 5438399057564426352-d66220a31add476aa1c96b6b160fabd2\\n\"}','2025-05-21 14:51:56','2025-05-21 14:51:56'),
(570380,38,44,'chat_log',59,'API','919137691294','917304609236','{\"msg\":\"success\",\"status\":\"success\",\"status_code\":\"200\",\"data\":\"{\\\"response\\\":{\\\"phone\\\":\\\"919137691294\\\",\\\"details\\\":\\\"\\\",\\\"id\\\":\\\"5438399128784633902-4a8ab4d9ea634e8ca072dd3a8fbc91c3\\\",\\\"status\\\":\\\"success\\\"}}\"}','2025-05-21 14:52:05','2025-05-21 14:52:05'),
(570381,38,44,'chat_log',60,'API','919137691294','917304609236','{\"msg\":\"success\",\"status\":\"success\",\"status_code\":\"200\",\"data\":\"{\\\"response\\\":{\\\"phone\\\":\\\"919137691294\\\",\\\"details\\\":\\\"\\\",\\\"id\\\":\\\"5438399630797992083-92d70300344c48c6b21e6a7427c7e8b0\\\",\\\"status\\\":\\\"success\\\"}}\"}','2025-05-21 14:53:04','2025-05-21 14:53:04'),
(570382,38,44,'chat_log',62,'API','919137691294','917304609236','{\"msg\":\"success\",\"status\":\"success\",\"status_code\":\"200\",\"data\":\"{\\\"response\\\":{\\\"phone\\\":\\\"919137691294\\\",\\\"details\\\":\\\"\\\",\\\"id\\\":\\\"5438400586241765433-108607c9cf404a9b88867cc99699feb5\\\",\\\"status\\\":\\\"success\\\"}}\"}','2025-05-21 14:54:58','2025-05-21 14:54:58'),
(570383,38,44,'chat_log',63,'API','919137691294','917304609236','{\"msg\":\" 5438400607700508783-f09128680e054f3b89b8845377b6f1e6\\n\",\"status\":\"success \",\"status_code\":\" 919137691294 \",\"data\":\"success | 919137691294 | 5438400607700508783-f09128680e054f3b89b8845377b6f1e6\\n\"}','2025-05-21 14:55:00','2025-05-21 14:55:00'),
(570384,38,44,'chat_log',65,'API','919137691294','917304609236','{\"msg\":\" 5438400682101854322-d26b4e37c5d24f1fbea9e61816b4b6fd\\n\",\"status\":\"success \",\"status_code\":\" 919137691294 \",\"data\":\"success | 919137691294 | 5438400682101854322-d26b4e37c5d24f1fbea9e61816b4b6fd\\n\"}','2025-05-21 14:55:09','2025-05-21 14:55:09'),
(570385,38,44,'chat_log',67,'API','919137691294','917304609236','{\"msg\":\"success\",\"status\":\"success\",\"status_code\":\"200\",\"data\":\"{\\\"response\\\":{\\\"phone\\\":\\\"919137691294\\\",\\\"details\\\":\\\"\\\",\\\"id\\\":\\\"5438401040087937081-8440eadf52274cf59b7dfec7b57c997a\\\",\\\"status\\\":\\\"success\\\"}}\"}','2025-05-21 14:55:52','2025-05-21 14:55:52'),
(570386,38,44,'chat_log',68,'API','919137691294','917304609236','{\"msg\":\" 5438401061792964686-aafcfe0567e840e1a7c80965fd0a18d2\\n\",\"status\":\"success \",\"status_code\":\" 919137691294 \",\"data\":\"success | 919137691294 | 5438401061792964686-aafcfe0567e840e1a7c80965fd0a18d2\\n\"}','2025-05-21 14:55:54','2025-05-21 14:55:54'),
(570387,38,44,'chat_log',70,'API','919137691294','917304609236','{\"msg\":\" 5438401139172671534-ada73e6f66a545668c76b43a9049925a\\n\",\"status\":\"success \",\"status_code\":\" 919137691294 \",\"data\":\"success | 919137691294 | 5438401139172671534-ada73e6f66a545668c76b43a9049925a\\n\"}','2025-05-21 14:56:04','2025-05-21 14:56:04'),
(570388,38,44,'chat_log',72,'API','919137691294','917304609236','{\"msg\":\" 5438401573046313017-1c303a7cbb2340c2b33c16bc7afca84d\\n\",\"status\":\"success \",\"status_code\":\" 919137691294 \",\"data\":\"success | 919137691294 | 5438401573046313017-1c303a7cbb2340c2b33c16bc7afca84d\\n\"}','2025-05-21 14:56:55','2025-05-21 14:56:55'),
(570389,38,44,'chat_log',74,'API','919137691294','917304609236','{\"msg\":\"success\",\"status\":\"success\",\"status_code\":\"200\",\"data\":\"{\\\"response\\\":{\\\"phone\\\":\\\"919137691294\\\",\\\"details\\\":\\\"\\\",\\\"id\\\":\\\"5438401724260282482-f3dc659d29f948c6b1bd5dca1a669dee\\\",\\\"status\\\":\\\"success\\\"}}\"}','2025-05-21 14:57:13','2025-05-21 14:57:13'),
(570390,38,44,'chat_log',75,'API','919137691294','917304609236','{\"msg\":\"success\",\"status\":\"success\",\"status_code\":\"200\",\"data\":\"{\\\"response\\\":{\\\"phone\\\":\\\"919137691294\\\",\\\"details\\\":\\\"\\\",\\\"id\\\":\\\"5438401770458083439-563e208b41d74785a84337e00d24857a\\\",\\\"status\\\":\\\"success\\\"}}\"}','2025-05-21 14:57:19','2025-05-21 14:57:19'),
(570391,38,44,'chat_log',77,'API','919137691294','917304609236','{\"msg\":\"success\",\"status\":\"success\",\"status_code\":\"200\",\"data\":\"{\\\"response\\\":{\\\"phone\\\":\\\"919137691294\\\",\\\"details\\\":\\\"\\\",\\\"id\\\":\\\"5438402260088791097-cd17bb52206748ff99caae0cf509ae00\\\",\\\"status\\\":\\\"success\\\"}}\"}','2025-05-21 14:58:18','2025-05-21 14:58:18'),
(570392,38,44,'chat_log',78,'API','919137691294','917304609236','{\"msg\":\" 5438402286570684530-c00ad5e4fc9e482f89fb9d2b17557e50\\n\",\"status\":\"success \",\"status_code\":\" 919137691294 \",\"data\":\"success | 919137691294 | 5438402286570684530-c00ad5e4fc9e482f89fb9d2b17557e50\\n\"}','2025-05-21 14:58:21','2025-05-21 14:58:21'),
(570393,38,44,'chat_log',80,'API','919137691294','917304609236','{\"msg\":\"success\",\"status\":\"success\",\"status_code\":\"200\",\"data\":\"{\\\"response\\\":{\\\"phone\\\":\\\"919137691294\\\",\\\"details\\\":\\\"\\\",\\\"id\\\":\\\"5438402395145998483-744545b27f164f889a6af2a7c9ffbdd6\\\",\\\"status\\\":\\\"success\\\"}}\"}','2025-05-21 14:58:33','2025-05-21 14:58:33'),
(570394,38,44,'chat_log',82,'API','919029634011','917304609236','{\"msg\":\"success\",\"status\":\"success\",\"status_code\":\"200\",\"data\":\"{\\\"response\\\":{\\\"phone\\\":\\\"919029634011\\\",\\\"details\\\":\\\"\\\",\\\"id\\\":\\\"5438406365147492499-60a49f62d53947e69affd60b4087d5df\\\",\\\"status\\\":\\\"success\\\"}}\"}','2025-05-21 15:06:27','2025-05-21 15:06:27'),
(570395,38,44,'chat_log',84,'API','919029634011','917304609236','{\"msg\":\" 5438406567974187119-77d48ac5480a416398a8107f8c6a668f\\n\",\"status\":\"success \",\"status_code\":\" 919029634011 \",\"data\":\"success | 919029634011 | 5438406567974187119-77d48ac5480a416398a8107f8c6a668f\\n\"}','2025-05-21 15:06:51','2025-05-21 15:06:51'),
(570396,38,44,'chat_log',86,'API','919029634011','917304609236','{\"msg\":\" 5438406656618016851-2d6d71bf1ca3446487cbaf4c9f430c63\\n\",\"status\":\"success \",\"status_code\":\" 919029634011 \",\"data\":\"success | 919029634011 | 5438406656618016851-2d6d71bf1ca3446487cbaf4c9f430c63\\n\"}','2025-05-21 15:07:01','2025-05-21 15:07:01'),
(570397,38,44,'chat_log',88,'API','919029634011','917304609236','{\"msg\":\"success\",\"status\":\"success\",\"status_code\":\"200\",\"data\":\"{\\\"response\\\":{\\\"phone\\\":\\\"919029634011\\\",\\\"details\\\":\\\"\\\",\\\"id\\\":\\\"5438406731494645806-1df16d5ac16b4a30b7077bfe19ae50e3\\\",\\\"status\\\":\\\"success\\\"}}\"}','2025-05-21 15:07:10','2025-05-21 15:07:10'),
(570398,38,44,'chat_log',89,'API','919029634011','917304609236','{\"msg\":\"success\",\"status\":\"success\",\"status_code\":\"200\",\"data\":\"{\\\"response\\\":{\\\"phone\\\":\\\"919029634011\\\",\\\"details\\\":\\\"\\\",\\\"id\\\":\\\"5438406835728343187-86dd8501bad84d6dac4c6c6736f07df6\\\",\\\"status\\\":\\\"success\\\"}}\"}','2025-05-21 15:07:23','2025-05-21 15:07:23'),
(570399,38,44,'chat_log',91,'API','919029634011','917304609236','{\"msg\":\"success\",\"status\":\"success\",\"status_code\":\"200\",\"data\":\"{\\\"response\\\":{\\\"phone\\\":\\\"919029634011\\\",\\\"details\\\":\\\"\\\",\\\"id\\\":\\\"5438407262948876466-6ef599772a2c4fcd8b6b7abb11b80c32\\\",\\\"status\\\":\\\"success\\\"}}\"}','2025-05-21 15:08:14','2025-05-21 15:08:14'),
(570400,38,44,'chat_log',92,'API','919029634011','917304609236','{\"msg\":\" 5438407286673965083-2c28e67e16a1421a93d941870d3e5903\\n\",\"status\":\"success \",\"status_code\":\" 919029634011 \",\"data\":\"success | 919029634011 | 5438407286673965083-2c28e67e16a1421a93d941870d3e5903\\n\"}','2025-05-21 15:08:16','2025-05-21 15:08:16'),
(570401,38,44,'chat_log',94,'API','919029634011','917304609236','{\"msg\":\"success\",\"status\":\"success\",\"status_code\":\"200\",\"data\":\"{\\\"response\\\":{\\\"phone\\\":\\\"919029634011\\\",\\\"details\\\":\\\"\\\",\\\"id\\\":\\\"5438407352701800562-91d765ccf7284f61a75c9d0174f37b62\\\",\\\"status\\\":\\\"success\\\"}}\"}','2025-05-21 15:08:24','2025-05-21 15:08:24'),
(570402,38,44,'chat_log',96,'API','919029634011','917304609236','{\"msg\":\" 5438408226609787099-64cc18cd508944f1917a0457f55004af\\n\",\"status\":\"success \",\"status_code\":\" 919029634011 \",\"data\":\"success | 919029634011 | 5438408226609787099-64cc18cd508944f1917a0457f55004af\\n\"}','2025-05-21 15:10:08','2025-05-21 15:10:08'),
(570403,38,44,'chat_log',98,'API','919029634011','917304609236','{\"msg\":\" 5438408295494234169-02cf01150a5643b182015e9aecbbcf73\\n\",\"status\":\"success \",\"status_code\":\" 919029634011 \",\"data\":\"success | 919029634011 | 5438408295494234169-02cf01150a5643b182015e9aecbbcf73\\n\"}','2025-05-21 15:10:17','2025-05-21 15:10:17'),
(570404,38,44,'chat_log',100,'API','919029634011','917304609236','{\"msg\":\"success\",\"status\":\"success\",\"status_code\":\"200\",\"data\":\"{\\\"response\\\":{\\\"phone\\\":\\\"919029634011\\\",\\\"details\\\":\\\"\\\",\\\"id\\\":\\\"5438408362679795885-ace3ecd8ab0a4e2a998daa28247f60a6\\\",\\\"status\\\":\\\"success\\\"}}\"}','2025-05-21 15:10:25','2025-05-21 15:10:25'),
(570405,38,44,'chat_log',101,'API','919029634011','917304609236','{\"msg\":\"success\",\"status\":\"success\",\"status_code\":\"200\",\"data\":\"{\\\"response\\\":{\\\"phone\\\":\\\"919029634011\\\",\\\"details\\\":\\\"\\\",\\\"id\\\":\\\"5438408861877702768-e39c576965ae4d6b842b26875189cf5f\\\",\\\"status\\\":\\\"success\\\"}}\"}','2025-05-21 15:11:24','2025-05-21 15:11:24'),
(570406,38,44,'chat_log',102,'API','919029634011','917304609236','{\"msg\":\"success\",\"status\":\"success\",\"status_code\":\"200\",\"data\":\"{\\\"response\\\":{\\\"phone\\\":\\\"919029634011\\\",\\\"details\\\":\\\"\\\",\\\"id\\\":\\\"5438408867281121392-f8de61b983c54a90bf514d183f709686\\\",\\\"status\\\":\\\"success\\\"}}\"}','2025-05-21 15:11:25','2025-05-21 15:11:25'),
(570407,38,44,'chat_log',104,'API','919029634011','917304609236','{\"msg\":\"success\",\"status\":\"success\",\"status_code\":\"200\",\"data\":\"{\\\"response\\\":{\\\"phone\\\":\\\"919029634011\\\",\\\"details\\\":\\\"\\\",\\\"id\\\":\\\"5438408956522987547-3c81179b120b43808bbf50cf39f38146\\\",\\\"status\\\":\\\"success\\\"}}\"}','2025-05-21 15:11:36','2025-05-21 15:11:36'),
(570408,38,44,'chat_log',105,'API','919029634011','917304609236','{\"msg\":\" 5438408980115742898-fdcb2cbc5730441094661c5f0236f20d\\n\",\"status\":\"success \",\"status_code\":\" 919029634011 \",\"data\":\"success | 919029634011 | 5438408980115742898-fdcb2cbc5730441094661c5f0236f20d\\n\"}','2025-05-21 15:11:38','2025-05-21 15:11:38'),
(570409,38,44,'chat_log',107,'API','919029634011','917304609236','{\"msg\":\"success\",\"status\":\"success\",\"status_code\":\"200\",\"data\":\"{\\\"response\\\":{\\\"phone\\\":\\\"919029634011\\\",\\\"details\\\":\\\"\\\",\\\"id\\\":\\\"5438414573877719118-855b20a9757447728e666113a4b7ad66\\\",\\\"status\\\":\\\"success\\\"}}\"}','2025-05-21 15:22:45','2025-05-21 15:22:45'),
(570410,38,44,'chat_log',108,'API','919029634011','917304609236','{\"msg\":\" 5438414598673031251-a31e665440394481918bfdd5997fbb8b\\n\",\"status\":\"success \",\"status_code\":\" 919029634011 \",\"data\":\"success | 919029634011 | 5438414598673031251-a31e665440394481918bfdd5997fbb8b\\n\"}','2025-05-21 15:22:48','2025-05-21 15:22:48'),
(570411,38,44,'chat_log',110,'API','919029634011','917304609236','{\"msg\":\"success\",\"status\":\"success\",\"status_code\":\"200\",\"data\":\"{\\\"response\\\":{\\\"phone\\\":\\\"919029634011\\\",\\\"details\\\":\\\"\\\",\\\"id\\\":\\\"5438419130587263060-48af2f82f47b409f9f875787064eb5ae\\\",\\\"status\\\":\\\"success\\\"}}\"}','2025-05-21 15:31:48','2025-05-21 15:31:48'),
(570412,38,44,'chat_log',111,'API','919029634011','917304609236','{\"msg\":\" 5438419154442715248-3937468e71f8422dba2184e7c6d29774\\n\",\"status\":\"success \",\"status_code\":\" 919029634011 \",\"data\":\"success | 919029634011 | 5438419154442715248-3937468e71f8422dba2184e7c6d29774\\n\"}','2025-05-21 15:31:51','2025-05-21 15:31:51'),
(570413,38,44,'chat_log',113,'API','919029634011','917304609236','{\"msg\":\"success\",\"status\":\"success\",\"status_code\":\"200\",\"data\":\"{\\\"response\\\":{\\\"phone\\\":\\\"919029634011\\\",\\\"details\\\":\\\"\\\",\\\"id\\\":\\\"5438422034125860962-9d2c75a814b94801bf4157442e01fbb3\\\",\\\"status\\\":\\\"success\\\"}}\"}','2025-05-21 15:37:35','2025-05-21 15:37:35'),
(570414,38,44,'chat_log',114,'API','919029634011','917304609236','{\"msg\":\" 5438422059287970011-9088990b92164fab93a3746c5250d9fb\\n\",\"status\":\"success \",\"status_code\":\" 919029634011 \",\"data\":\"success | 919029634011 | 5438422059287970011-9088990b92164fab93a3746c5250d9fb\\n\"}','2025-05-21 15:37:38','2025-05-21 15:37:38'),
(570415,38,44,'chat_log',117,'API','919029634011','917304609236','{\"msg\":\"success\",\"status\":\"success\",\"status_code\":\"200\",\"data\":\"{\\\"response\\\":{\\\"phone\\\":\\\"919029634011\\\",\\\"details\\\":\\\"\\\",\\\"id\\\":\\\"5438423528777711643-cfce19a092954b079b6aec22fe21aa6e\\\",\\\"status\\\":\\\"success\\\"}}\"}','2025-05-21 15:40:33','2025-05-21 15:40:33'),
(570416,38,44,'chat_log',118,'API','919029634011','917304609236','{\"msg\":\"success\",\"status\":\"success\",\"status_code\":\"200\",\"data\":\"{\\\"response\\\":{\\\"phone\\\":\\\"919029634011\\\",\\\"details\\\":\\\"\\\",\\\"id\\\":\\\"5438423675914174591-65321e8794374a2e8868dc7531515aa3\\\",\\\"status\\\":\\\"success\\\"}}\"}','2025-05-21 15:40:50','2025-05-21 15:40:50'),
(570417,38,44,'chat_log',120,'API','919137691294','917304609236','{\"msg\":\" 5438423846781472915-5095664d95e44e55a7dd563bd71f970d\\n\",\"status\":\"success \",\"status_code\":\" 919137691294 \",\"data\":\"success | 919137691294 | 5438423846781472915-5095664d95e44e55a7dd563bd71f970d\\n\"}','2025-05-21 15:41:11','2025-05-21 15:41:11'),
(570418,38,44,'chat_log',122,'API','919137691294','917304609236','{\"msg\":\" 5438423957630402672-f49858afc3d04197a593955bde33ab3f\\n\",\"status\":\"success \",\"status_code\":\" 919137691294 \",\"data\":\"success | 919137691294 | 5438423957630402672-f49858afc3d04197a593955bde33ab3f\\n\"}','2025-05-21 15:41:24','2025-05-21 15:41:24'),
(570419,38,44,'chat_log',124,'API','919137691294','917304609236','{\"msg\":\"success\",\"status\":\"success\",\"status_code\":\"200\",\"data\":\"{\\\"response\\\":{\\\"phone\\\":\\\"919137691294\\\",\\\"details\\\":\\\"\\\",\\\"id\\\":\\\"5438425266205388884-b441f0d6d0b84b6e84ea60e95467ebfb\\\",\\\"status\\\":\\\"success\\\"}}\"}','2025-05-21 15:44:00','2025-05-21 15:44:00'),
(570420,38,44,'chat_log',125,'API','919137691294','917304609236','{\"msg\":\"success\",\"status\":\"success\",\"status_code\":\"200\",\"data\":\"{\\\"response\\\":{\\\"phone\\\":\\\"919137691294\\\",\\\"details\\\":\\\"\\\",\\\"id\\\":\\\"5438425408535539796-002f71cf03eb4c86852c962c801e75be\\\",\\\"status\\\":\\\"success\\\"}}\"}','2025-05-21 15:44:17','2025-05-21 15:44:17'),
(570421,38,44,'chat_log',126,'API','919137691294','917304609236','{\"msg\":\"success\",\"status\":\"success\",\"status_code\":\"200\",\"data\":\"{\\\"response\\\":{\\\"phone\\\":\\\"919137691294\\\",\\\"details\\\":\\\"\\\",\\\"id\\\":\\\"5438425417995518064-8daf96728656456882ec19b84060296a\\\",\\\"status\\\":\\\"success\\\"}}\"}','2025-05-21 15:44:18','2025-05-21 15:44:18'),
(570422,38,44,'chat_log',128,'API','919137691294','917304609236','{\"msg\":\"success\",\"status\":\"success\",\"status_code\":\"200\",\"data\":\"{\\\"response\\\":{\\\"phone\\\":\\\"919137691294\\\",\\\"details\\\":\\\"\\\",\\\"id\\\":\\\"5438426004364873842-edc627e59cce4402bde968c8fcdef0e6\\\",\\\"status\\\":\\\"success\\\"}}\"}','2025-05-21 15:45:28','2025-05-21 15:45:28'),
(570423,38,44,'chat_log',130,'API','919029634011','917304609236','{\"msg\":\"success\",\"status\":\"success\",\"status_code\":\"200\",\"data\":\"{\\\"response\\\":{\\\"phone\\\":\\\"919029634011\\\",\\\"details\\\":\\\"\\\",\\\"id\\\":\\\"5438426919129325715-9e7e630aeb9c4eab8f2c565620d06700\\\",\\\"status\\\":\\\"success\\\"}}\"}','2025-05-21 15:47:17','2025-05-21 15:47:17'),
(570424,38,44,'chat_log',131,'API','919029634011','917304609236','{\"msg\":\"success\",\"status\":\"success\",\"status_code\":\"200\",\"data\":\"{\\\"response\\\":{\\\"phone\\\":\\\"919029634011\\\",\\\"details\\\":\\\"\\\",\\\"id\\\":\\\"5438426941178531967-b51bcaba35614a739ccb12c1fb9b514f\\\",\\\"status\\\":\\\"success\\\"}}\"}','2025-05-21 15:47:20','2025-05-21 15:47:20'),
(570425,38,44,'chat_log',133,'API','919029634011','917304609236','{\"msg\":\"success\",\"status\":\"success\",\"status_code\":\"200\",\"data\":\"{\\\"response\\\":{\\\"phone\\\":\\\"919029634011\\\",\\\"details\\\":\\\"\\\",\\\"id\\\":\\\"5438427426890104959-212e0bd3fdce41ec8e3c3a7f76c72970\\\",\\\"status\\\":\\\"success\\\"}}\"}','2025-05-21 15:48:17','2025-05-21 15:48:17'),
(570426,38,44,'chat_log',135,'API','919029634011','917304609236','{\"msg\":\"success\",\"status\":\"success\",\"status_code\":\"200\",\"data\":\"{\\\"response\\\":{\\\"phone\\\":\\\"919029634011\\\",\\\"details\\\":\\\"\\\",\\\"id\\\":\\\"5438427664702394515-531109a4f07a42aead197af1809a8d95\\\",\\\"status\\\":\\\"success\\\"}}\"}','2025-05-21 15:48:46','2025-05-21 15:48:46'),
(570427,38,44,'chat_log',137,'API','919029634011','917304609236','{\"msg\":\"success\",\"status\":\"success\",\"status_code\":\"200\",\"data\":\"{\\\"response\\\":{\\\"phone\\\":\\\"919029634011\\\",\\\"details\\\":\\\"\\\",\\\"id\\\":\\\"5438428369397018736-5d3ecec38abf4fcb8f723190e684ace6\\\",\\\"status\\\":\\\"success\\\"}}\"}','2025-05-21 15:50:10','2025-05-21 15:50:10'),
(570428,38,44,'chat_log',139,'API','919029634011','917304609236','{\"msg\":\" 5438428434010738907-15b8b38cd4034357b69b287b6b8eafba\\n\",\"status\":\"success \",\"status_code\":\" 919029634011 \",\"data\":\"success | 919029634011 | 5438428434010738907-15b8b38cd4034357b69b287b6b8eafba\\n\"}','2025-05-21 15:50:17','2025-05-21 15:50:17'),
(570429,38,44,'chat_log',140,'API','919029634011','917304609236','{\"msg\":\"success\",\"status\":\"success\",\"status_code\":\"200\",\"data\":\"{\\\"response\\\":{\\\"phone\\\":\\\"919029634011\\\",\\\"details\\\":\\\"\\\",\\\"id\\\":\\\"5438428549781168347-a0e1b167c491476abce2e6c085a44e74\\\",\\\"status\\\":\\\"success\\\"}}\"}','2025-05-21 15:50:31','2025-05-21 15:50:31'),
(570430,38,44,'chat_log',2,'API','919029634011','917304609236','{\"msg\":\"success\",\"status\":\"success\",\"status_code\":\"200\",\"data\":\"{\\\"response\\\":{\\\"phone\\\":\\\"919029634011\\\",\\\"details\\\":\\\"\\\",\\\"id\\\":\\\"5438429971324178543-e3055af8550b4509b7b4d808482c01c5\\\",\\\"status\\\":\\\"success\\\"}}\"}','2025-05-21 15:53:21','2025-05-21 15:53:21'),
(570431,38,44,'chat_log',2,'API','919029634011','917304609236','{\"msg\":\" 5438431604004499570-7708091100c44acc8b824957d88abc6d\\n\",\"status\":\"success \",\"status_code\":\" 919029634011 \",\"data\":\"success | 919029634011 | 5438431604004499570-7708091100c44acc8b824957d88abc6d\\n\"}','2025-05-21 15:56:35','2025-05-21 15:56:35'),
(570432,38,44,'chat_log',4,'API','919029634011','917304609236','{\"msg\":\" 5438431685494042670-b0eb86477d2c431186b8c25444809378\\n\",\"status\":\"success \",\"status_code\":\" 919029634011 \",\"data\":\"success | 919029634011 | 5438431685494042670-b0eb86477d2c431186b8c25444809378\\n\"}','2025-05-21 15:56:45','2025-05-21 15:56:45'),
(570433,38,44,'chat_log',5,'API','919029634011','917304609236','{\"msg\":\"success\",\"status\":\"success\",\"status_code\":\"200\",\"data\":\"{\\\"response\\\":{\\\"phone\\\":\\\"919029634011\\\",\\\"details\\\":\\\"\\\",\\\"id\\\":\\\"5438431695138857038-fc72138ae6614ad49fa1031e9d7e13e6\\\",\\\"status\\\":\\\"success\\\"}}\"}','2025-05-21 15:56:46','2025-05-21 15:56:46'),
(570434,38,44,'chat_log',7,'API','919029634011','917304609236','{\"msg\":\"success\",\"status\":\"success\",\"status_code\":\"200\",\"data\":\"{\\\"response\\\":{\\\"phone\\\":\\\"919029634011\\\",\\\"details\\\":\\\"\\\",\\\"id\\\":\\\"5438431808206950578-11141cd7632f483595cd3e48944adb6c\\\",\\\"status\\\":\\\"success\\\"}}\"}','2025-05-21 15:57:00','2025-05-21 15:57:00'),
(570435,38,44,'chat_log',8,'API','919029634011','917304609236','{\"msg\":\" 5438431848114843775-7f164d669fbe41958669f8dd547438e4\\n\",\"status\":\"success \",\"status_code\":\" 919029634011 \",\"data\":\"success | 919029634011 | 5438431848114843775-7f164d669fbe41958669f8dd547438e4\\n\"}','2025-05-21 15:57:04','2025-05-21 15:57:04'),
(570436,38,44,'chat_log',10,'API','919029634011','917304609236','{\"msg\":\" 5438431874759991474-c363b41d1b584432b812c236616a95cf\\n\",\"status\":\"success \",\"status_code\":\" 919029634011 \",\"data\":\"success | 919029634011 | 5438431874759991474-c363b41d1b584432b812c236616a95cf\\n\"}','2025-05-21 15:57:08','2025-05-21 15:57:08'),
(570437,38,44,'chat_log',12,'API','919029634011','917304609236','{\"msg\":\" 5438431970419175481-7eba31f4f1e24f28b47c4c6da40b3df2\\n\",\"status\":\"success \",\"status_code\":\" 919029634011 \",\"data\":\"success | 919029634011 | 5438431970419175481-7eba31f4f1e24f28b47c4c6da40b3df2\\n\"}','2025-05-21 15:57:20','2025-05-21 15:57:20'),
(570438,38,44,'chat_log',14,'API','919029634011','917304609236','{\"msg\":\"success\",\"status\":\"success\",\"status_code\":\"200\",\"data\":\"{\\\"response\\\":{\\\"phone\\\":\\\"919029634011\\\",\\\"details\\\":\\\"\\\",\\\"id\\\":\\\"5438432035565461682-4a9702a7127f4b06af3e09bd31bfaabc\\\",\\\"status\\\":\\\"success\\\"}}\"}','2025-05-21 15:57:27','2025-05-21 15:57:27'),
(570439,38,44,'chat_log',16,'API','919029634011','917304609236','{\"msg\":\" 5438433094328967266-6cb735a212b04a0ba6347b9e9c29c142\\n\",\"status\":\"success \",\"status_code\":\" 919029634011 \",\"data\":\"success | 919029634011 | 5438433094328967266-6cb735a212b04a0ba6347b9e9c29c142\\n\"}','2025-05-21 15:59:33','2025-05-21 15:59:33'),
(570440,38,44,'chat_log',17,'API','919029634011','917304609236','{\"msg\":\"success\",\"status\":\"success\",\"status_code\":\"200\",\"data\":\"{\\\"response\\\":{\\\"phone\\\":\\\"919029634011\\\",\\\"details\\\":\\\"\\\",\\\"id\\\":\\\"5438433094363476052-23757f46d0e444619e1b7df40a483c17\\\",\\\"status\\\":\\\"success\\\"}}\"}','2025-05-21 15:59:33','2025-05-21 15:59:33'),
(570441,38,44,'chat_log',19,'API','919029634011','917304609236','{\"msg\":\" 5438438617964339373-5ff3edd42710484c87fdbe5bc9b6bab3\\n\",\"status\":\"success \",\"status_code\":\" 919029634011 \",\"data\":\"success | 919029634011 | 5438438617964339373-5ff3edd42710484c87fdbe5bc9b6bab3\\n\"}','2025-05-21 16:10:32','2025-05-21 16:10:32'),
(570442,38,44,'chat_log',21,'API','919029634011','917304609236','{\"msg\":\"success\",\"status\":\"success\",\"status_code\":\"200\",\"data\":\"{\\\"response\\\":{\\\"phone\\\":\\\"919029634011\\\",\\\"details\\\":\\\"\\\",\\\"id\\\":\\\"5438438702974267506-b3a551e45cd84fd1a9567e153a5373c3\\\",\\\"status\\\":\\\"success\\\"}}\"}','2025-05-21 16:10:42','2025-05-21 16:10:42'),
(570443,38,44,'chat_log',23,'API','919029634011','917304609236','{\"msg\":\"success\",\"status\":\"success\",\"status_code\":\"200\",\"data\":\"{\\\"response\\\":{\\\"phone\\\":\\\"919029634011\\\",\\\"details\\\":\\\"\\\",\\\"id\\\":\\\"5438439341698924658-e683da710db844cf9f1b2e817e4dc564\\\",\\\"status\\\":\\\"success\\\"}}\"}','2025-05-21 16:11:58','2025-05-21 16:11:58'),
(570444,38,44,'chat_log',25,'API','919029634011','917304609236','{\"msg\":\" 5438446496399499362-2795af5591234288b2c1314f04b0eb7b\\n\",\"status\":\"success \",\"status_code\":\" 919029634011 \",\"data\":\"success | 919029634011 | 5438446496399499362-2795af5591234288b2c1314f04b0eb7b\\n\"}','2025-05-21 16:26:11','2025-05-21 16:26:11'),
(570445,38,44,'chat_log',26,'API','919029634011','917304609236','{\"msg\":\"success\",\"status\":\"success\",\"status_code\":\"200\",\"data\":\"{\\\"response\\\":{\\\"phone\\\":\\\"919029634011\\\",\\\"details\\\":\\\"\\\",\\\"id\\\":\\\"5438446541515587662-03acddc685e94930a93d308a513a58da\\\",\\\"status\\\":\\\"success\\\"}}\"}','2025-05-21 16:26:16','2025-05-21 16:26:16'),
(570446,38,44,'chat_log',29,'API','919029634011','917304609236','{\"msg\":\"success\",\"status\":\"success\",\"status_code\":\"200\",\"data\":\"{\\\"response\\\":{\\\"phone\\\":\\\"919029634011\\\",\\\"details\\\":\\\"\\\",\\\"id\\\":\\\"5438453136167723227-74639562e0104cc2bb6e50e4a0699d3c\\\",\\\"status\\\":\\\"success\\\"}}\"}','2025-05-21 16:39:22','2025-05-21 16:39:22'),
(570447,38,44,'chat_log',31,'API','919029634011','917304609236','{\"msg\":\" 5438453242003919067-a8913df9ea454cf78dfc1de902c2ed11\\n\",\"status\":\"success \",\"status_code\":\" 919029634011 \",\"data\":\"success | 919029634011 | 5438453242003919067-a8913df9ea454cf78dfc1de902c2ed11\\n\"}','2025-05-21 16:39:35','2025-05-21 16:39:35'),
(570448,38,44,'chat_log',33,'API','919029634011','917304609236','{\"msg\":\" 5438453993236775039-e76f881983484f2bb454c19705e03335\\n\",\"status\":\"success \",\"status_code\":\" 919029634011 \",\"data\":\"success | 919029634011 | 5438453993236775039-e76f881983484f2bb454c19705e03335\\n\"}','2025-05-21 16:41:05','2025-05-21 16:41:05'),
(570449,38,44,'chat_log',35,'API','919029634011','917304609236','{\"msg\":\" 5438454552857677851-4867dff568fd4640a992051996936662\\n\",\"status\":\"success \",\"status_code\":\" 919029634011 \",\"data\":\"success | 919029634011 | 5438454552857677851-4867dff568fd4640a992051996936662\\n\"}','2025-05-21 16:42:11','2025-05-21 16:42:11'),
(570450,38,44,'chat_log',36,'API','919029634011','917304609236','{\"msg\":\"success\",\"status\":\"success\",\"status_code\":\"200\",\"data\":\"{\\\"response\\\":{\\\"phone\\\":\\\"919029634011\\\",\\\"details\\\":\\\"\\\",\\\"id\\\":\\\"5438454594815238201-cdf32a0dfd914a4f9e5eeb8263f44a0b\\\",\\\"status\\\":\\\"success\\\"}}\"}','2025-05-21 16:42:17','2025-05-21 16:42:17'),
(570451,38,44,'chat_log',38,'API','919029634011','917304609236','{\"msg\":\"success\",\"status\":\"success\",\"status_code\":\"200\",\"data\":\"{\\\"response\\\":{\\\"phone\\\":\\\"919029634011\\\",\\\"details\\\":\\\"\\\",\\\"id\\\":\\\"5438457755972104365-48dd330ce4b54d569d1cc2ba6bc1187c\\\",\\\"status\\\":\\\"success\\\"}}\"}','2025-05-21 16:48:33','2025-05-21 16:48:33'),
(570452,38,44,'chat_log',2,'API','919029634011','917304609236','{\"msg\":\" 5438459613834817563-ea51d8dd2f004e0ba1545092ad337f74\\n\",\"status\":\"success \",\"status_code\":\" 919029634011 \",\"data\":\"success | 919029634011 | 5438459613834817563-ea51d8dd2f004e0ba1545092ad337f74\\n\"}','2025-05-21 16:52:15','2025-05-21 16:52:15'),
(570453,38,44,'chat_log',4,'API','919029634011','917304609236','{\"msg\":\" 5438459929752150094-5dc89ac974454a4885cadba42d5268c3\\n\",\"status\":\"success \",\"status_code\":\" 919029634011 \",\"data\":\"success | 919029634011 | 5438459929752150094-5dc89ac974454a4885cadba42d5268c3\\n\"}','2025-05-21 16:52:52','2025-05-21 16:52:52'),
(570454,38,44,'chat_log',6,'API','919029634011','917304609236','{\"msg\":\" 5438460016317214834-ae6717e259f3454c8c9e352dfc60b120\\n\",\"status\":\"success \",\"status_code\":\" 919029634011 \",\"data\":\"success | 919029634011 | 5438460016317214834-ae6717e259f3454c8c9e352dfc60b120\\n\"}','2025-05-21 16:53:02','2025-05-21 16:53:02'),
(570455,38,44,'chat_log',8,'API','919029634011','917304609236','{\"msg\":\"success\",\"status\":\"success\",\"status_code\":\"200\",\"data\":\"{\\\"response\\\":{\\\"phone\\\":\\\"919029634011\\\",\\\"details\\\":\\\"\\\",\\\"id\\\":\\\"5438460121662337197-6f088c23973b4ba2b7e829e4c28c35e8\\\",\\\"status\\\":\\\"success\\\"}}\"}','2025-05-21 16:53:15','2025-05-21 16:53:15'),
(570456,38,44,'chat_log',9,'API','919029634011','917304609236','{\"msg\":\" 5438460174497787982-cbb66f14aee643b889f9c5cbe8f8754d\\n\",\"status\":\"success \",\"status_code\":\" 919029634011 \",\"data\":\"success | 919029634011 | 5438460174497787982-cbb66f14aee643b889f9c5cbe8f8754d\\n\"}','2025-05-21 16:53:21','2025-05-21 16:53:21'),
(570457,38,44,'chat_log',11,'API','919029634011','917304609236','{\"msg\":\"success\",\"status\":\"success\",\"status_code\":\"200\",\"data\":\"{\\\"response\\\":{\\\"phone\\\":\\\"919029634011\\\",\\\"details\\\":\\\"\\\",\\\"id\\\":\\\"5438460262377934975-f0e0879e097643f6a779881d90ef3542\\\",\\\"status\\\":\\\"success\\\"}}\"}','2025-05-21 16:53:32','2025-05-21 16:53:32'),
(570458,38,44,'chat_log',12,'API','919029634011','917304609236','{\"msg\":\" 5438460311470379054-c4478e24e79449b7a394f5376ee49603\\n\",\"status\":\"success \",\"status_code\":\" 919029634011 \",\"data\":\"success | 919029634011 | 5438460311470379054-c4478e24e79449b7a394f5376ee49603\\n\"}','2025-05-21 16:53:37','2025-05-21 16:53:37'),
(570459,38,44,'chat_log',14,'API','919029634011','917304609236','{\"msg\":\"success\",\"status\":\"success\",\"status_code\":\"200\",\"data\":\"{\\\"response\\\":{\\\"phone\\\":\\\"919029634011\\\",\\\"details\\\":\\\"\\\",\\\"id\\\":\\\"5438460665088938095-fed794dc0456419a8c4fac01978cc2b4\\\",\\\"status\\\":\\\"success\\\"}}\"}','2025-05-21 16:54:20','2025-05-21 16:54:20'),
(570460,38,44,'chat_log',15,'API','919029634011','917304609236','{\"msg\":\" 5438460713604435995-7927565aa7554df0a1b5280d83104d53\\n\",\"status\":\"success \",\"status_code\":\" 919029634011 \",\"data\":\"success | 919029634011 | 5438460713604435995-7927565aa7554df0a1b5280d83104d53\\n\"}','2025-05-21 16:54:26','2025-05-21 16:54:26'),
(570461,38,44,'chat_log',17,'API','919029634011','917304609236','{\"msg\":\" 5438461006603227247-d999c821209943c1a652d4cfa873ecd6\\n\",\"status\":\"success \",\"status_code\":\" 919029634011 \",\"data\":\"success | 919029634011 | 5438461006603227247-d999c821209943c1a652d4cfa873ecd6\\n\"}','2025-05-21 16:55:01','2025-05-21 16:55:01'),
(570462,38,44,'chat_log',19,'API','919029634011','917304609236','{\"msg\":\" 5438461174602678445-32c562bc04aa477283e72ce69de355db\\n\",\"status\":\"success \",\"status_code\":\" 919029634011 \",\"data\":\"success | 919029634011 | 5438461174602678445-32c562bc04aa477283e72ce69de355db\\n\"}','2025-05-21 16:55:21','2025-05-21 16:55:21'),
(570463,38,44,'chat_log',22,'API','919029634011','917304609236','{\"msg\":\"success\",\"status\":\"success\",\"status_code\":\"200\",\"data\":\"{\\\"response\\\":{\\\"phone\\\":\\\"919029634011\\\",\\\"details\\\":\\\"\\\",\\\"id\\\":\\\"5438466134599852205-3fb1bd480a3545bfa6324a9ddec645de\\\",\\\"status\\\":\\\"success\\\"}}\"}','2025-05-21 17:05:12','2025-05-21 17:05:12'),
(570464,38,44,'chat_log',23,'API','919029634011','917304609236','{\"msg\":\" 5438466159073829042-69b914dafa2b4345b0d3f6f1242ac7fd\\n\",\"status\":\"success \",\"status_code\":\" 919029634011 \",\"data\":\"success | 919029634011 | 5438466159073829042-69b914dafa2b4345b0d3f6f1242ac7fd\\n\"}','2025-05-21 17:05:15','2025-05-21 17:05:15'),
(570465,38,44,'chat_log',25,'API','919029634011','917304609236','{\"msg\":\"success\",\"status\":\"success\",\"status_code\":\"200\",\"data\":\"{\\\"response\\\":{\\\"phone\\\":\\\"919029634011\\\",\\\"details\\\":\\\"\\\",\\\"id\\\":\\\"5438466476895469666-7ae77beadbf24078ac14f0cfad99043d\\\",\\\"status\\\":\\\"success\\\"}}\"}','2025-05-21 17:05:53','2025-05-21 17:05:53'),
(570466,38,44,'chat_log',26,'API','919029634011','917304609236','{\"msg\":\"success\",\"status\":\"success\",\"status_code\":\"200\",\"data\":\"{\\\"response\\\":{\\\"phone\\\":\\\"919029634011\\\",\\\"details\\\":\\\"\\\",\\\"id\\\":\\\"5438466539026313328-ed117e5a7073440c8862fb63d908fbbb\\\",\\\"status\\\":\\\"success\\\"}}\"}','2025-05-21 17:06:00','2025-05-21 17:06:00'),
(570467,38,44,'chat_log',28,'API','919029634011','917304609236','{\"msg\":\"success\",\"status\":\"success\",\"status_code\":\"200\",\"data\":\"{\\\"response\\\":{\\\"phone\\\":\\\"919029634011\\\",\\\"details\\\":\\\"\\\",\\\"id\\\":\\\"5438471518343680057-469f189a16184c449dd88f5cf3591d6e\\\",\\\"status\\\":\\\"success\\\"}}\"}','2025-05-21 17:15:54','2025-05-21 17:15:54'),
(570468,38,44,'chat_log',29,'API','919029634011','917304609236','{\"msg\":\" 5438471540522635376-0744a1ade70c443d86c3687548692093\\n\",\"status\":\"success \",\"status_code\":\" 919029634011 \",\"data\":\"success | 919029634011 | 5438471540522635376-0744a1ade70c443d86c3687548692093\\n\"}','2025-05-21 17:15:56','2025-05-21 17:15:56'),
(570469,38,44,'chat_log',31,'API','919029634011','917304609236','{\"msg\":\"success\",\"status\":\"success\",\"status_code\":\"200\",\"data\":\"{\\\"response\\\":{\\\"phone\\\":\\\"919029634011\\\",\\\"details\\\":\\\"\\\",\\\"id\\\":\\\"5438474195597422765-f1166a85aea44b1eb046c75e35f518e8\\\",\\\"status\\\":\\\"success\\\"}}\"}','2025-05-21 17:21:13','2025-05-21 17:21:13'),
(570470,38,44,'chat_log',32,'API','919029634011','917304609236','{\"msg\":\" 5438474218245017684-513d852180df4fc8a2de528ff005b4db\\n\",\"status\":\"success \",\"status_code\":\" 919029634011 \",\"data\":\"success | 919029634011 | 5438474218245017684-513d852180df4fc8a2de528ff005b4db\\n\"}','2025-05-21 17:21:15','2025-05-21 17:21:15'),
(570471,38,44,'chat_log',34,'API','919029634011','917304609236','{\"msg\":\"success\",\"status\":\"success\",\"status_code\":\"200\",\"data\":\"{\\\"response\\\":{\\\"phone\\\":\\\"919029634011\\\",\\\"details\\\":\\\"\\\",\\\"id\\\":\\\"5438480104969502867-7433a5d0573d40a7b6c73e0da9730acf\\\",\\\"status\\\":\\\"success\\\"}}\"}','2025-05-21 17:32:57','2025-05-21 17:32:57'),
(570472,38,44,'chat_log',36,'API','919029634011','917304609236','{\"msg\":\" 5438507949545947220-42fec91bee9445de82b100545bd003d2\\n\",\"status\":\"success \",\"status_code\":\" 919029634011 \",\"data\":\"success | 919029634011 | 5438507949545947220-42fec91bee9445de82b100545bd003d2\\n\"}','2025-05-21 18:28:17','2025-05-21 18:28:17'),
(570473,38,44,'chat_log',38,'API','919029634011','917304609236','{\"msg\":\" 5438511925572075577-e105e526aff84b61b86861a98692034f\\n\",\"status\":\"success \",\"status_code\":\" 919029634011 \",\"data\":\"success | 919029634011 | 5438511925572075577-e105e526aff84b61b86861a98692034f\\n\"}','2025-05-21 18:36:10','2025-05-21 18:36:10'),
(570474,38,44,'chat_log',40,'API','919029634011','917304609236','{\"msg\":\"success\",\"status\":\"success\",\"status_code\":\"200\",\"data\":\"{\\\"response\\\":{\\\"phone\\\":\\\"919029634011\\\",\\\"details\\\":\\\"\\\",\\\"id\\\":\\\"5438512034856542386-a912fa6d135d493d87bb82a860bad03b\\\",\\\"status\\\":\\\"success\\\"}}\"}','2025-05-21 18:36:24','2025-05-21 18:36:24'),
(570475,38,44,'chat_log',41,'API','919029634011','917304609236','{\"msg\":\"success\",\"status\":\"success\",\"status_code\":\"200\",\"data\":\"{\\\"response\\\":{\\\"phone\\\":\\\"919029634011\\\",\\\"details\\\":\\\"\\\",\\\"id\\\":\\\"5438512099073446066-f4622594c2da49d8abcb424fdc941290\\\",\\\"status\\\":\\\"success\\\"}}\"}','2025-05-21 18:36:31','2025-05-21 18:36:31'),
(570476,38,44,'chat_log',43,'API','919029634011','917304609236','{\"msg\":\"success\",\"status\":\"success\",\"status_code\":\"200\",\"data\":\"{\\\"response\\\":{\\\"phone\\\":\\\"919029634011\\\",\\\"details\\\":\\\"\\\",\\\"id\\\":\\\"5438518624346800211-8befb7a598ab4882b616773d262f0655\\\",\\\"status\\\":\\\"success\\\"}}\"}','2025-05-21 18:49:29','2025-05-21 18:49:29'),
(570477,38,44,'chat_log',44,'API','919029634011','917304609236','{\"msg\":\" 5438518649315033200-f38beb24328c4f0d868a025f1efce12e\\n\",\"status\":\"success \",\"status_code\":\" 919029634011 \",\"data\":\"success | 919029634011 | 5438518649315033200-f38beb24328c4f0d868a025f1efce12e\\n\"}','2025-05-21 18:49:32','2025-05-21 18:49:32'),
(570478,38,44,'chat_log',46,'API','919029634011','917304609236','{\"msg\":\"success\",\"status\":\"success\",\"status_code\":\"200\",\"data\":\"{\\\"response\\\":{\\\"phone\\\":\\\"919029634011\\\",\\\"details\\\":\\\"\\\",\\\"id\\\":\\\"5438519248774979668-57874f246656481bb7e2a208cbe5392d\\\",\\\"status\\\":\\\"success\\\"}}\"}','2025-05-21 18:50:43','2025-05-21 18:50:43'),
(570479,38,44,'chat_log',47,'API','919029634011','917304609236','{\"msg\":\" 5438519271910096953-e1fd49fd909f44aa9eb82aa53dc94712\\n\",\"status\":\"success \",\"status_code\":\" 919029634011 \",\"data\":\"success | 919029634011 | 5438519271910096953-e1fd49fd909f44aa9eb82aa53dc94712\\n\"}','2025-05-21 18:50:46','2025-05-21 18:50:46'),
(570480,38,44,'chat_log',49,'API','919029634011','917304609236','{\"msg\":\"success\",\"status\":\"success\",\"status_code\":\"200\",\"data\":\"{\\\"response\\\":{\\\"phone\\\":\\\"919029634011\\\",\\\"details\\\":\\\"\\\",\\\"id\\\":\\\"5438526823183605874-e370c493cc3046ac9f1f2ed8dbc8554e\\\",\\\"status\\\":\\\"success\\\"}}\"}','2025-05-21 19:05:47','2025-05-21 19:05:47'),
(570481,38,44,'chat_log',51,'API','919029634011','917304609236','{\"msg\":\" 5438526883794362466-875601f56ae444b4b44009d9d6c802cc\\n\",\"status\":\"success \",\"status_code\":\" 919029634011 \",\"data\":\"success | 919029634011 | 5438526883794362466-875601f56ae444b4b44009d9d6c802cc\\n\"}','2025-05-21 19:05:54','2025-05-21 19:05:54'),
(570482,38,44,'chat_log',53,'API','919029634011','917304609236','{\"msg\":\" 5438526954075967666-0342b05183fa4df999ca15a51cce1df1\\n\",\"status\":\"success \",\"status_code\":\" 919029634011 \",\"data\":\"success | 919029634011 | 5438526954075967666-0342b05183fa4df999ca15a51cce1df1\\n\"}','2025-05-21 19:06:03','2025-05-21 19:06:03'),
(570483,38,44,'chat_log',55,'API','919029634011','917304609236','{\"msg\":\"success\",\"status\":\"success\",\"status_code\":\"200\",\"data\":\"{\\\"response\\\":{\\\"phone\\\":\\\"919029634011\\\",\\\"details\\\":\\\"\\\",\\\"id\\\":\\\"5438527055372673136-31c3f38fbec841dfbf37bb680b532c0c\\\",\\\"status\\\":\\\"success\\\"}}\"}','2025-05-21 19:06:14','2025-05-21 19:06:14'),
(570484,38,44,'chat_log',56,'API','919029634011','917304609236','{\"msg\":\"success\",\"status\":\"success\",\"status_code\":\"200\",\"data\":\"{\\\"response\\\":{\\\"phone\\\":\\\"919029634011\\\",\\\"details\\\":\\\"\\\",\\\"id\\\":\\\"5438527069591650331-7f14d88e62ee466d87c1cbc2b5f0c7ff\\\",\\\"status\\\":\\\"success\\\"}}\"}','2025-05-21 19:06:16','2025-05-21 19:06:16'),
(570485,38,44,'chat_log',58,'API','919029634011','917304609236','{\"msg\":\"success\",\"status\":\"success\",\"status_code\":\"200\",\"data\":\"{\\\"response\\\":{\\\"phone\\\":\\\"919029634011\\\",\\\"details\\\":\\\"\\\",\\\"id\\\":\\\"5438527507698348251-feefc98ab2e34f7ebfa4255471315bf6\\\",\\\"status\\\":\\\"success\\\"}}\"}','2025-05-21 19:07:08','2025-05-21 19:07:08'),
(570486,38,44,'chat_log',59,'API','919029634011','917304609236','{\"msg\":\" 5438527530215223515-d6be844d03fd4f63a0f7de7fd5281192\\n\",\"status\":\"success \",\"status_code\":\" 919029634011 \",\"data\":\"success | 919029634011 | 5438527530215223515-d6be844d03fd4f63a0f7de7fd5281192\\n\"}','2025-05-21 19:07:11','2025-05-21 19:07:11'),
(570487,38,44,'chat_log',61,'API','919029634011','917304609236','{\"msg\":\"success\",\"status\":\"success\",\"status_code\":\"200\",\"data\":\"{\\\"response\\\":{\\\"phone\\\":\\\"919029634011\\\",\\\"details\\\":\\\"\\\",\\\"id\\\":\\\"5438528007323680825-a36d370a5a394ae6b3831b1b8ed518a6\\\",\\\"status\\\":\\\"success\\\"}}\"}','2025-05-21 19:08:08','2025-05-21 19:08:08'),
(570488,38,44,'chat_log',62,'API','919029634011','917304609236','{\"msg\":\" 5438528033766436921-d890c75061724ed6bb83f23a3cc9fe19\\n\",\"status\":\"success \",\"status_code\":\" 919029634011 \",\"data\":\"success | 919029634011 | 5438528033766436921-d890c75061724ed6bb83f23a3cc9fe19\\n\"}','2025-05-21 19:08:11','2025-05-21 19:08:11'),
(570489,38,44,'chat_log',64,'API','919029634011','917304609236','{\"msg\":\"success\",\"status\":\"success\",\"status_code\":\"200\",\"data\":\"{\\\"response\\\":{\\\"phone\\\":\\\"919029634011\\\",\\\"details\\\":\\\"\\\",\\\"id\\\":\\\"5438528094710788223-b94f35abec5d4985a86df9a27cf3d8ad\\\",\\\"status\\\":\\\"success\\\"}}\"}','2025-05-21 19:08:18','2025-05-21 19:08:18'),
(570490,38,44,'chat_log',65,'API','919029634011','917304609236','{\"msg\":\" 5438528117826863218-a7dd7ae5647c492fb3883d4409f7c97a\\n\",\"status\":\"success \",\"status_code\":\" 919029634011 \",\"data\":\"success | 919029634011 | 5438528117826863218-a7dd7ae5647c492fb3883d4409f7c97a\\n\"}','2025-05-21 19:08:21','2025-05-21 19:08:21'),
(570491,38,44,'chat_log',67,'API','919029634011','917304609236','{\"msg\":\"success\",\"status\":\"success\",\"status_code\":\"200\",\"data\":\"{\\\"response\\\":{\\\"phone\\\":\\\"919029634011\\\",\\\"details\\\":\\\"\\\",\\\"id\\\":\\\"5438528142670905522-e2e0f8e035d2449cb3e87f4b7a926f49\\\",\\\"status\\\":\\\"success\\\"}}\"}','2025-05-21 19:08:24','2025-05-21 19:08:24'),
(570492,38,44,'chat_log',68,'API','919029634011','917304609236','{\"msg\":\" 5438528170612818003-4c70d22f2aa645ba864678cc3f1982e8\\n\",\"status\":\"success \",\"status_code\":\" 919029634011 \",\"data\":\"success | 919029634011 | 5438528170612818003-4c70d22f2aa645ba864678cc3f1982e8\\n\"}','2025-05-21 19:08:27','2025-05-21 19:08:27'),
(570493,38,44,'chat_log',70,'API','919029634011','917304609236','{\"msg\":\"success\",\"status\":\"success\",\"status_code\":\"200\",\"data\":\"{\\\"response\\\":{\\\"phone\\\":\\\"919029634011\\\",\\\"details\\\":\\\"\\\",\\\"id\\\":\\\"5438528288194605154-32a3651903514b098711f0799ab87bbd\\\",\\\"status\\\":\\\"success\\\"}}\"}','2025-05-21 19:08:42','2025-05-21 19:08:42'),
(570494,38,44,'chat_log',71,'API','919029634011','917304609236','{\"msg\":\" 5438528317320630491-74efaeaebdf84cbfb75e06eb3c89f5ff\\n\",\"status\":\"success \",\"status_code\":\" 919029634011 \",\"data\":\"success | 919029634011 | 5438528317320630491-74efaeaebdf84cbfb75e06eb3c89f5ff\\n\"}','2025-05-21 19:08:45','2025-05-21 19:08:45'),
(570495,38,44,'chat_log',73,'API','919029634011','917304609236','{\"msg\":\"success\",\"status\":\"success\",\"status_code\":\"200\",\"data\":\"{\\\"response\\\":{\\\"phone\\\":\\\"919029634011\\\",\\\"details\\\":\\\"\\\",\\\"id\\\":\\\"5438528801240334509-f7cbea1c282043dc9389ac3f03839d4c\\\",\\\"status\\\":\\\"success\\\"}}\"}','2025-05-21 19:09:42','2025-05-21 19:09:42'),
(570496,38,44,'chat_log',74,'API','919029634011','917304609236','{\"msg\":\" 5438528823704535086-7dfaecd166e64f5f95d89f80923f96f9\\n\",\"status\":\"success \",\"status_code\":\" 919029634011 \",\"data\":\"success | 919029634011 | 5438528823704535086-7dfaecd166e64f5f95d89f80923f96f9\\n\"}','2025-05-21 19:09:45','2025-05-21 19:09:45'),
(570497,38,44,'chat_log',76,'API','919029634011','917304609236','{\"msg\":\"success\",\"status\":\"success\",\"status_code\":\"200\",\"data\":\"{\\\"response\\\":{\\\"phone\\\":\\\"919029634011\\\",\\\"details\\\":\\\"\\\",\\\"id\\\":\\\"5438530146580959310-870a1438ad99432c8964fabe6cccb904\\\",\\\"status\\\":\\\"success\\\"}}\"}','2025-05-21 19:12:22','2025-05-21 19:12:22'),
(570498,38,44,'chat_log',77,'API','919029634011','917304609236','{\"msg\":\" 5438530169148846158-1619406a4024437289e7766ea13c8244\\n\",\"status\":\"success \",\"status_code\":\" 919029634011 \",\"data\":\"success | 919029634011 | 5438530169148846158-1619406a4024437289e7766ea13c8244\\n\"}','2025-05-21 19:12:25','2025-05-21 19:12:25'),
(570499,38,44,'chat_log',79,'API','919029634011','917304609236','{\"msg\":\"success\",\"status\":\"success\",\"status_code\":\"200\",\"data\":\"{\\\"response\\\":{\\\"phone\\\":\\\"919029634011\\\",\\\"details\\\":\\\"\\\",\\\"id\\\":\\\"5438533011904548910-c5cc425b24c24259983a3c323c9d0e59\\\",\\\"status\\\":\\\"success\\\"}}\"}','2025-05-21 19:18:04','2025-05-21 19:18:04'),
(570500,38,44,'chat_log',80,'API','919029634011','917304609236','{\"msg\":\" 5438533035107344496-3cad419f91954e40936653a52733809d\\n\",\"status\":\"success \",\"status_code\":\" 919029634011 \",\"data\":\"success | 919029634011 | 5438533035107344496-3cad419f91954e40936653a52733809d\\n\"}','2025-05-21 19:18:07','2025-05-21 19:18:07'),
(570501,38,44,'chat_log',82,'API','919029634011','917304609236','{\"msg\":\"success\",\"status\":\"success\",\"status_code\":\"200\",\"data\":\"{\\\"response\\\":{\\\"phone\\\":\\\"919029634011\\\",\\\"details\\\":\\\"\\\",\\\"id\\\":\\\"5438536195808338098-22cbb5a30caf491e85e44d2b4b8835f2\\\",\\\"status\\\":\\\"success\\\"}}\"}','2025-05-21 19:24:24','2025-05-21 19:24:24'),
(570502,38,44,'chat_log',83,'API','919029634011','917304609236','{\"msg\":\" 5438536220226805907-3a55c4c22b68491287549f849602bb8a\\n\",\"status\":\"success \",\"status_code\":\" 919029634011 \",\"data\":\"success | 919029634011 | 5438536220226805907-3a55c4c22b68491287549f849602bb8a\\n\"}','2025-05-21 19:24:27','2025-05-21 19:24:27'),
(570503,38,44,'chat_log',85,'API','919029634011','917304609236','{\"msg\":\"success\",\"status\":\"success\",\"status_code\":\"200\",\"data\":\"{\\\"response\\\":{\\\"phone\\\":\\\"919029634011\\\",\\\"details\\\":\\\"\\\",\\\"id\\\":\\\"5438537968593211506-304296476f59452db3668c8ad7dc4118\\\",\\\"status\\\":\\\"success\\\"}}\"}','2025-05-21 19:27:55','2025-05-21 19:27:55'),
(570504,38,44,'chat_log',86,'API','919029634011','917304609236','{\"msg\":\" 5438537995038273620-b590056499174eb5bb65c929611230dc\\n\",\"status\":\"success \",\"status_code\":\" 919029634011 \",\"data\":\"success | 919029634011 | 5438537995038273620-b590056499174eb5bb65c929611230dc\\n\"}','2025-05-21 19:27:58','2025-05-21 19:27:58'),
(570505,38,44,'chat_log',88,'API','919029634011','917304609236','{\"msg\":\"success\",\"status\":\"success\",\"status_code\":\"200\",\"data\":\"{\\\"response\\\":{\\\"phone\\\":\\\"919029634011\\\",\\\"details\\\":\\\"\\\",\\\"id\\\":\\\"5438538205420912787-e4f77b099acc4bad94a297b5344b8823\\\",\\\"status\\\":\\\"success\\\"}}\"}','2025-05-21 19:28:24','2025-05-21 19:28:24'),
(570506,38,44,'chat_log',89,'API','919029634011','917304609236','{\"msg\":\" 5438538231287664818-5c4f89d51f3947d79b117a6b7add520c\\n\",\"status\":\"success \",\"status_code\":\" 919029634011 \",\"data\":\"success | 919029634011 | 5438538231287664818-5c4f89d51f3947d79b117a6b7add520c\\n\"}','2025-05-21 19:28:27','2025-05-21 19:28:27'),
(570507,38,44,'chat_log',91,'API','919029634011','917304609236','{\"msg\":\"success\",\"status\":\"success\",\"status_code\":\"200\",\"data\":\"{\\\"response\\\":{\\\"phone\\\":\\\"919029634011\\\",\\\"details\\\":\\\"\\\",\\\"id\\\":\\\"5438541644920594559-c7c9b0ed735746b09467f7fcb33627e6\\\",\\\"status\\\":\\\"success\\\"}}\"}','2025-05-21 19:35:13','2025-05-21 19:35:13'),
(570508,38,44,'chat_log',93,'API','919029634011','917304609236','{\"msg\":\" 5438541995251130466-a95dc1136d5c43e68352d02e5d3aa73a\\n\",\"status\":\"success \",\"status_code\":\" 919029634011 \",\"data\":\"success | 919029634011 | 5438541995251130466-a95dc1136d5c43e68352d02e5d3aa73a\\n\"}','2025-05-21 19:35:55','2025-05-21 19:35:55'),
(570509,38,44,'chat_log',95,'API','919029634011','917304609236','{\"msg\":\" 5438542201502081122-41e513a083f84eec9278d53fc17bcd6d\\n\",\"status\":\"success \",\"status_code\":\" 919029634011 \",\"data\":\"success | 919029634011 | 5438542201502081122-41e513a083f84eec9278d53fc17bcd6d\\n\"}','2025-05-21 19:36:20','2025-05-21 19:36:20'),
(570510,38,44,'chat_log',97,'API','919029634011','917304609236','{\"msg\":\"success\",\"status\":\"success\",\"status_code\":\"200\",\"data\":\"{\\\"response\\\":{\\\"phone\\\":\\\"919029634011\\\",\\\"details\\\":\\\"\\\",\\\"id\\\":\\\"5438542374751326320-da3fabc4391441c09c99a4874ea72d3c\\\",\\\"status\\\":\\\"success\\\"}}\"}','2025-05-21 19:36:41','2025-05-21 19:36:41'),
(570511,38,44,'chat_log',98,'API','919029634011','917304609236','{\"msg\":\" 5438542430500257906-d45793258a0d4d9e8f30cd033f772c43\\n\",\"status\":\"success \",\"status_code\":\" 919029634011 \",\"data\":\"success | 919029634011 | 5438542430500257906-d45793258a0d4d9e8f30cd033f772c43\\n\"}','2025-05-21 19:36:47','2025-05-21 19:36:47'),
(570512,38,44,'chat_log',100,'API','919029634011','917304609236','{\"msg\":\"success\",\"status\":\"success\",\"status_code\":\"200\",\"data\":\"{\\\"response\\\":{\\\"phone\\\":\\\"919029634011\\\",\\\"details\\\":\\\"\\\",\\\"id\\\":\\\"5438542461934018733-f60fa9547cb349d6ba2b0fe6b100ff63\\\",\\\"status\\\":\\\"success\\\"}}\"}','2025-05-21 19:36:51','2025-05-21 19:36:51'),
(570513,38,44,'chat_log',101,'API','919029634011','917304609236','{\"msg\":\"success\",\"status\":\"success\",\"status_code\":\"200\",\"data\":\"{\\\"response\\\":{\\\"phone\\\":\\\"919029634011\\\",\\\"details\\\":\\\"\\\",\\\"id\\\":\\\"5438542544906240084-93007a8a305e456fa54e43f39ba1be3a\\\",\\\"status\\\":\\\"success\\\"}}\"}','2025-05-21 19:37:01','2025-05-21 19:37:01'),
(570514,38,44,'chat_log',103,'API','919029634011','917304609236','{\"msg\":\"success\",\"status\":\"success\",\"status_code\":\"200\",\"data\":\"{\\\"response\\\":{\\\"phone\\\":\\\"919029634011\\\",\\\"details\\\":\\\"\\\",\\\"id\\\":\\\"5438542632077267022-566233f7a2f2466c82741477663c25aa\\\",\\\"status\\\":\\\"success\\\"}}\"}','2025-05-21 19:37:11','2025-05-21 19:37:11'),
(570515,38,44,'chat_log',104,'API','919029634011','917304609236','{\"msg\":\" 5438542657474064495-331e99c1334a447fb80c2068fb69576f\\n\",\"status\":\"success \",\"status_code\":\" 919029634011 \",\"data\":\"success | 919029634011 | 5438542657474064495-331e99c1334a447fb80c2068fb69576f\\n\"}','2025-05-21 19:37:14','2025-05-21 19:37:14'),
(570516,38,44,'chat_log',106,'API','919029634011','917304609236','{\"msg\":\"success\",\"status\":\"success\",\"status_code\":\"200\",\"data\":\"{\\\"response\\\":{\\\"phone\\\":\\\"919029634011\\\",\\\"details\\\":\\\"\\\",\\\"id\\\":\\\"5438549248755486939-208e8c8fbe9a4aeba3f7e3c315846c34\\\",\\\"status\\\":\\\"success\\\"}}\"}','2025-05-21 19:50:20','2025-05-21 19:50:20'),
(570517,38,44,'chat_log',107,'API','919029634011','917304609236','{\"msg\":\" 5438549272417501230-81f5144534d9425fbd9251ad76288287\\n\",\"status\":\"success \",\"status_code\":\" 919029634011 \",\"data\":\"success | 919029634011 | 5438549272417501230-81f5144534d9425fbd9251ad76288287\\n\"}','2025-05-21 19:50:22','2025-05-21 19:50:22'),
(570518,38,44,'chat_log',109,'API','919029634011','917304609236','{\"msg\":\"success\",\"status\":\"success\",\"status_code\":\"200\",\"data\":\"{\\\"response\\\":{\\\"phone\\\":\\\"919029634011\\\",\\\"details\\\":\\\"\\\",\\\"id\\\":\\\"5438549436507156699-b0e07b2596cb4848914c1ebab4aed55a\\\",\\\"status\\\":\\\"success\\\"}}\"}','2025-05-21 19:50:42','2025-05-21 19:50:42'),
(570519,38,44,'chat_log',110,'API','919029634011','917304609236','{\"msg\":\" 5438549462724960302-a7135318de7643bfbdd3374913ffb860\\n\",\"status\":\"success \",\"status_code\":\" 919029634011 \",\"data\":\"success | 919029634011 | 5438549462724960302-a7135318de7643bfbdd3374913ffb860\\n\"}','2025-05-21 19:50:45','2025-05-21 19:50:45'),
(570520,38,44,'chat_log',112,'API','919029634011','917304609236','{\"msg\":\"success\",\"status\":\"success\",\"status_code\":\"200\",\"data\":\"{\\\"response\\\":{\\\"phone\\\":\\\"919029634011\\\",\\\"details\\\":\\\"\\\",\\\"id\\\":\\\"5438550357252071597-34a325afd4e14ef7bfec8edbe9c67471\\\",\\\"status\\\":\\\"success\\\"}}\"}','2025-05-21 19:52:32','2025-05-21 19:52:32'),
(570521,38,44,'chat_log',114,'API','919029634011','917304609236','{\"msg\":\" 5438550432035463214-37b1c84298a9442d9f03417e991935c1\\n\",\"status\":\"success \",\"status_code\":\" 919029634011 \",\"data\":\"success | 919029634011 | 5438550432035463214-37b1c84298a9442d9f03417e991935c1\\n\"}','2025-05-21 19:52:42','2025-05-21 19:52:42'),
(570522,38,44,'chat_log',116,'API','919029634011','917304609236','{\"msg\":\" 5438550604586164307-4f207eed6cbe4ea4a3da1669199c03b8\\n\",\"status\":\"success \",\"status_code\":\" 919029634011 \",\"data\":\"success | 919029634011 | 5438550604586164307-4f207eed6cbe4ea4a3da1669199c03b8\\n\"}','2025-05-21 19:53:02','2025-05-21 19:53:02'),
(570523,38,44,'chat_log',118,'API','919029634011','917304609236','{\"msg\":\"success\",\"status\":\"success\",\"status_code\":\"200\",\"data\":\"{\\\"response\\\":{\\\"phone\\\":\\\"919029634011\\\",\\\"details\\\":\\\"\\\",\\\"id\\\":\\\"5438550683468111899-383e8dbee87847efb32f74892e9a2fd0\\\",\\\"status\\\":\\\"success\\\"}}\"}','2025-05-21 19:53:11','2025-05-21 19:53:11'),
(570524,38,44,'chat_log',119,'API','919029634011','917304609236','{\"msg\":\"success\",\"status\":\"success\",\"status_code\":\"200\",\"data\":\"{\\\"response\\\":{\\\"phone\\\":\\\"919029634011\\\",\\\"details\\\":\\\"\\\",\\\"id\\\":\\\"5438550725580845113-5d43636cf76b400f8c6ff538efbbc8dd\\\",\\\"status\\\":\\\"success\\\"}}\"}','2025-05-21 19:53:16','2025-05-21 19:53:16'),
(570525,38,44,'chat_log',121,'API','919029634011','917304609236','{\"msg\":\"success\",\"status\":\"success\",\"status_code\":\"200\",\"data\":\"{\\\"response\\\":{\\\"phone\\\":\\\"919029634011\\\",\\\"details\\\":\\\"\\\",\\\"id\\\":\\\"5438551210653303003-70596a4132894e018ca006356c9fcf24\\\",\\\"status\\\":\\\"success\\\"}}\"}','2025-05-21 19:54:14','2025-05-21 19:54:14'),
(570526,38,44,'chat_log',122,'API','919029634011','917304609236','{\"msg\":\" 5438551234427015341-7fd1cab7f8c14281818ffadaaef6ccc5\\n\",\"status\":\"success \",\"status_code\":\" 919029634011 \",\"data\":\"success | 919029634011 | 5438551234427015341-7fd1cab7f8c14281818ffadaaef6ccc5\\n\"}','2025-05-21 19:54:16','2025-05-21 19:54:16'),
(570527,38,44,'chat_log',124,'API','919029634011','917304609236','{\"msg\":\"success\",\"status\":\"success\",\"status_code\":\"200\",\"data\":\"{\\\"response\\\":{\\\"phone\\\":\\\"919029634011\\\",\\\"details\\\":\\\"\\\",\\\"id\\\":\\\"5438552716252049586-e38b753be87f4d59a2431d174412f515\\\",\\\"status\\\":\\\"success\\\"}}\"}','2025-05-21 19:57:14','2025-05-21 19:57:14'),
(570528,38,44,'chat_log',126,'API','919029634011','917304609236','{\"msg\":\" 5438552865654001742-078e979fd99c4ed9af50d4a43d1bb65c\\n\",\"status\":\"success \",\"status_code\":\" 919029634011 \",\"data\":\"success | 919029634011 | 5438552865654001742-078e979fd99c4ed9af50d4a43d1bb65c\\n\"}','2025-05-21 19:57:31','2025-05-21 19:57:31'),
(570529,38,44,'chat_log',128,'API','919029634011','917304609236','{\"msg\":\" 5438552965644628146-e360a2dfda2c40c5a455046043488c46\\n\",\"status\":\"success \",\"status_code\":\" 919029634011 \",\"data\":\"success | 919029634011 | 5438552965644628146-e360a2dfda2c40c5a455046043488c46\\n\"}','2025-05-21 19:57:44','2025-05-21 19:57:44'),
(570530,38,44,'chat_log',130,'API','919029634011','917304609236','{\"msg\":\"success\",\"status\":\"success\",\"status_code\":\"200\",\"data\":\"{\\\"response\\\":{\\\"phone\\\":\\\"919029634011\\\",\\\"details\\\":\\\"\\\",\\\"id\\\":\\\"5438553041289334962-49ba4cde071440c4bcd8f2e5cd393e7d\\\",\\\"status\\\":\\\"success\\\"}}\"}','2025-05-21 19:57:52','2025-05-21 19:57:52'),
(570531,38,44,'chat_log',131,'API','919029634011','917304609236','{\"msg\":\"success\",\"status\":\"success\",\"status_code\":\"200\",\"data\":\"{\\\"response\\\":{\\\"phone\\\":\\\"919029634011\\\",\\\"details\\\":\\\"\\\",\\\"id\\\":\\\"5438553108997771442-30b88d667b0049e8b3157307286edbd5\\\",\\\"status\\\":\\\"success\\\"}}\"}','2025-05-21 19:58:00','2025-05-21 19:58:00'),
(570532,38,44,'chat_log',133,'API','919029634011','917304609236','{\"msg\":\"success\",\"status\":\"success\",\"status_code\":\"200\",\"data\":\"{\\\"response\\\":{\\\"phone\\\":\\\"919029634011\\\",\\\"details\\\":\\\"\\\",\\\"id\\\":\\\"5438553223187689529-845f5581ceab43d6b8ba9d9edb2dcafd\\\",\\\"status\\\":\\\"success\\\"}}\"}','2025-05-21 19:58:14','2025-05-21 19:58:14'),
(570533,38,44,'chat_log',134,'API','919029634011','917304609236','{\"msg\":\" 5438553249153552511-4f4edc96c1134fa596b55df519d8496c\\n\",\"status\":\"success \",\"status_code\":\" 919029634011 \",\"data\":\"success | 919029634011 | 5438553249153552511-4f4edc96c1134fa596b55df519d8496c\\n\"}','2025-05-21 19:58:17','2025-05-21 19:58:17'),
(570534,38,44,'chat_log',136,'API','919029634011','917304609236','{\"msg\":\"success\",\"status\":\"success\",\"status_code\":\"200\",\"data\":\"{\\\"response\\\":{\\\"phone\\\":\\\"919029634011\\\",\\\"details\\\":\\\"\\\",\\\"id\\\":\\\"5438554090294329371-b72c1ca07702433b86fcd9a8d949f4ea\\\",\\\"status\\\":\\\"success\\\"}}\"}','2025-05-21 19:59:57','2025-05-21 19:59:57'),
(570535,38,44,'chat_log',138,'API','919029634011','917304609236','{\"msg\":\" 5438554171482874075-41ea8736835043ababdd5050f304e751\\n\",\"status\":\"success \",\"status_code\":\" 919029634011 \",\"data\":\"success | 919029634011 | 5438554171482874075-41ea8736835043ababdd5050f304e751\\n\"}','2025-05-21 20:00:07','2025-05-21 20:00:07'),
(570536,38,44,'chat_log',140,'API','919029634011','917304609236','{\"msg\":\" 5438554273063186478-e281bfbf7d1a42f89d606c2210c3b341\\n\",\"status\":\"success \",\"status_code\":\" 919029634011 \",\"data\":\"success | 919029634011 | 5438554273063186478-e281bfbf7d1a42f89d606c2210c3b341\\n\"}','2025-05-21 20:00:19','2025-05-21 20:00:19'),
(570537,38,44,'chat_log',142,'API','919029634011','917304609236','{\"msg\":\"success\",\"status\":\"success\",\"status_code\":\"200\",\"data\":\"{\\\"response\\\":{\\\"phone\\\":\\\"919029634011\\\",\\\"details\\\":\\\"\\\",\\\"id\\\":\\\"5438554352611016923-046fb492f00b4d78be360adaa7b2b01b\\\",\\\"status\\\":\\\"success\\\"}}\"}','2025-05-21 20:00:28','2025-05-21 20:00:28'),
(570538,38,44,'chat_log',143,'API','919029634011','917304609236','{\"msg\":\"success\",\"status\":\"success\",\"status_code\":\"200\",\"data\":\"{\\\"response\\\":{\\\"phone\\\":\\\"919029634011\\\",\\\"details\\\":\\\"\\\",\\\"id\\\":\\\"5438554373319192622-4a059fbb70c84b83a7b5f7107b78253a\\\",\\\"status\\\":\\\"success\\\"}}\"}','2025-05-21 20:00:31','2025-05-21 20:00:31'),
(570539,38,44,'chat_log',145,'API','919029634011','917304609236','{\"msg\":\"success\",\"status\":\"success\",\"status_code\":\"200\",\"data\":\"{\\\"response\\\":{\\\"phone\\\":\\\"919029634011\\\",\\\"details\\\":\\\"\\\",\\\"id\\\":\\\"5438554581595402354-9ff06088971149b082e956ad1e5ab54e\\\",\\\"status\\\":\\\"success\\\"}}\"}','2025-05-21 20:00:55','2025-05-21 20:00:55'),
(570540,38,44,'chat_log',146,'API','919029634011','917304609236','{\"msg\":\" 5438554607922143405-f161d5ee99d34166bfbdce3f4100a650\\n\",\"status\":\"success \",\"status_code\":\" 919029634011 \",\"data\":\"success | 919029634011 | 5438554607922143405-f161d5ee99d34166bfbdce3f4100a650\\n\"}','2025-05-21 20:00:59','2025-05-21 20:00:59'),
(570541,38,44,'chat_log',149,'API','919029634011','917304609236','{\"msg\":\"success\",\"status\":\"success\",\"status_code\":\"200\",\"data\":\"{\\\"response\\\":{\\\"phone\\\":\\\"919029634011\\\",\\\"details\\\":\\\"\\\",\\\"id\\\":\\\"5438556374478995570-14ae0d42c9cf4cde8de1c4be21af67cf\\\",\\\"status\\\":\\\"success\\\"}}\"}','2025-05-21 20:04:29','2025-05-21 20:04:29'),
(570542,38,44,'chat_log',150,'API','919029634011','917304609236','{\"msg\":\"success\",\"status\":\"success\",\"status_code\":\"200\",\"data\":\"{\\\"response\\\":{\\\"phone\\\":\\\"919029634011\\\",\\\"details\\\":\\\"\\\",\\\"id\\\":\\\"5438556500247314530-05a6be16d7bc4bc3bd822349719c4d02\\\",\\\"status\\\":\\\"success\\\"}}\"}','2025-05-21 20:04:45','2025-05-21 20:04:45'),
(570543,38,44,'chat_log',152,'API','919029634011','917304609236','{\"msg\":\"success\",\"status\":\"success\",\"status_code\":\"200\",\"data\":\"{\\\"response\\\":{\\\"phone\\\":\\\"919029634011\\\",\\\"details\\\":\\\"\\\",\\\"id\\\":\\\"5438556609899569299-5bcbf8252ab64f0c8650cfa5e864a866\\\",\\\"status\\\":\\\"success\\\"}}\"}','2025-05-21 20:04:57','2025-05-21 20:04:57'),
(570544,38,44,'chat_log',153,'API','919029634011','917304609236','{\"msg\":\" 5438556635355607086-1cb539974eba4f36897952cc2fca46f4\\n\",\"status\":\"success \",\"status_code\":\" 919029634011 \",\"data\":\"success | 919029634011 | 5438556635355607086-1cb539974eba4f36897952cc2fca46f4\\n\"}','2025-05-21 20:05:00','2025-05-21 20:05:00'),
(570545,38,44,'chat_log',155,'API','919029634011','917304609236','{\"msg\":\"success\",\"status\":\"success\",\"status_code\":\"200\",\"data\":\"{\\\"response\\\":{\\\"phone\\\":\\\"919029634011\\\",\\\"details\\\":\\\"\\\",\\\"id\\\":\\\"5438556690497556699-e60423b207c247aaa9f3416991951d45\\\",\\\"status\\\":\\\"success\\\"}}\"}','2025-05-21 20:05:07','2025-05-21 20:05:07'),
(570546,38,44,'chat_log',157,'API','919029634011','917304609236','{\"msg\":\" 5438556753690230841-36d8cbd7d37d46469b36de6f68aa78d4\\n\",\"status\":\"success \",\"status_code\":\" 919029634011 \",\"data\":\"success | 919029634011 | 5438556753690230841-36d8cbd7d37d46469b36de6f68aa78d4\\n\"}','2025-05-21 20:05:14','2025-05-21 20:05:14'),
(570547,38,44,'chat_log',159,'API','919029634011','917304609236','{\"msg\":\" 5438556847907102832-8324b2e781da4270bbf6dd7275df1c34\\n\",\"status\":\"success \",\"status_code\":\" 919029634011 \",\"data\":\"success | 919029634011 | 5438556847907102832-8324b2e781da4270bbf6dd7275df1c34\\n\"}','2025-05-21 20:05:26','2025-05-21 20:05:26'),
(570548,38,44,'chat_log',161,'API','919029634011','917304609236','{\"msg\":\"success\",\"status\":\"success\",\"status_code\":\"200\",\"data\":\"{\\\"response\\\":{\\\"phone\\\":\\\"919029634011\\\",\\\"details\\\":\\\"\\\",\\\"id\\\":\\\"5438556989480112301-b5bc7f24fe444f98939bec2ce8c0c0f2\\\",\\\"status\\\":\\\"success\\\"}}\"}','2025-05-21 20:05:42','2025-05-21 20:05:42'),
(570549,38,44,'chat_log',162,'API','919029634011','917304609236','{\"msg\":\"success\",\"status\":\"success\",\"status_code\":\"200\",\"data\":\"{\\\"response\\\":{\\\"phone\\\":\\\"919029634011\\\",\\\"details\\\":\\\"\\\",\\\"id\\\":\\\"5438557021168615522-6054d38fe0b24787a0ae68adc44abe62\\\",\\\"status\\\":\\\"success\\\"}}\"}','2025-05-21 20:05:46','2025-05-21 20:05:46'),
(570550,38,44,'chat_log',164,'API','919029634011','917304609236','{\"msg\":\"success\",\"status\":\"success\",\"status_code\":\"200\",\"data\":\"{\\\"response\\\":{\\\"phone\\\":\\\"919029634011\\\",\\\"details\\\":\\\"\\\",\\\"id\\\":\\\"5438557182686109807-3b72844895174488a97f10d07fafe0d5\\\",\\\"status\\\":\\\"success\\\"}}\"}','2025-05-21 20:06:05','2025-05-21 20:06:05'),
(570551,38,44,'chat_log',165,'API','919029634011','917304609236','{\"msg\":\"success\",\"status\":\"success\",\"status_code\":\"200\",\"data\":\"{\\\"response\\\":{\\\"phone\\\":\\\"919029634011\\\",\\\"details\\\":\\\"\\\",\\\"id\\\":\\\"5438557294476664943-41f5c1c6942145c1adfe3a8586e3dda1\\\",\\\"status\\\":\\\"success\\\"}}\"}','2025-05-21 20:06:19','2025-05-21 20:06:19'),
(570552,38,44,'chat_log',2,'API','919029634011','917304609236','{\"msg\":\"success\",\"status\":\"success\",\"status_code\":\"200\",\"data\":\"{\\\"response\\\":{\\\"phone\\\":\\\"919029634011\\\",\\\"details\\\":\\\"\\\",\\\"id\\\":\\\"5439038992011853851-4cee41e9d7c24f198b42813065ff6d17\\\",\\\"status\\\":\\\"success\\\"}}\"}','2025-05-22 12:03:22','2025-05-22 12:03:22'),
(570553,38,44,'chat_log',3,'API','919029634011','917304609236','{\"msg\":\" 5439039035380596814-16aa2f54e0434a87a1e96fa89e2072de\\n\",\"status\":\"success \",\"status_code\":\" 919029634011 \",\"data\":\"success | 919029634011 | 5439039035380596814-16aa2f54e0434a87a1e96fa89e2072de\\n\"}','2025-05-22 12:03:27','2025-05-22 12:03:27'),
(570554,38,44,'chat_log',5,'API','919029634011','917304609236','{\"msg\":\"success\",\"status\":\"success\",\"status_code\":\"200\",\"data\":\"{\\\"response\\\":{\\\"phone\\\":\\\"919029634011\\\",\\\"details\\\":\\\"\\\",\\\"id\\\":\\\"5439039371742638194-edef55514f814e9190f3453bb26777a4\\\",\\\"status\\\":\\\"success\\\"}}\"}','2025-05-22 12:04:07','2025-05-22 12:04:07'),
(570555,38,44,'chat_log',2,'API','919029634011','917304609236','{\"msg\":\" Invalid count for \\\"action.sections.rows\\\". Allowed min = 1, max = 10\\n\",\"status\":\"error \",\"status_code\":\" 348 \",\"data\":\"error | 348 | Invalid count for \\\"action.sections.rows\\\". Allowed min = 1, max = 10\\n\"}','2025-05-22 12:05:52','2025-05-22 12:05:52'),
(570556,38,44,'chat_log',4,'API','919029634011','917304609236','{\"msg\":\"success\",\"status\":\"success\",\"status_code\":\"200\",\"data\":\"{\\\"response\\\":{\\\"phone\\\":\\\"919029634011\\\",\\\"details\\\":\\\"\\\",\\\"id\\\":\\\"5439041585499476080-61962f18854a479095a3d7f5236aafb5\\\",\\\"status\\\":\\\"success\\\"}}\"}','2025-05-22 12:08:31','2025-05-22 12:08:31'),
(570557,38,44,'chat_log',5,'API','919029634011','917304609236','{\"msg\":\" 5439041633690734704-fd77e2d0cb92448ab727163b6860472f\\n\",\"status\":\"success \",\"status_code\":\" 919029634011 \",\"data\":\"success | 919029634011 | 5439041633690734704-fd77e2d0cb92448ab727163b6860472f\\n\"}','2025-05-22 12:08:37','2025-05-22 12:08:37'),
(570558,38,44,'chat_log',7,'API','919029634011','917304609236','{\"msg\":\"success\",\"status\":\"success\",\"status_code\":\"200\",\"data\":\"{\\\"response\\\":{\\\"phone\\\":\\\"919029634011\\\",\\\"details\\\":\\\"\\\",\\\"id\\\":\\\"5439042526443810930-59fd9bce064f44efbb809b97c49f008e\\\",\\\"status\\\":\\\"success\\\"}}\"}','2025-05-22 12:10:23','2025-05-22 12:10:23'),
(570559,38,44,'chat_log',8,'API','919029634011','917304609236','{\"msg\":\" 5439042553174286419-728cfbd42df04e58987a4cb7b1e9ac78\\n\",\"status\":\"success \",\"status_code\":\" 919029634011 \",\"data\":\"success | 919029634011 | 5439042553174286419-728cfbd42df04e58987a4cb7b1e9ac78\\n\"}','2025-05-22 12:10:26','2025-05-22 12:10:26'),
(570560,38,44,'chat_log',10,'API','919029634011','917304609236','{\"msg\":\"success\",\"status\":\"success\",\"status_code\":\"200\",\"data\":\"{\\\"response\\\":{\\\"phone\\\":\\\"919029634011\\\",\\\"details\\\":\\\"\\\",\\\"id\\\":\\\"5439042863598579823-4662225f1fb8447c9dd14a0071b6b8f5\\\",\\\"status\\\":\\\"success\\\"}}\"}','2025-05-22 12:11:03','2025-05-22 12:11:03'),
(570561,38,44,'chat_log',12,'API','919029634011','917304609236','{\"msg\":\" Invalid count for \\\"action.sections.rows\\\". Allowed min = 1, max = 10\\n\",\"status\":\"error \",\"status_code\":\" 348 \",\"data\":\"error | 348 | Invalid count for \\\"action.sections.rows\\\". Allowed min = 1, max = 10\\n\"}','2025-05-22 12:12:06','2025-05-22 12:12:06'),
(570562,38,44,'chat_log',14,'API','919029634011','917304609236','{\"msg\":\"success\",\"status\":\"success\",\"status_code\":\"200\",\"data\":\"{\\\"response\\\":{\\\"phone\\\":\\\"919029634011\\\",\\\"details\\\":\\\"\\\",\\\"id\\\":\\\"5439045513326465243-17839ff4b4fd4c5aaa3ea3a98802d1a7\\\",\\\"status\\\":\\\"success\\\"}}\"}','2025-05-22 12:16:19','2025-05-22 12:16:19'),
(570563,38,44,'chat_log',16,'API','919029634011','917304609236','{\"msg\":\" 5439045720328581204-d74700403c4b4788b4101a5cac7a69fd\\n\",\"status\":\"success \",\"status_code\":\" 919029634011 \",\"data\":\"success | 919029634011 | 5439045720328581204-d74700403c4b4788b4101a5cac7a69fd\\n\"}','2025-05-22 12:16:44','2025-05-22 12:16:44'),
(570564,38,44,'chat_log',18,'API','919029634011','917304609236','{\"msg\":\"success\",\"status\":\"success\",\"status_code\":\"200\",\"data\":\"{\\\"response\\\":{\\\"phone\\\":\\\"919029634011\\\",\\\"details\\\":\\\"\\\",\\\"id\\\":\\\"5439046361986539603-9240f4aa7f004303a1409b05eab033dd\\\",\\\"status\\\":\\\"success\\\"}}\"}','2025-05-22 12:18:00','2025-05-22 12:18:00'),
(570565,38,44,'chat_log',20,'API','919029634011','917304609236','{\"msg\":\" Invalid count for \\\"action.sections.rows\\\". Allowed min = 1, max = 10\\n\",\"status\":\"error \",\"status_code\":\" 348 \",\"data\":\"error | 348 | Invalid count for \\\"action.sections.rows\\\". Allowed min = 1, max = 10\\n\"}','2025-05-22 12:18:25','2025-05-22 12:18:25'),
(570566,38,44,'chat_log',22,'API','919029634011','917304609236','{\"msg\":\"success\",\"status\":\"success\",\"status_code\":\"200\",\"data\":\"{\\\"response\\\":{\\\"phone\\\":\\\"919029634011\\\",\\\"details\\\":\\\"\\\",\\\"id\\\":\\\"5439047753048719538-7747041205f04f48b78b062781880048\\\",\\\"status\\\":\\\"success\\\"}}\"}','2025-05-22 12:20:46','2025-05-22 12:20:46'),
(570567,38,44,'chat_log',24,'API','919029634011','917304609236','{\"msg\":\" 5439047789792661723-b71a76ceb9794d31954cf956f7b3e76a\\n\",\"status\":\"success \",\"status_code\":\" 919029634011 \",\"data\":\"success | 919029634011 | 5439047789792661723-b71a76ceb9794d31954cf956f7b3e76a\\n\"}','2025-05-22 12:20:51','2025-05-22 12:20:51'),
(570568,38,44,'chat_log',25,'API','919029634011','917304609236','{\"msg\":\"success\",\"status\":\"success\",\"status_code\":\"200\",\"data\":\"{\\\"response\\\":{\\\"phone\\\":\\\"919029634011\\\",\\\"details\\\":\\\"\\\",\\\"id\\\":\\\"5439047807906996307-7cbe4afad8eb4c0ebba2c7b6e0539baa\\\",\\\"status\\\":\\\"success\\\"}}\"}','2025-05-22 12:20:53','2025-05-22 12:20:53'),
(570569,38,44,'chat_log',27,'API','919029634011','917304609236','{\"msg\":\" Invalid count for \\\"action.sections.rows\\\". Allowed min = 1, max = 10\\n\",\"status\":\"error \",\"status_code\":\" 348 \",\"data\":\"error | 348 | Invalid count for \\\"action.sections.rows\\\". Allowed min = 1, max = 10\\n\"}','2025-05-22 12:20:56','2025-05-22 12:20:56'),
(570570,38,44,'chat_log',29,'API','919029634011','917304609236','{\"msg\":\"success\",\"status\":\"success\",\"status_code\":\"200\",\"data\":\"{\\\"response\\\":{\\\"phone\\\":\\\"919029634011\\\",\\\"details\\\":\\\"\\\",\\\"id\\\":\\\"5439048075421028463-066103e2bc064593b664fd988d97cd36\\\",\\\"status\\\":\\\"success\\\"}}\"}','2025-05-22 12:21:25','2025-05-22 12:21:25'),
(570571,38,44,'chat_log',31,'API','919029634011','917304609236','{\"msg\":\" Invalid count for \\\"action.sections.rows\\\". Allowed min = 1, max = 10\\n\",\"status\":\"error \",\"status_code\":\" 348 \",\"data\":\"error | 348 | Invalid count for \\\"action.sections.rows\\\". Allowed min = 1, max = 10\\n\"}','2025-05-22 12:23:02','2025-05-22 12:23:02'),
(570572,38,44,'chat_log',33,'API','919029634011','917304609236','{\"msg\":\"success\",\"status\":\"success\",\"status_code\":\"200\",\"data\":\"{\\\"response\\\":{\\\"phone\\\":\\\"919029634011\\\",\\\"details\\\":\\\"\\\",\\\"id\\\":\\\"5439051054986633389-4173e3cf463042af93bbd9b0d380c039\\\",\\\"status\\\":\\\"success\\\"}}\"}','2025-05-22 12:27:20','2025-05-22 12:27:20'),
(570573,38,44,'chat_log',34,'API','919029634011','917304609236','{\"msg\":\" 5439051087086186674-3e72d9de8e884289b9280e41f9d1f095\\n\",\"status\":\"success \",\"status_code\":\" 919029634011 \",\"data\":\"success | 919029634011 | 5439051087086186674-3e72d9de8e884289b9280e41f9d1f095\\n\"}','2025-05-22 12:27:23','2025-05-22 12:27:23'),
(570574,38,44,'chat_log',36,'API','919029634011','917304609236','{\"msg\":\"success\",\"status\":\"success\",\"status_code\":\"200\",\"data\":\"{\\\"response\\\":{\\\"phone\\\":\\\"919029634011\\\",\\\"details\\\":\\\"\\\",\\\"id\\\":\\\"5439051161949339759-bd7a28760d7e480c9869cc395a418bb4\\\",\\\"status\\\":\\\"success\\\"}}\"}','2025-05-22 12:27:33','2025-05-22 12:27:33'),
(570575,38,44,'chat_log',38,'API','919029634011','917304609236','{\"msg\":\" 5439051446163366000-47560e3608d443c0b440a47ced74bb11\\n\",\"status\":\"success \",\"status_code\":\" 919029634011 \",\"data\":\"success | 919029634011 | 5439051446163366000-47560e3608d443c0b440a47ced74bb11\\n\"}','2025-05-22 12:28:06','2025-05-22 12:28:06'),
(570576,38,44,'chat_log',40,'API','919029634011','917304609236','{\"msg\":\"success\",\"status\":\"success\",\"status_code\":\"200\",\"data\":\"{\\\"response\\\":{\\\"phone\\\":\\\"919029634011\\\",\\\"details\\\":\\\"\\\",\\\"id\\\":\\\"5439054244528578606-1a57851b5f444eabb636f9330cbde71a\\\",\\\"status\\\":\\\"success\\\"}}\"}','2025-05-22 12:33:40','2025-05-22 12:33:40'),
(570577,38,44,'chat_log',42,'API','919029634011','917304609236','{\"msg\":\" Invalid count for \\\"action.sections.rows\\\". Allowed min = 1, max = 10\\n\",\"status\":\"error \",\"status_code\":\" 348 \",\"data\":\"error | 348 | Invalid count for \\\"action.sections.rows\\\". Allowed min = 1, max = 10\\n\"}','2025-05-22 12:34:04','2025-05-22 12:34:04'),
(570578,38,44,'chat_log',44,'API','919029634011','917304609236','{\"msg\":\"success\",\"status\":\"success\",\"status_code\":\"200\",\"data\":\"{\\\"response\\\":{\\\"phone\\\":\\\"919029634011\\\",\\\"details\\\":\\\"\\\",\\\"id\\\":\\\"5439055112274886783-79f664c528e84c8a90a3ba9f308ec116\\\",\\\"status\\\":\\\"success\\\"}}\"}','2025-05-22 12:35:24','2025-05-22 12:35:24'),
(570579,38,44,'chat_log',46,'API','919029634011','917304609236','{\"msg\":\" 5439055241086861490-8795654d98d2420b9d5b970c81ac220b\\n\",\"status\":\"success \",\"status_code\":\" 919029634011 \",\"data\":\"success | 919029634011 | 5439055241086861490-8795654d98d2420b9d5b970c81ac220b\\n\"}','2025-05-22 12:35:39','2025-05-22 12:35:39'),
(570580,38,44,'chat_log',48,'API','919029634011','917304609236','{\"msg\":\" 5439056631792914546-287ab7e6f1d343458fe7253ae50d23de\\n\",\"status\":\"success \",\"status_code\":\" 919029634011 \",\"data\":\"success | 919029634011 | 5439056631792914546-287ab7e6f1d343458fe7253ae50d23de\\n\"}','2025-05-22 12:38:25','2025-05-22 12:38:25'),
(570581,38,44,'chat_log',50,'API','919029634011','917304609236','{\"msg\":\" 5439056700359954605-c0af9506889c4bf6905e682524a50e44\\n\",\"status\":\"success \",\"status_code\":\" 919029634011 \",\"data\":\"success | 919029634011 | 5439056700359954605-c0af9506889c4bf6905e682524a50e44\\n\"}','2025-05-22 12:38:33','2025-05-22 12:38:33'),
(570582,38,44,'chat_log',52,'API','919137691294','917304609236','{\"msg\":\"success\",\"status\":\"success\",\"status_code\":\"200\",\"data\":\"{\\\"response\\\":{\\\"phone\\\":\\\"919137691294\\\",\\\"details\\\":\\\"\\\",\\\"id\\\":\\\"5439057830422663252-02802e17e50748f5bf7bba61552a581b\\\",\\\"status\\\":\\\"success\\\"}}\"}','2025-05-22 12:40:47','2025-05-22 12:40:47'),
(570583,38,44,'chat_log',54,'API','919137691294','917304609236','{\"msg\":\" 5439058034495893723-c5ee1be1a1224bb0a2f5b22d51e83eff\\n\",\"status\":\"success \",\"status_code\":\" 919137691294 \",\"data\":\"success | 919137691294 | 5439058034495893723-c5ee1be1a1224bb0a2f5b22d51e83eff\\n\"}','2025-05-22 12:41:12','2025-05-22 12:41:12'),
(570584,38,44,'chat_log',56,'API','919137691294','917304609236','{\"msg\":\"success\",\"status\":\"success\",\"status_code\":\"200\",\"data\":\"{\\\"response\\\":{\\\"phone\\\":\\\"919137691294\\\",\\\"details\\\":\\\"\\\",\\\"id\\\":\\\"5439058564922069090-de72e1213c264d0d8389e433ad255fb6\\\",\\\"status\\\":\\\"success\\\"}}\"}','2025-05-22 12:42:15','2025-05-22 12:42:15'),
(570585,38,44,'chat_log',58,'API','919137691294','917304609236','{\"msg\":\" 5439059036599304238-b478d71e1663411ea86e8a8a892c3c6a\\n\",\"status\":\"success \",\"status_code\":\" 919137691294 \",\"data\":\"success | 919137691294 | 5439059036599304238-b478d71e1663411ea86e8a8a892c3c6a\\n\"}','2025-05-22 12:43:12','2025-05-22 12:43:12'),
(570586,38,44,'chat_log',60,'API','919029634011','917304609236','{\"msg\":\"success\",\"status\":\"success\",\"status_code\":\"200\",\"data\":\"{\\\"response\\\":{\\\"phone\\\":\\\"919029634011\\\",\\\"details\\\":\\\"\\\",\\\"id\\\":\\\"5439067432965767282-d4063bc715914105ba1aa2e6620482b8\\\",\\\"status\\\":\\\"success\\\"}}\"}','2025-05-22 12:59:52','2025-05-22 12:59:52'),
(570587,38,44,'chat_log',62,'API','919029634011','917304609236','{\"msg\":\" 5439067533796315250-06ab0149c9bf4e18a09a3567d7d9d139\\n\",\"status\":\"success \",\"status_code\":\" 919029634011 \",\"data\":\"success | 919029634011 | 5439067533796315250-06ab0149c9bf4e18a09a3567d7d9d139\\n\"}','2025-05-22 13:00:04','2025-05-22 13:00:04'),
(570588,38,44,'chat_log',65,'API','919029634011','917304609236','{\"msg\":\" 5439068944775610395-d20043ff2e6f4d10b8e51e5810ef12c3\\n\",\"status\":\"success \",\"status_code\":\" 919029634011 \",\"data\":\"success | 919029634011 | 5439068944775610395-d20043ff2e6f4d10b8e51e5810ef12c3\\n\"}','2025-05-22 13:02:52','2025-05-22 13:02:52'),
(570589,38,44,'chat_log',67,'API','919029634011','917304609236','{\"msg\":\" 5439070542841147570-488b99af4bc54ad3aa88f9dbedbae962\\n\",\"status\":\"success \",\"status_code\":\" 919029634011 \",\"data\":\"success | 919029634011 | 5439070542841147570-488b99af4bc54ad3aa88f9dbedbae962\\n\"}','2025-05-22 13:06:03','2025-05-22 13:06:03'),
(570590,38,44,'chat_log',69,'API','919029634011','917304609236','{\"msg\":\"success\",\"status\":\"success\",\"status_code\":\"200\",\"data\":\"{\\\"response\\\":{\\\"phone\\\":\\\"919029634011\\\",\\\"details\\\":\\\"\\\",\\\"id\\\":\\\"5439070675869200531-9d9bec32f274409784b05d28483a6d99\\\",\\\"status\\\":\\\"success\\\"}}\"}','2025-05-22 13:06:19','2025-05-22 13:06:19'),
(570591,38,44,'chat_log',73,'API','919029634011','917304609236','{\"msg\":\"success\",\"status\":\"success\",\"status_code\":\"200\",\"data\":\"{\\\"response\\\":{\\\"phone\\\":\\\"919029634011\\\",\\\"details\\\":\\\"\\\",\\\"id\\\":\\\"5439074175192756308-b5c814d5917f4b4e8a78ae729cf18e26\\\",\\\"status\\\":\\\"success\\\"}}\"}','2025-05-22 13:13:16','2025-05-22 13:13:16'),
(570592,38,44,'chat_log',74,'API','919029634011','917304609236','{\"msg\":\" 5439074199095652436-97698ef2337e44d4aa522a8262bfbd61\\n\",\"status\":\"success \",\"status_code\":\" 919029634011 \",\"data\":\"success | 919029634011 | 5439074199095652436-97698ef2337e44d4aa522a8262bfbd61\\n\"}','2025-05-22 13:13:19','2025-05-22 13:13:19'),
(570593,38,44,'chat_log',76,'API','919029634011','917304609236','{\"msg\":\" 5439074322709999728-cd3a142a17f14829a967a231ddcadf54\\n\",\"status\":\"success \",\"status_code\":\" 919029634011 \",\"data\":\"success | 919029634011 | 5439074322709999728-cd3a142a17f14829a967a231ddcadf54\\n\"}','2025-05-22 13:13:34','2025-05-22 13:13:34'),
(570594,38,44,'chat_log',78,'API','919029634011','917304609236','{\"msg\":\"success\",\"status\":\"success\",\"status_code\":\"200\",\"data\":\"{\\\"response\\\":{\\\"phone\\\":\\\"919029634011\\\",\\\"details\\\":\\\"\\\",\\\"id\\\":\\\"5439074513382568109-1ea3e96620684d65aaa18bb48877211d\\\",\\\"status\\\":\\\"success\\\"}}\"}','2025-05-22 13:13:57','2025-05-22 13:13:57'),
(570595,38,44,'chat_log',80,'API','919029634011','917304609236','{\"msg\":\"success\",\"status\":\"success\",\"status_code\":\"200\",\"data\":\"{\\\"response\\\":{\\\"phone\\\":\\\"919029634011\\\",\\\"details\\\":\\\"\\\",\\\"id\\\":\\\"5439075739836031090-89b988e9e45b4676a363e8249cc41a49\\\",\\\"status\\\":\\\"success\\\"}}\"}','2025-05-22 13:16:23','2025-05-22 13:16:23'),
(570596,38,44,'chat_log',81,'API','919029634011','917304609236','{\"msg\":\" 5439075763998928923-14a65dcd28474533bc161f563a02331d\\n\",\"status\":\"success \",\"status_code\":\" 919029634011 \",\"data\":\"success | 919029634011 | 5439075763998928923-14a65dcd28474533bc161f563a02331d\\n\"}','2025-05-22 13:16:26','2025-05-22 13:16:26'),
(570597,38,44,'chat_log',83,'API','919029634011','917304609236','{\"msg\":\" 5439075858226982969-82845707a0c647448c4fe4bdddc2011f\\n\",\"status\":\"success \",\"status_code\":\" 919029634011 \",\"data\":\"success | 919029634011 | 5439075858226982969-82845707a0c647448c4fe4bdddc2011f\\n\"}','2025-05-22 13:16:37','2025-05-22 13:16:37'),
(570598,38,44,'chat_log',85,'API','919029634011','917304609236','{\"msg\":\"success\",\"status\":\"success\",\"status_code\":\"200\",\"data\":\"{\\\"response\\\":{\\\"phone\\\":\\\"919029634011\\\",\\\"details\\\":\\\"\\\",\\\"id\\\":\\\"5439075940794724525-02996d02356e44a087c0220b1c51ae68\\\",\\\"status\\\":\\\"success\\\"}}\"}','2025-05-22 13:16:47','2025-05-22 13:16:47'),
(570599,38,44,'chat_log',87,'API','919029634011','917304609236','{\"msg\":\"success\",\"status\":\"success\",\"status_code\":\"200\",\"data\":\"{\\\"response\\\":{\\\"phone\\\":\\\"919029634011\\\",\\\"details\\\":\\\"\\\",\\\"id\\\":\\\"5439076075484348563-3a95fbb2a5fc4576a64ab3840742a108\\\",\\\"status\\\":\\\"success\\\"}}\"}','2025-05-22 13:17:02','2025-05-22 13:17:02'),
(570600,38,44,'chat_log',88,'API','919029634011','917304609236','{\"msg\":\" 5439076097871732848-821e5d069f1f429996254edabe7ab571\\n\",\"status\":\"success \",\"status_code\":\" 919029634011 \",\"data\":\"success | 919029634011 | 5439076097871732848-821e5d069f1f429996254edabe7ab571\\n\"}','2025-05-22 13:17:05','2025-05-22 13:17:05'),
(570601,38,44,'chat_log',90,'API','919029634011','917304609236','{\"msg\":\" 5439076551611183131-b4ac8de860844580b0053e6c4ab9b526\\n\",\"status\":\"success \",\"status_code\":\" 919029634011 \",\"data\":\"success | 919029634011 | 5439076551611183131-b4ac8de860844580b0053e6c4ab9b526\\n\"}','2025-05-22 13:17:59','2025-05-22 13:17:59'),
(570602,38,44,'chat_log',92,'API','919029634011','917304609236','{\"msg\":\"success\",\"status\":\"success\",\"status_code\":\"200\",\"data\":\"{\\\"response\\\":{\\\"phone\\\":\\\"919029634011\\\",\\\"details\\\":\\\"\\\",\\\"id\\\":\\\"5439076653383602323-f58679d3a138420391c3b8d0b449659a\\\",\\\"status\\\":\\\"success\\\"}}\"}','2025-05-22 13:18:11','2025-05-22 13:18:11'),
(570603,38,44,'chat_log',94,'API','919029634011','917304609236','{\"msg\":\"success\",\"status\":\"success\",\"status_code\":\"200\",\"data\":\"{\\\"response\\\":{\\\"phone\\\":\\\"919029634011\\\",\\\"details\\\":\\\"\\\",\\\"id\\\":\\\"5439076769060786288-ccf40acf77fa43fea7960430a234ab22\\\",\\\"status\\\":\\\"success\\\"}}\"}','2025-05-22 13:18:25','2025-05-22 13:18:25'),
(570604,38,44,'chat_log',95,'API','919029634011','917304609236','{\"msg\":\" 5439076796901134447-a9bd5e202aa747d29494066d3f27a3b0\\n\",\"status\":\"success \",\"status_code\":\" 919029634011 \",\"data\":\"success | 919029634011 | 5439076796901134447-a9bd5e202aa747d29494066d3f27a3b0\\n\"}','2025-05-22 13:18:28','2025-05-22 13:18:28'),
(570605,38,44,'chat_log',97,'API','919029634011','917304609236','{\"msg\":\"success\",\"status\":\"success\",\"status_code\":\"200\",\"data\":\"{\\\"response\\\":{\\\"phone\\\":\\\"919029634011\\\",\\\"details\\\":\\\"\\\",\\\"id\\\":\\\"5439077001344872494-6212d27e2ff04268b9f7243480052223\\\",\\\"status\\\":\\\"success\\\"}}\"}','2025-05-22 13:18:53','2025-05-22 13:18:53'),
(570606,38,44,'chat_log',99,'API','919029634011','917304609236','{\"msg\":\" 5439077147913367650-ef2cf27b97a44346a7ed48dee512b6ca\\n\",\"status\":\"success \",\"status_code\":\" 919029634011 \",\"data\":\"success | 919029634011 | 5439077147913367650-ef2cf27b97a44346a7ed48dee512b6ca\\n\"}','2025-05-22 13:19:10','2025-05-22 13:19:10'),
(570607,38,44,'chat_log',102,'API','919029634011','917304609236','{\"msg\":\"success\",\"status\":\"success\",\"status_code\":\"200\",\"data\":\"{\\\"response\\\":{\\\"phone\\\":\\\"919029634011\\\",\\\"details\\\":\\\"\\\",\\\"id\\\":\\\"5439080397310574638-955e08684b824eedbb15ee61a3e0e3a8\\\",\\\"status\\\":\\\"success\\\"}}\"}','2025-05-22 13:25:38','2025-05-22 13:25:38'),
(570608,38,44,'chat_log',105,'API','919029634011','917304609236','{\"msg\":\"success\",\"status\":\"success\",\"status_code\":\"200\",\"data\":\"{\\\"response\\\":{\\\"phone\\\":\\\"919029634011\\\",\\\"details\\\":\\\"\\\",\\\"id\\\":\\\"5439081427925295161-fbd27c7d33994d069497999584a3d634\\\",\\\"status\\\":\\\"success\\\"}}\"}','2025-05-22 13:27:41','2025-05-22 13:27:41'),
(570609,38,44,'chat_log',107,'API','919029634011','917304609236','{\"msg\":\"success\",\"status\":\"success\",\"status_code\":\"200\",\"data\":\"{\\\"response\\\":{\\\"phone\\\":\\\"919029634011\\\",\\\"details\\\":\\\"\\\",\\\"id\\\":\\\"5439081610445533403-75745273ba0e4bfa8326ea7e0d042a27\\\",\\\"status\\\":\\\"success\\\"}}\"}','2025-05-22 13:28:02','2025-05-22 13:28:02'),
(570610,38,44,'chat_log',110,'API','919029634011','917304609236','{\"msg\":\" 5439082387995717716-cce49c0c6f924f2790c5112993428aa1\\n\",\"status\":\"success \",\"status_code\":\" 919029634011 \",\"data\":\"success | 919029634011 | 5439082387995717716-cce49c0c6f924f2790c5112993428aa1\\n\"}','2025-05-22 13:29:35','2025-05-22 13:29:35'),
(570611,38,44,'chat_log',112,'API','919029634011','917304609236','{\"msg\":\" 5439082552779800659-ad0882b457eb46639920e7562eab6c42\\n\",\"status\":\"success \",\"status_code\":\" 919029634011 \",\"data\":\"success | 919029634011 | 5439082552779800659-ad0882b457eb46639920e7562eab6c42\\n\"}','2025-05-22 13:29:55','2025-05-22 13:29:55'),
(570612,38,44,'chat_log',114,'API','919029634011','917304609236','{\"msg\":\"success\",\"status\":\"success\",\"status_code\":\"200\",\"data\":\"{\\\"response\\\":{\\\"phone\\\":\\\"919029634011\\\",\\\"details\\\":\\\"\\\",\\\"id\\\":\\\"5439082671703011426-dade2e55a820489f9cf0475a5b739c46\\\",\\\"status\\\":\\\"success\\\"}}\"}','2025-05-22 13:30:10','2025-05-22 13:30:10'),
(570613,38,44,'chat_log',115,'API','919029634011','917304609236','{\"msg\":\" 5439082729967849556-807122339abe4648ac56f97b934ed0fa\\n\",\"status\":\"success \",\"status_code\":\" 919029634011 \",\"data\":\"success | 919029634011 | 5439082729967849556-807122339abe4648ac56f97b934ed0fa\\n\"}','2025-05-22 13:30:16','2025-05-22 13:30:16'),
(570614,38,44,'chat_log',117,'API','919029634011','917304609236','{\"msg\":\"success\",\"status\":\"success\",\"status_code\":\"200\",\"data\":\"{\\\"response\\\":{\\\"phone\\\":\\\"919029634011\\\",\\\"details\\\":\\\"\\\",\\\"id\\\":\\\"5439082741606379693-46ed8a4f954f4f9fa9e2d52b9e8265e2\\\",\\\"status\\\":\\\"success\\\"}}\"}','2025-05-22 13:30:17','2025-05-22 13:30:17'),
(570615,38,44,'chat_log',119,'API','919029634011','917304609236','{\"msg\":\"success\",\"status\":\"success\",\"status_code\":\"200\",\"data\":\"{\\\"response\\\":{\\\"phone\\\":\\\"919029634011\\\",\\\"details\\\":\\\"\\\",\\\"id\\\":\\\"5439082914218536987-14c880aaa1ad4761a6e1cd9891f65ba7\\\",\\\"status\\\":\\\"success\\\"}}\"}','2025-05-22 13:30:38','2025-05-22 13:30:38'),
(570616,38,44,'chat_log',120,'API','919029634011','917304609236','{\"msg\":\"success\",\"status\":\"success\",\"status_code\":\"200\",\"data\":\"{\\\"response\\\":{\\\"phone\\\":\\\"919029634011\\\",\\\"details\\\":\\\"\\\",\\\"id\\\":\\\"5439082995566981231-6fe8213926354e2fb93001924d4fe82c\\\",\\\"status\\\":\\\"success\\\"}}\"}','2025-05-22 13:30:47','2025-05-22 13:30:47'),
(570617,38,44,'chat_log',121,'API','919029634011','917304609236','{\"msg\":\"success\",\"status\":\"success\",\"status_code\":\"200\",\"data\":\"{\\\"response\\\":{\\\"phone\\\":\\\"919029634011\\\",\\\"details\\\":\\\"\\\",\\\"id\\\":\\\"5439083155055399085-a7bee4a2df8e4f14875afe144cccad74\\\",\\\"status\\\":\\\"success\\\"}}\"}','2025-05-22 13:31:06','2025-05-22 13:31:06'),
(570618,38,44,'chat_log',125,'API','919029634011','917304609236','{\"msg\":\"success\",\"status\":\"success\",\"status_code\":\"200\",\"data\":\"{\\\"response\\\":{\\\"phone\\\":\\\"919029634011\\\",\\\"details\\\":\\\"\\\",\\\"id\\\":\\\"5439083643187323099-9a5e65c8e3b043d1b7e8f7960b9bb3f0\\\",\\\"status\\\":\\\"success\\\"}}\"}','2025-05-22 13:32:05','2025-05-22 13:32:05'),
(570619,38,44,'chat_log',126,'API','919029634011','917304609236','{\"msg\":\"success\",\"status\":\"success\",\"status_code\":\"200\",\"data\":\"{\\\"response\\\":{\\\"phone\\\":\\\"919029634011\\\",\\\"details\\\":\\\"\\\",\\\"id\\\":\\\"5439083729706999981-4fd445edd1f64220af2c5b3673291a0f\\\",\\\"status\\\":\\\"success\\\"}}\"}','2025-05-22 13:32:15','2025-05-22 13:32:15'),
(570620,38,44,'chat_log',128,'API','919029634011','917304609236','{\"msg\":\"success\",\"status\":\"success\",\"status_code\":\"200\",\"data\":\"{\\\"response\\\":{\\\"phone\\\":\\\"919029634011\\\",\\\"details\\\":\\\"\\\",\\\"id\\\":\\\"5439130172148047984-32e48459799a423bba8ee9be83db8d9f\\\",\\\"status\\\":\\\"success\\\"}}\"}','2025-05-22 15:04:31','2025-05-22 15:04:31'),
(570621,38,44,'chat_log',129,'API','919029634011','917304609236','{\"msg\":\" 5439130196939923570-f3b8bb3cdc65465eae9c8bb3bd1a8715\\n\",\"status\":\"success \",\"status_code\":\" 919029634011 \",\"data\":\"success | 919029634011 | 5439130196939923570-f3b8bb3cdc65465eae9c8bb3bd1a8715\\n\"}','2025-05-22 15:04:34','2025-05-22 15:04:34'),
(570622,38,44,'chat_log',131,'API','919029634011','917304609236','{\"msg\":\"success\",\"status\":\"success\",\"status_code\":\"200\",\"data\":\"{\\\"response\\\":{\\\"phone\\\":\\\"919029634011\\\",\\\"details\\\":\\\"\\\",\\\"id\\\":\\\"5439130261081182335-ff26106b075d4fcb901888abc60c5c6b\\\",\\\"status\\\":\\\"success\\\"}}\"}','2025-05-22 15:04:43','2025-05-22 15:04:43'),
(570623,38,44,'chat_log',133,'API','919029634011','917304609236','{\"msg\":\" 5439130594873766061-c10a09949eb74c0299b725b435fc0ba5\\n\",\"status\":\"success \",\"status_code\":\" 919029634011 \",\"data\":\"success | 919029634011 | 5439130594873766061-c10a09949eb74c0299b725b435fc0ba5\\n\"}','2025-05-22 15:05:21','2025-05-22 15:05:21'),
(570624,38,44,'chat_log',134,'API','919137691294','917304609236','{\"msg\":\"success\",\"status\":\"success\",\"status_code\":\"200\",\"data\":\"{\\\"response\\\":{\\\"phone\\\":\\\"919137691294\\\",\\\"details\\\":\\\"\\\",\\\"id\\\":\\\"5439132937802137657-2394db3fa35e48a0a9c9c7b5a25dac3d\\\",\\\"status\\\":\\\"success\\\"}}\"}','2025-05-22 15:10:01','2025-05-22 15:10:01'),
(570625,38,44,'chat_log',135,'API','919029634011','917304609236','{\"msg\":\"success\",\"status\":\"success\",\"status_code\":\"200\",\"data\":\"{\\\"response\\\":{\\\"phone\\\":\\\"919029634011\\\",\\\"details\\\":\\\"\\\",\\\"id\\\":\\\"5439163174260768825-492cac2b520a478bb662d49cdef7c568\\\",\\\"status\\\":\\\"success\\\"}}\"}','2025-05-22 16:10:06','2025-05-22 16:10:06'),
(570626,38,44,'chat_log',137,'API','919029634011','917304609236','{\"msg\":\"success\",\"status\":\"success\",\"status_code\":\"200\",\"data\":\"{\\\"response\\\":{\\\"phone\\\":\\\"919029634011\\\",\\\"details\\\":\\\"\\\",\\\"id\\\":\\\"5439167491136049198-d9fb7cd461fd426a9a87d9aab96c2182\\\",\\\"status\\\":\\\"success\\\"}}\"}','2025-05-22 16:18:40','2025-05-22 16:18:40'),
(570627,38,44,'chat_log',138,'API','919029634011','917304609236','{\"msg\":\" 5439167512710430832-6d7f288be10743168f48c6caf3bce26e\\n\",\"status\":\"success \",\"status_code\":\" 919029634011 \",\"data\":\"success | 919029634011 | 5439167512710430832-6d7f288be10743168f48c6caf3bce26e\\n\"}','2025-05-22 16:18:42','2025-05-22 16:18:42'),
(570628,38,44,'chat_log',2,'API','919029634011','917304609236','{\"msg\":\" 5439180995068903551-e71835faf8204133af16b76e3e9046b2\\n\",\"status\":\"success \",\"status_code\":\" 919029634011 \",\"data\":\"success | 919029634011 | 5439180995068903551-e71835faf8204133af16b76e3e9046b2\\n\"}','2025-05-22 16:45:30','2025-05-22 16:45:30'),
(570629,38,44,'chat_log',4,'API','919029634011','917304609236','{\"msg\":\" 5439181333625110585-198d54a899fa421c88826c38270aaa8c\\n\",\"status\":\"success \",\"status_code\":\" 919029634011 \",\"data\":\"success | 919029634011 | 5439181333625110585-198d54a899fa421c88826c38270aaa8c\\n\"}','2025-05-22 16:46:10','2025-05-22 16:46:10'),
(570630,38,44,'chat_log',5,'API','919029634011','917304609236','{\"msg\":\"success\",\"status\":\"success\",\"status_code\":\"200\",\"data\":\"{\\\"response\\\":{\\\"phone\\\":\\\"919029634011\\\",\\\"details\\\":\\\"\\\",\\\"id\\\":\\\"5439198365957009486-f5a3f90557a847ab8f269b8aaf41e874\\\",\\\"status\\\":\\\"success\\\"}}\"}','2025-05-22 17:20:01','2025-05-22 17:20:01'),
(570631,38,44,'chat_log',6,'API','919029634011','917304609236','{\"msg\":\"success\",\"status\":\"success\",\"status_code\":\"200\",\"data\":\"{\\\"response\\\":{\\\"phone\\\":\\\"919029634011\\\",\\\"details\\\":\\\"\\\",\\\"id\\\":\\\"5439200304590364891-5e04a39960aa4265b0edcc0529336b32\\\",\\\"status\\\":\\\"success\\\"}}\"}','2025-05-22 17:23:52','2025-05-22 17:23:52'),
(570632,38,44,'chat_log',8,'API','919029634011','917304609236','{\"msg\":\"success\",\"status\":\"success\",\"status_code\":\"200\",\"data\":\"{\\\"response\\\":{\\\"phone\\\":\\\"919029634011\\\",\\\"details\\\":\\\"\\\",\\\"id\\\":\\\"5439200906288283726-8ecf03850ade4844bbe35a2c757f43a4\\\",\\\"status\\\":\\\"success\\\"}}\"}','2025-05-22 17:25:03','2025-05-22 17:25:03'),
(570633,38,44,'chat_log',9,'API','919029634011','917304609236','{\"msg\":\" 5439200929506648147-65d1be63dc21427fbeb81c8ae9a4f7bc\\n\",\"status\":\"success \",\"status_code\":\" 919029634011 \",\"data\":\"success | 919029634011 | 5439200929506648147-65d1be63dc21427fbeb81c8ae9a4f7bc\\n\"}','2025-05-22 17:25:06','2025-05-22 17:25:06'),
(570634,38,44,'chat_log',11,'API','919029634011','917304609236','{\"msg\":\"success\",\"status\":\"success\",\"status_code\":\"200\",\"data\":\"{\\\"response\\\":{\\\"phone\\\":\\\"919029634011\\\",\\\"details\\\":\\\"\\\",\\\"id\\\":\\\"5439202686136025134-b230b5cdcbcf40eea389f9d01b1dee93\\\",\\\"status\\\":\\\"success\\\"}}\"}','2025-05-22 17:28:35','2025-05-22 17:28:35'),
(570635,38,44,'chat_log',13,'API','919029634011','917304609236','{\"msg\":\" 5439202918190018617-c5dacb7b2bbf4858b0106f6f4c7e2fcb\\n\",\"status\":\"success \",\"status_code\":\" 919029634011 \",\"data\":\"success | 919029634011 | 5439202918190018617-c5dacb7b2bbf4858b0106f6f4c7e2fcb\\n\"}','2025-05-22 17:29:04','2025-05-22 17:29:04'),
(570636,38,44,'chat_log',15,'API','919029634011','917304609236','{\"msg\":\" 5439218292495143131-fc67ebf8f8c44f2997cd45ecfd9fb112\\n\",\"status\":\"success \",\"status_code\":\" 919029634011 \",\"data\":\"success | 919029634011 | 5439218292495143131-fc67ebf8f8c44f2997cd45ecfd9fb112\\n\"}','2025-05-22 17:59:36','2025-05-22 17:59:36'),
(570637,38,44,'chat_log',17,'API','919029634011','917304609236','{\"msg\":\" 5439218360734253113-7a4b98058ed74f9aa192ef827823cc02\\n\",\"status\":\"success \",\"status_code\":\" 919029634011 \",\"data\":\"success | 919029634011 | 5439218360734253113-7a4b98058ed74f9aa192ef827823cc02\\n\"}','2025-05-22 17:59:44','2025-05-22 17:59:44'),
(570638,38,44,'chat_log',19,'API','919029634011','917304609236','{\"msg\":\"success\",\"status\":\"success\",\"status_code\":\"200\",\"data\":\"{\\\"response\\\":{\\\"phone\\\":\\\"919029634011\\\",\\\"details\\\":\\\"\\\",\\\"id\\\":\\\"5439219833285947565-b5c17bf69eaa4fc18e4420616e2c989c\\\",\\\"status\\\":\\\"success\\\"}}\"}','2025-05-22 18:02:40','2025-05-22 18:02:40'),
(570639,38,44,'chat_log',20,'API','919029634011','917304609236','{\"msg\":\" 5439219880829735023-5078da80b906491eb9e2b2bb5b5c8a1b\\n\",\"status\":\"success \",\"status_code\":\" 919029634011 \",\"data\":\"success | 919029634011 | 5439219880829735023-5078da80b906491eb9e2b2bb5b5c8a1b\\n\"}','2025-05-22 18:02:45','2025-05-22 18:02:45'),
(570640,38,44,'chat_log',22,'API','919029634011','917304609236','{\"msg\":\"success\",\"status\":\"success\",\"status_code\":\"200\",\"data\":\"{\\\"response\\\":{\\\"phone\\\":\\\"919029634011\\\",\\\"details\\\":\\\"\\\",\\\"id\\\":\\\"5439225771498639417-fa27a7a3fa3c4504a007ad48392c04c2\\\",\\\"status\\\":\\\"success\\\"}}\"}','2025-05-22 18:14:28','2025-05-22 18:14:28'),
(570641,38,44,'chat_log',24,'API','919029634011','917304609236','{\"msg\":\" 5439225922311921842-68cd42348c714b0e85d843f37b25d851\\n\",\"status\":\"success \",\"status_code\":\" 919029634011 \",\"data\":\"success | 919029634011 | 5439225922311921842-68cd42348c714b0e85d843f37b25d851\\n\"}','2025-05-22 18:14:46','2025-05-22 18:14:46'),
(570642,38,44,'chat_log',26,'API','919029634011','917304609236','{\"msg\":\" 5439226592228802672-6ffbec31958b4dacafabec91c9595d65\\n\",\"status\":\"success \",\"status_code\":\" 919029634011 \",\"data\":\"success | 919029634011 | 5439226592228802672-6ffbec31958b4dacafabec91c9595d65\\n\"}','2025-05-22 18:16:06','2025-05-22 18:16:06'),
(570643,38,44,'chat_log',28,'API','919029634011','917304609236','{\"msg\":\" 5439226716212871252-bc9bf28b9b254cdf9e51670b0b0402df\\n\",\"status\":\"success \",\"status_code\":\" 919029634011 \",\"data\":\"success | 919029634011 | 5439226716212871252-bc9bf28b9b254cdf9e51670b0b0402df\\n\"}','2025-05-22 18:16:21','2025-05-22 18:16:21'),
(570644,38,44,'chat_log',2,'API','919029634011','917304609236','{\"msg\":\"success\",\"status\":\"success\",\"status_code\":\"200\",\"data\":\"{\\\"response\\\":{\\\"phone\\\":\\\"919029634011\\\",\\\"details\\\":\\\"\\\",\\\"id\\\":\\\"5439228025156898899-d521f15651ae4267ab3d5f6637fc0649\\\",\\\"status\\\":\\\"success\\\"}}\"}','2025-05-22 18:18:56','2025-05-22 18:18:56'),
(570645,38,44,'chat_log',3,'API','919029634011','917304609236','{\"msg\":\" 5439228077065560121-640300a9aaf942b1a83a4e56db47e133\\n\",\"status\":\"success \",\"status_code\":\" 919029634011 \",\"data\":\"success | 919029634011 | 5439228077065560121-640300a9aaf942b1a83a4e56db47e133\\n\"}','2025-05-22 18:19:02','2025-05-22 18:19:02'),
(570646,38,44,'chat_log',4,'API','919029634011','917304609236','{\"msg\":\"success\",\"status\":\"success\",\"status_code\":\"200\",\"data\":\"{\\\"response\\\":{\\\"phone\\\":\\\"919029634011\\\",\\\"details\\\":\\\"\\\",\\\"id\\\":\\\"5439228566419230898-c8d5794f03cd45d48bbf3ba5156351f3\\\",\\\"status\\\":\\\"success\\\"}}\"}','2025-05-22 18:20:01','2025-05-22 18:20:01'),
(570647,38,44,'chat_log',6,'API','919029634011','917304609236','{\"msg\":\"success\",\"status\":\"success\",\"status_code\":\"200\",\"data\":\"{\\\"response\\\":{\\\"phone\\\":\\\"919029634011\\\",\\\"details\\\":\\\"\\\",\\\"id\\\":\\\"5439241516311601179-dbd7b18c531f4c4d85d8944284eb6e13\\\",\\\"status\\\":\\\"success\\\"}}\"}','2025-05-22 18:45:45','2025-05-22 18:45:45'),
(570648,38,44,'chat_log',7,'API','919029634011','917304609236','{\"msg\":\" 5439241545103208562-b56eb84ec2eb4d7bbd7d812345d19bf1\\n\",\"status\":\"success \",\"status_code\":\" 919029634011 \",\"data\":\"success | 919029634011 | 5439241545103208562-b56eb84ec2eb4d7bbd7d812345d19bf1\\n\"}','2025-05-22 18:45:48','2025-05-22 18:45:48'),
(570649,38,44,'chat_log',9,'API','919029634011','917304609236','{\"msg\":\"success\",\"status\":\"success\",\"status_code\":\"200\",\"data\":\"{\\\"response\\\":{\\\"phone\\\":\\\"919029634011\\\",\\\"details\\\":\\\"\\\",\\\"id\\\":\\\"5439246541259743359-f3143b0211e5439aaf23dc17f806261f\\\",\\\"status\\\":\\\"success\\\"}}\"}','2025-05-22 18:55:44','2025-05-22 18:55:44'),
(570650,38,44,'chat_log',11,'API','919029634011','917304609236','{\"msg\":\" 5439246626899341459-e07a2808c5e7427abcb631c9261967d1\\n\",\"status\":\"success \",\"status_code\":\" 919029634011 \",\"data\":\"success | 919029634011 | 5439246626899341459-e07a2808c5e7427abcb631c9261967d1\\n\"}','2025-05-22 18:55:54','2025-05-22 18:55:54'),
(570651,38,44,'chat_log',2,'API','919029634011','917304609236','{\"msg\":\" 5439247172233965651-5de22f78add34862bd6ed25c751a1de4\\n\",\"status\":\"success \",\"status_code\":\" 919029634011 \",\"data\":\"success | 919029634011 | 5439247172233965651-5de22f78add34862bd6ed25c751a1de4\\n\"}','2025-05-22 18:56:59','2025-05-22 18:56:59'),
(570652,38,44,'chat_log',3,'API','919029634011','917304609236','{\"msg\":\"success\",\"status\":\"success\",\"status_code\":\"200\",\"data\":\"{\\\"response\\\":{\\\"phone\\\":\\\"919029634011\\\",\\\"details\\\":\\\"\\\",\\\"id\\\":\\\"5439247999348777138-3c5ac85fedae45e2a9df9d71fdd680e8\\\",\\\"status\\\":\\\"success\\\"}}\"}','2025-05-22 18:58:37','2025-05-22 18:58:37'),
(570653,38,44,'chat_log',5,'API','919029634011','917304609236','{\"msg\":\" 5439248172484849775-f0a83ea1f5054d6d8965230acc92048d\\n\",\"status\":\"success \",\"status_code\":\" 919029634011 \",\"data\":\"success | 919029634011 | 5439248172484849775-f0a83ea1f5054d6d8965230acc92048d\\n\"}','2025-05-22 18:58:58','2025-05-22 18:58:58'),
(570654,38,44,'chat_log',6,'API','919029634011','917304609236','{\"msg\":\"success\",\"status\":\"success\",\"status_code\":\"200\",\"data\":\"{\\\"response\\\":{\\\"phone\\\":\\\"919029634011\\\",\\\"details\\\":\\\"\\\",\\\"id\\\":\\\"5439278899310170226-cb62ed0425604d80b7318a1624466672\\\",\\\"status\\\":\\\"success\\\"}}\"}','2025-05-22 20:00:01','2025-05-22 20:00:01'),
(570655,38,44,'chat_log',8,'API','919029634011','917304609236','{\"msg\":\" 5439281297737085101-2fb2f5e7d9e44d2c9b041cfb5fbf5111\\n\",\"status\":\"success \",\"status_code\":\" 919029634011 \",\"data\":\"success | 919029634011 | 5439281297737085101-2fb2f5e7d9e44d2c9b041cfb5fbf5111\\n\"}','2025-05-22 20:04:47','2025-05-22 20:04:47'),
(570656,38,44,'chat_log',9,'API','919029634011','917304609236','{\"msg\":\"success\",\"status\":\"success\",\"status_code\":\"200\",\"data\":\"{\\\"response\\\":{\\\"phone\\\":\\\"919029634011\\\",\\\"details\\\":\\\"\\\",\\\"id\\\":\\\"5439314128288968787-16360f0b2fbb4879b2fbb6a5bf097495\\\",\\\"status\\\":\\\"success\\\"}}\"}','2025-05-22 21:10:00','2025-05-22 21:10:00'),
(570657,38,44,'chat_log',11,'API','919029634011','917304609236','{\"msg\":\" 5439785541384511545-46f1773218b8492aa6c9a66dcd2d3317\\n\",\"status\":\"success \",\"status_code\":\" 919029634011 \",\"data\":\"success | 919029634011 | 5439785541384511545-46f1773218b8492aa6c9a66dcd2d3317\\n\"}','2025-05-23 12:46:37','2025-05-23 12:46:37'),
(570658,38,44,'chat_log',13,'API','919029634011','917304609236','{\"msg\":\"success\",\"status\":\"success\",\"status_code\":\"200\",\"data\":\"{\\\"response\\\":{\\\"phone\\\":\\\"919029634011\\\",\\\"details\\\":\\\"\\\",\\\"id\\\":\\\"5439785649050362003-b3bfaebc4f07423ab63e01dc96e25ba7\\\",\\\"status\\\":\\\"success\\\"}}\"}','2025-05-23 12:46:50','2025-05-23 12:46:50'),
(570659,38,44,'chat_log',15,'API','919029634011','917304609236','{\"msg\":\"success\",\"status\":\"success\",\"status_code\":\"200\",\"data\":\"{\\\"response\\\":{\\\"phone\\\":\\\"919029634011\\\",\\\"details\\\":\\\"\\\",\\\"id\\\":\\\"5439785759223050459-59c67da5e252456c80841f9bdb073882\\\",\\\"status\\\":\\\"success\\\"}}\"}','2025-05-23 12:47:04','2025-05-23 12:47:04'),
(570660,38,44,'chat_log',17,'API','919029634011','917304609236','{\"msg\":\"success\",\"status\":\"success\",\"status_code\":\"200\",\"data\":\"{\\\"response\\\":{\\\"phone\\\":\\\"919029634011\\\",\\\"details\\\":\\\"\\\",\\\"id\\\":\\\"5439786119338496178-412d6303f2574e28a972e9d04dea4fce\\\",\\\"status\\\":\\\"success\\\"}}\"}','2025-05-23 12:47:46','2025-05-23 12:47:46'),
(570661,38,44,'chat_log',19,'API','919029634011','917304609236','{\"msg\":\"success\",\"status\":\"success\",\"status_code\":\"200\",\"data\":\"{\\\"response\\\":{\\\"phone\\\":\\\"919029634011\\\",\\\"details\\\":\\\"\\\",\\\"id\\\":\\\"5439786209039786157-9b2e5b49f1374050b26803cd8e3ff394\\\",\\\"status\\\":\\\"success\\\"}}\"}','2025-05-23 12:47:57','2025-05-23 12:47:57'),
(570662,38,44,'chat_log',20,'API','919029634011','917304609236','{\"msg\":\"success\",\"status\":\"success\",\"status_code\":\"200\",\"data\":\"{\\\"response\\\":{\\\"phone\\\":\\\"919029634011\\\",\\\"details\\\":\\\"\\\",\\\"id\\\":\\\"5439786239270432851-2b9e912a4e844fdfb08eabbd7b821359\\\",\\\"status\\\":\\\"success\\\"}}\"}','2025-05-23 12:48:00','2025-05-23 12:48:00'),
(570663,38,44,'chat_log',22,'API','919029634011','917304609236','{\"msg\":\"success\",\"status\":\"success\",\"status_code\":\"200\",\"data\":\"{\\\"response\\\":{\\\"phone\\\":\\\"919029634011\\\",\\\"details\\\":\\\"\\\",\\\"id\\\":\\\"5439786425282379954-e4517ada86ca45299ff2e113f3b47936\\\",\\\"status\\\":\\\"success\\\"}}\"}','2025-05-23 12:48:23','2025-05-23 12:48:23'),
(570664,38,44,'chat_log',23,'API','919029634011','917304609236','{\"msg\":\" 5439786450902700115-a90257e9cdc8497baad0858836bdb255\\n\",\"status\":\"success \",\"status_code\":\" 919029634011 \",\"data\":\"success | 919029634011 | 5439786450902700115-a90257e9cdc8497baad0858836bdb255\\n\"}','2025-05-23 12:48:26','2025-05-23 12:48:26'),
(570665,38,44,'chat_log',25,'API','919029634011','917304609236','{\"msg\":\" 5439787262360522863-4779e856c8ee486b9536d37fb8b5a6b0\\n\",\"status\":\"success \",\"status_code\":\" 919029634011 \",\"data\":\"success | 919029634011 | 5439787262360522863-4779e856c8ee486b9536d37fb8b5a6b0\\n\"}','2025-05-23 12:50:03','2025-05-23 12:50:03'),
(570666,38,44,'chat_log',27,'API','919029634011','917304609236','{\"msg\":\" 5439787356325326926-8452124c4d1049f996a2c30bdd6b811d\\n\",\"status\":\"success \",\"status_code\":\" 919029634011 \",\"data\":\"success | 919029634011 | 5439787356325326926-8452124c4d1049f996a2c30bdd6b811d\\n\"}','2025-05-23 12:50:14','2025-05-23 12:50:14'),
(570667,38,44,'chat_log',29,'API','919029634011','917304609236','{\"msg\":\" 5439787419435016275-f5bf0829c32d4acaaeea9c5a63ece20a\\n\",\"status\":\"success \",\"status_code\":\" 919029634011 \",\"data\":\"success | 919029634011 | 5439787419435016275-f5bf0829c32d4acaaeea9c5a63ece20a\\n\"}','2025-05-23 12:50:22','2025-05-23 12:50:22'),
(570668,38,44,'chat_log',31,'API','919029634011','917304609236','{\"msg\":\"success\",\"status\":\"success\",\"status_code\":\"200\",\"data\":\"{\\\"response\\\":{\\\"phone\\\":\\\"919029634011\\\",\\\"details\\\":\\\"\\\",\\\"id\\\":\\\"5439787506717675634-f2589fc5adbe400f870219dfd19f6590\\\",\\\"status\\\":\\\"success\\\"}}\"}','2025-05-23 12:50:32','2025-05-23 12:50:32'),
(570669,38,44,'chat_log',32,'API','919029634011','917304609236','{\"msg\":\"success\",\"status\":\"success\",\"status_code\":\"200\",\"data\":\"{\\\"response\\\":{\\\"phone\\\":\\\"919029634011\\\",\\\"details\\\":\\\"\\\",\\\"id\\\":\\\"5439787635242242221-3912f925fbcd4d7f98448ecab9b89450\\\",\\\"status\\\":\\\"success\\\"}}\"}','2025-05-23 12:50:47','2025-05-23 12:50:47'),
(570670,38,44,'chat_log',36,'API','919029634011','917304609236','{\"msg\":\"success\",\"status\":\"success\",\"status_code\":\"200\",\"data\":\"{\\\"response\\\":{\\\"phone\\\":\\\"919029634011\\\",\\\"details\\\":\\\"\\\",\\\"id\\\":\\\"5439788469064966258-367cdce7d40c4db8a434faf38bf4d2aa\\\",\\\"status\\\":\\\"success\\\"}}\"}','2025-05-23 12:52:27','2025-05-23 12:52:27'),
(570671,38,44,'chat_log',37,'API','919029634011','917304609236','{\"msg\":\"success\",\"status\":\"success\",\"status_code\":\"200\",\"data\":\"{\\\"response\\\":{\\\"phone\\\":\\\"919029634011\\\",\\\"details\\\":\\\"\\\",\\\"id\\\":\\\"5439789134173454414-5e9ad56131a2404e805d5560cde49851\\\",\\\"status\\\":\\\"success\\\"}}\"}','2025-05-23 12:53:46','2025-05-23 12:53:46'),
(570672,38,44,'chat_log',39,'API','919029634011','917304609236','{\"msg\":\"success\",\"status\":\"success\",\"status_code\":\"200\",\"data\":\"{\\\"response\\\":{\\\"phone\\\":\\\"919029634011\\\",\\\"details\\\":\\\"\\\",\\\"id\\\":\\\"5439794725387788402-3cbe21a3e9a0486b9ac115159bb09894\\\",\\\"status\\\":\\\"success\\\"}}\"}','2025-05-23 13:04:52','2025-05-23 13:04:52'),
(570673,38,44,'chat_log',40,'API','919029634011','917304609236','{\"msg\":\" 5439794748619772016-8718df3f4c104ae4a2a8c92e89bc1d81\\n\",\"status\":\"success \",\"status_code\":\" 919029634011 \",\"data\":\"success | 919029634011 | 5439794748619772016-8718df3f4c104ae4a2a8c92e89bc1d81\\n\"}','2025-05-23 13:04:55','2025-05-23 13:04:55'),
(570674,38,44,'chat_log',42,'API','919029634011','917304609236','{\"msg\":\"success\",\"status\":\"success\",\"status_code\":\"200\",\"data\":\"{\\\"response\\\":{\\\"phone\\\":\\\"919029634011\\\",\\\"details\\\":\\\"\\\",\\\"id\\\":\\\"5439794853252145236-5817a2dbde254dddb6374fa6c93c57c3\\\",\\\"status\\\":\\\"success\\\"}}\"}','2025-05-23 13:05:08','2025-05-23 13:05:08'),
(570675,38,44,'chat_log',43,'API','919029634011','917304609236','{\"msg\":\" 5439794881350570098-f417db09c204425294030697fb26a472\\n\",\"status\":\"success \",\"status_code\":\" 919029634011 \",\"data\":\"success | 919029634011 | 5439794881350570098-f417db09c204425294030697fb26a472\\n\"}','2025-05-23 13:05:11','2025-05-23 13:05:11'),
(570676,38,44,'chat_log',45,'API','919029634011','917304609236','{\"msg\":\"success\",\"status\":\"success\",\"status_code\":\"200\",\"data\":\"{\\\"response\\\":{\\\"phone\\\":\\\"919029634011\\\",\\\"details\\\":\\\"\\\",\\\"id\\\":\\\"5439794907347714221-a46197677dc445a1bcd893723ac349c4\\\",\\\"status\\\":\\\"success\\\"}}\"}','2025-05-23 13:05:14','2025-05-23 13:05:14'),
(570677,38,44,'chat_log',47,'API','919029634011','917304609236','{\"msg\":\"success\",\"status\":\"success\",\"status_code\":\"200\",\"data\":\"{\\\"response\\\":{\\\"phone\\\":\\\"919029634011\\\",\\\"details\\\":\\\"\\\",\\\"id\\\":\\\"5439794947062689819-20d1b64c95fd464b8c05e52f39cd0bb5\\\",\\\"status\\\":\\\"success\\\"}}\"}','2025-05-23 13:05:19','2025-05-23 13:05:19'),
(570678,38,44,'chat_log',49,'API','919029634011','917304609236','{\"msg\":\" 5439796230314934419-b947aa5295c14702a92e9a29ceb31919\\n\",\"status\":\"success \",\"status_code\":\" 919029634011 \",\"data\":\"success | 919029634011 | 5439796230314934419-b947aa5295c14702a92e9a29ceb31919\\n\"}','2025-05-23 13:07:52','2025-05-23 13:07:52'),
(570679,38,44,'chat_log',51,'API','919029634011','917304609236','{\"msg\":\" 5439796562571808895-0de2be2f9a4a49e8a21b24640173e5e7\\n\",\"status\":\"success \",\"status_code\":\" 919029634011 \",\"data\":\"success | 919029634011 | 5439796562571808895-0de2be2f9a4a49e8a21b24640173e5e7\\n\"}','2025-05-23 13:08:31','2025-05-23 13:08:31'),
(570680,38,44,'chat_log',53,'API','919029634011','917304609236','{\"msg\":\" 5439797436959842331-c4d46c0ec2e24c72bf2c9d57a470ca33\\n\",\"status\":\"success \",\"status_code\":\" 919029634011 \",\"data\":\"success | 919029634011 | 5439797436959842331-c4d46c0ec2e24c72bf2c9d57a470ca33\\n\"}','2025-05-23 13:10:15','2025-05-23 13:10:15'),
(570681,38,44,'chat_log',55,'API','919029634011','917304609236','{\"msg\":\"success\",\"status\":\"success\",\"status_code\":\"200\",\"data\":\"{\\\"response\\\":{\\\"phone\\\":\\\"919029634011\\\",\\\"details\\\":\\\"\\\",\\\"id\\\":\\\"5439797678062170226-3d79283c5d7440b9b7fa3922be6a38f3\\\",\\\"status\\\":\\\"success\\\"}}\"}','2025-05-23 13:10:44','2025-05-23 13:10:44'),
(570682,38,44,'chat_log',56,'API','919029634011','917304609236','{\"msg\":\"success\",\"status\":\"success\",\"status_code\":\"200\",\"data\":\"{\\\"response\\\":{\\\"phone\\\":\\\"919029634011\\\",\\\"details\\\":\\\"\\\",\\\"id\\\":\\\"5439797698765848622-1bfc8025516b4b9b9e54079d943b9b8b\\\",\\\"status\\\":\\\"success\\\"}}\"}','2025-05-23 13:10:47','2025-05-23 13:10:47'),
(570683,38,44,'chat_log',57,'API','919029634011','917304609236','{\"msg\":\"success\",\"status\":\"success\",\"status_code\":\"200\",\"data\":\"{\\\"response\\\":{\\\"phone\\\":\\\"919029634011\\\",\\\"details\\\":\\\"\\\",\\\"id\\\":\\\"5439797911486029922-721aa61109464f94a71a891095895a9a\\\",\\\"status\\\":\\\"success\\\"}}\"}','2025-05-23 13:11:12','2025-05-23 13:11:12'),
(570684,38,44,'chat_log',59,'API','917738691223','917304609236','{\"msg\":\" 5440666202276110420-2084c6a0f7ba47649a446d910ebf6735\\n\",\"status\":\"success \",\"status_code\":\" 917738691223 \",\"data\":\"success | 917738691223 | 5440666202276110420-2084c6a0f7ba47649a446d910ebf6735\\n\"}','2025-05-24 17:56:20','2025-05-24 17:56:20'),
(570685,38,44,'chat_log',61,'API','917738691223','917304609236','{\"msg\":\"success\",\"status\":\"success\",\"status_code\":\"200\",\"data\":\"{\\\"response\\\":{\\\"phone\\\":\\\"917738691223\\\",\\\"details\\\":\\\"\\\",\\\"id\\\":\\\"5440666243377483890-f3b3603bffa9491a80faf377917c6d7d\\\",\\\"status\\\":\\\"success\\\"}}\"}','2025-05-24 17:56:26','2025-05-24 17:56:26'),
(570686,38,44,'chat_log',63,'API','917506493373','917304609236','{\"msg\":\" 5440668248535654578-dbdf93e7c7e74a2488ff0ef8d1b51dd4\\n\",\"status\":\"success \",\"status_code\":\" 917506493373 \",\"data\":\"success | 917506493373 | 5440668248535654578-dbdf93e7c7e74a2488ff0ef8d1b51dd4\\n\"}','2025-05-24 18:00:25','2025-05-24 18:00:25'),
(570687,38,44,'chat_log',65,'API','917506493373','917304609236','{\"msg\":\"success\",\"status\":\"success\",\"status_code\":\"200\",\"data\":\"{\\\"response\\\":{\\\"phone\\\":\\\"917506493373\\\",\\\"details\\\":\\\"\\\",\\\"id\\\":\\\"5440668350878027903-6fe99d8b07344ed99ffe23a927c196ca\\\",\\\"status\\\":\\\"success\\\"}}\"}','2025-05-24 18:00:36','2025-05-24 18:00:36'),
(570688,38,44,'chat_log',66,'API','917506493373','917304609236','{\"msg\":\" 5440668389991202900-af5a5706d7b54c4c903c4758bf8eb930\\n\",\"status\":\"success \",\"status_code\":\" 917506493373 \",\"data\":\"success | 917506493373 | 5440668389991202900-af5a5706d7b54c4c903c4758bf8eb930\\n\"}','2025-05-24 18:00:41','2025-05-24 18:00:41'),
(570689,38,44,'chat_log',68,'API','917506493373','917304609236','{\"msg\":\" 5440668489142702253-040e7ef661374cb9a207b57352f6a42a\\n\",\"status\":\"success \",\"status_code\":\" 917506493373 \",\"data\":\"success | 917506493373 | 5440668489142702253-040e7ef661374cb9a207b57352f6a42a\\n\"}','2025-05-24 18:00:53','2025-05-24 18:00:53'),
(570690,38,44,'chat_log',69,'API','917506493373','917304609236','{\"msg\":\"success\",\"status\":\"success\",\"status_code\":\"200\",\"data\":\"{\\\"response\\\":{\\\"phone\\\":\\\"917506493373\\\",\\\"details\\\":\\\"\\\",\\\"id\\\":\\\"5440703285571895380-c8686fe24d9541cb857505f63dea4be2\\\",\\\"status\\\":\\\"success\\\"}}\"}','2025-05-24 19:10:01','2025-05-24 19:10:01'),
(570691,38,44,'chat_log',71,'API','917738691223','917304609236','{\"msg\":\" 5442645741401956463-7b10223e451642798936c017de38863b\\n\",\"status\":\"success \",\"status_code\":\" 917738691223 \",\"data\":\"success | 917738691223 | 5442645741401956463-7b10223e451642798936c017de38863b\\n\"}','2025-05-27 11:29:20','2025-05-27 11:29:20'),
(570692,38,44,'chat_log',72,'API','917738691223','917304609236','{\"msg\":\"success\",\"status\":\"success\",\"status_code\":\"200\",\"data\":\"{\\\"response\\\":{\\\"phone\\\":\\\"917738691223\\\",\\\"details\\\":\\\"\\\",\\\"id\\\":\\\"5442681319261741170-f187f9a439734e9b81f02b4552e45f6a\\\",\\\"status\\\":\\\"success\\\"}}\"}','2025-05-27 12:40:01','2025-05-27 12:40:01'),
(570693,38,44,'chat_log',74,'API','917718943161','917304609236','{\"msg\":\" 5443353705467961401-bb5d32fb2ff041fb91a86a4be369ee4d\\n\",\"status\":\"success \",\"status_code\":\" 917718943161 \",\"data\":\"success | 917718943161 | 5443353705467961401-bb5d32fb2ff041fb91a86a4be369ee4d\\n\"}','2025-05-28 10:55:56','2025-05-28 10:55:56'),
(570694,38,44,'chat_log',76,'API','917718943161','917304609236','{\"msg\":\" 5443353822860902573-b5fbc021de7647ac9ca1e61accc9cb31\\n\",\"status\":\"success \",\"status_code\":\" 917718943161 \",\"data\":\"success | 917718943161 | 5443353822860902573-b5fbc021de7647ac9ca1e61accc9cb31\\n\"}','2025-05-28 10:56:10','2025-05-28 10:56:10'),
(570695,38,44,'chat_log',78,'API','917718943161','917304609236','{\"msg\":\" 5443353875831902427-e0b1d7ba03194b74b98ba44beee503c7\\n\",\"status\":\"success \",\"status_code\":\" 917718943161 \",\"data\":\"success | 917718943161 | 5443353875831902427-e0b1d7ba03194b74b98ba44beee503c7\\n\"}','2025-05-28 10:56:16','2025-05-28 10:56:16'),
(570696,38,44,'chat_log',80,'API','917718943161','917304609236','{\"msg\":\"success\",\"status\":\"success\",\"status_code\":\"200\",\"data\":\"{\\\"response\\\":{\\\"phone\\\":\\\"917718943161\\\",\\\"details\\\":\\\"\\\",\\\"id\\\":\\\"5443353951887200354-c837f974e5094e7683ecb9f95c9d8910\\\",\\\"status\\\":\\\"success\\\"}}\"}','2025-05-28 10:56:25','2025-05-28 10:56:25');

/*Table structure for table `api_users` */

DROP TABLE IF EXISTS `api_users`;

CREATE TABLE `api_users` (
  `id` int NOT NULL AUTO_INCREMENT,
  `client` varchar(255) DEFAULT NULL,
  `campaign_id` varchar(50) DEFAULT NULL,
  `username` varchar(50) DEFAULT NULL,
  `password` varchar(50) DEFAULT NULL,
  `flag` enum('0','1') DEFAULT NULL,
  `created_at` datetime DEFAULT NULL,
  `updated_at` datetime DEFAULT NULL,
  PRIMARY KEY (`id`)
) ENGINE=InnoDB AUTO_INCREMENT=4 DEFAULT CHARSET=latin1;

/*Data for the table `api_users` */

insert  into `api_users`(`id`,`client`,`campaign_id`,`username`,`password`,`flag`,`created_at`,`updated_at`) values 
(2,'33','40','cpuser1','cpuser1',NULL,NULL,NULL),
(3,'5','19','testuser1','testuser1',NULL,NULL,NULL);

/*Table structure for table `break_log` */

DROP TABLE IF EXISTS `break_log`;

CREATE TABLE `break_log` (
  `id` int NOT NULL AUTO_INCREMENT,
  `client_id` int DEFAULT NULL,
  `campaign_id` int DEFAULT NULL,
  `break_id` varchar(50) DEFAULT NULL,
  `break_name` varchar(50) DEFAULT NULL,
  `user_id` int DEFAULT NULL,
  `start_time` datetime DEFAULT NULL,
  `end_time` datetime DEFAULT NULL,
  `break_time` time DEFAULT NULL,
  `activity_status` enum('1','2') DEFAULT '1' COMMENT '1=active, 2=inactive',
  `total_break_time` time DEFAULT NULL,
  `created_at` timestamp NOT NULL DEFAULT CURRENT_TIMESTAMP,
  `updated_at` timestamp NOT NULL DEFAULT CURRENT_TIMESTAMP ON UPDATE CURRENT_TIMESTAMP,
  PRIMARY KEY (`id`)
) ENGINE=InnoDB AUTO_INCREMENT=18399 DEFAULT CHARSET=latin1;

/*Data for the table `break_log` */

insert  into `break_log`(`id`,`client_id`,`campaign_id`,`break_id`,`break_name`,`user_id`,`start_time`,`end_time`,`break_time`,`activity_status`,`total_break_time`,`created_at`,`updated_at`) values 
(73,5,NULL,'L1','Login',22,'2023-12-01 15:31:51',NULL,NULL,'2',NULL,'2023-12-01 15:31:51','2024-01-14 18:01:14'),
(74,5,NULL,'R1','Ready',22,'2023-12-01 15:36:49','2023-12-01 15:37:04','00:00:15','2',NULL,'2023-12-01 15:36:49','2024-01-14 18:01:14'),
(75,5,NULL,'10','tea',22,'2023-12-01 15:37:04','2023-12-01 16:24:55','00:47:51','2',NULL,'2023-12-01 15:37:04','2024-01-14 18:01:14'),
(76,5,NULL,'R1','Ready',22,'2023-12-01 16:24:55',NULL,NULL,'2',NULL,'2023-12-01 16:24:55','2024-01-14 18:01:14'),
(77,5,NULL,'L1','Login',23,'2023-12-04 12:00:01','2023-12-04 12:00:29','00:00:28','2',NULL,'2023-12-04 12:00:01','2024-01-14 18:01:14'),
(78,5,NULL,'L1','Login',23,'2023-12-04 12:22:36','2023-12-04 12:57:06','00:34:30','2',NULL,'2023-12-04 12:22:36','2024-01-14 18:01:14'),
(79,5,NULL,'L1','Login',23,'2023-12-04 14:27:40',NULL,NULL,'2',NULL,'2023-12-04 14:27:40','2024-01-14 18:01:14'),
(80,5,NULL,'L1','Login',23,'2023-12-06 11:25:31','2023-12-06 11:45:33','00:20:02','2',NULL,'2023-12-06 11:25:31','2024-01-14 18:01:14'),
(81,5,NULL,'L1','Login',22,'2023-12-06 11:45:52','2023-12-06 12:12:04','00:26:12','2',NULL,'2023-12-06 11:45:52','2024-01-14 18:01:14'),
(82,5,NULL,'L1','Login',22,'2023-12-06 12:20:18',NULL,'01:26:12','2',NULL,'2023-12-06 12:20:18','2024-01-14 18:01:14'),
(83,5,NULL,'L1','Login',22,'2023-12-06 16:51:22',NULL,NULL,'2',NULL,'2023-12-06 16:51:22','2024-01-14 18:01:14'),
(84,5,NULL,'L1','Login',22,'2023-12-06 17:00:12',NULL,NULL,'2',NULL,'2023-12-06 17:00:12','2024-01-14 18:01:14'),
(85,5,NULL,'L1','Login',23,'2023-12-06 17:51:58','2023-12-06 17:52:07','00:00:09','2',NULL,'2023-12-06 17:51:58','2024-01-14 18:01:14'),
(86,5,NULL,'L1','Login',22,'2023-12-07 10:50:29','2023-12-07 11:41:49','00:51:20','2',NULL,'2023-12-07 10:50:29','2024-01-14 18:01:14'),
(87,5,NULL,'R1','Ready',22,'2023-12-07 10:56:13','2023-12-07 10:56:25','00:00:12','2',NULL,'2023-12-07 10:56:13','2024-01-14 18:01:14'),
(88,5,NULL,'10','tea',22,'2023-12-07 10:56:25','2023-12-07 18:53:59','07:57:34','2',NULL,'2023-12-07 10:56:25','2024-01-14 18:01:14'),
(89,5,NULL,'L1','Login',22,'2023-12-07 14:33:48','2023-12-07 14:35:43','00:01:55','2',NULL,'2023-12-07 14:33:48','2024-01-14 18:01:14'),
(90,5,NULL,'L1','Login',22,'2023-12-07 14:35:53','2023-12-07 15:08:25','00:32:32','2',NULL,'2023-12-07 14:35:53','2024-01-14 18:01:14'),
(91,5,NULL,'L1','Login',22,'2023-12-07 15:08:38','2023-12-07 15:09:48','00:01:10','2',NULL,'2023-12-07 15:08:38','2024-01-14 18:01:14'),
(92,5,NULL,'L1','Login',22,'2023-12-07 15:26:59','2023-12-07 16:51:46','01:24:47','2',NULL,'2023-12-07 15:26:59','2024-01-14 18:01:14'),
(93,5,NULL,'L1','Login',22,'2023-12-07 16:51:56','2023-12-07 17:21:11','00:29:15','2',NULL,'2023-12-07 16:51:56','2024-01-14 18:01:14'),
(94,5,NULL,'L1','Login',22,'2023-12-07 17:21:22','2023-12-07 18:53:59','01:32:37','2',NULL,'2023-12-07 17:21:22','2024-01-14 18:01:14'),
(95,5,NULL,'L1','Login',23,'2023-12-07 19:09:08',NULL,NULL,'2',NULL,'2023-12-07 19:09:08','2024-01-14 18:01:14'),
(96,5,NULL,'L1','Login',23,'2023-12-07 19:10:29',NULL,NULL,'2',NULL,'2023-12-07 19:10:29','2024-01-14 18:01:14'),
(97,5,NULL,'R1','Ready',23,'2023-12-07 19:11:10',NULL,NULL,'2',NULL,'2023-12-07 19:11:10','2024-01-14 18:01:14'),
(98,5,NULL,'L1','Login',22,'2023-12-08 12:58:26',NULL,NULL,'2',NULL,'2023-12-08 12:58:26','2024-01-14 18:01:14'),
(99,5,NULL,'R1','Ready',22,'2023-12-08 13:00:00','2023-12-08 13:00:14','00:00:14','2',NULL,'2023-12-08 13:00:00','2024-01-14 18:01:14'),
(100,5,NULL,'S1','Soft',22,'2023-12-08 13:00:14','2023-12-08 13:00:41','00:00:27','2',NULL,'2023-12-08 13:00:14','2024-01-14 18:01:14'),
(101,5,NULL,'R1','Ready',22,'2023-12-08 13:00:41','2023-12-08 13:01:23','00:00:42','2',NULL,'2023-12-08 13:00:41','2024-01-14 18:01:14'),
(102,5,NULL,'R1','Ready',22,'2023-12-08 13:01:23','2023-12-08 13:01:28','00:00:05','2',NULL,'2023-12-08 13:01:23','2024-01-14 18:01:14'),
(103,5,NULL,'S1','Soft',22,'2023-12-08 13:01:28','2023-12-08 18:33:38','05:32:10','2',NULL,'2023-12-08 13:01:28','2024-01-14 18:01:14'),
(104,5,NULL,'L1','Login',22,'2023-12-08 18:24:58','2023-12-08 18:33:38','00:08:40','2',NULL,'2023-12-08 18:24:58','2024-01-14 18:01:14'),
(105,5,NULL,'L1','Login',22,'2023-12-09 11:04:20','2023-12-09 11:52:47','00:48:27','2',NULL,'2023-12-09 11:04:20','2024-01-14 18:01:14'),
(106,5,NULL,'L1','Login',22,'2023-12-09 11:53:02','2023-12-09 11:55:08','00:02:06','2',NULL,'2023-12-09 11:53:02','2024-01-14 18:01:14'),
(107,5,NULL,'L1','Login',22,'2023-12-09 11:55:27',NULL,NULL,'2',NULL,'2023-12-09 11:55:27','2024-01-14 18:01:14'),
(108,5,NULL,'L1','Login',22,'2023-12-09 12:36:56','2023-12-09 12:39:44','00:02:48','2',NULL,'2023-12-09 12:36:56','2024-01-14 18:01:14'),
(109,5,NULL,'L1','Login',22,'2023-12-09 12:40:49',NULL,NULL,'2',NULL,'2023-12-09 12:40:49','2024-01-14 18:01:14'),
(110,5,NULL,'L1','Login',22,'2023-12-09 12:55:41',NULL,NULL,'2',NULL,'2023-12-09 12:55:41','2024-01-14 18:01:14'),
(111,5,NULL,'L1','Login',22,'2023-12-09 12:59:00','2023-12-09 12:59:37','00:00:37','2',NULL,'2023-12-09 12:59:00','2024-01-14 18:01:14'),
(112,5,NULL,'L1','Login',22,'2023-12-09 13:04:42',NULL,NULL,'2',NULL,'2023-12-09 13:04:42','2024-01-14 18:01:14'),
(113,5,NULL,'R1','Ready',22,'2023-12-09 13:05:05','2023-12-09 13:05:27','00:00:22','2',NULL,'2023-12-09 13:05:05','2024-01-14 18:01:14'),
(114,5,NULL,'R1','Ready',22,'2023-12-09 13:05:27','2023-12-09 13:05:43','00:00:16','2',NULL,'2023-12-09 13:05:27','2024-01-14 18:01:14'),
(115,5,NULL,'S1','Soft',22,'2023-12-09 13:05:43','2023-12-09 13:09:13','00:03:30','2',NULL,'2023-12-09 13:05:43','2024-01-14 18:01:14'),
(116,5,NULL,'R1','Ready',22,'2023-12-09 13:09:13','2023-12-09 13:12:22','00:03:09','2',NULL,'2023-12-09 13:09:13','2024-01-14 18:01:14'),
(117,5,NULL,'R1','Ready',22,'2023-12-09 13:12:22','2023-12-09 13:12:28','00:00:06','2',NULL,'2023-12-09 13:12:22','2024-01-14 18:01:14'),
(118,5,NULL,'S1','Soft',22,'2023-12-09 13:12:28','2023-12-09 15:07:11','01:54:43','2',NULL,'2023-12-09 13:12:28','2024-01-14 18:01:14'),
(119,5,NULL,'L1','Login',22,'2023-12-09 15:05:55','2023-12-09 15:14:06','00:08:11','2',NULL,'2023-12-09 15:05:55','2024-01-14 18:01:14'),
(120,5,NULL,'R1','Ready',22,'2023-12-09 15:07:11','2023-12-09 15:07:34','00:00:23','2',NULL,'2023-12-09 15:07:11','2024-01-14 18:01:14'),
(121,5,NULL,'R1','Ready',22,'2023-12-09 15:07:34','2023-12-09 15:13:28','00:05:54','2',NULL,'2023-12-09 15:07:34','2024-01-14 18:01:14'),
(122,5,NULL,'R1','Ready',22,'2023-12-09 15:13:28','2023-12-09 15:14:06','00:00:38','2',NULL,'2023-12-09 15:13:28','2024-01-14 18:01:14'),
(123,5,NULL,'L1','Login',22,'2023-12-09 15:14:33',NULL,NULL,'2',NULL,'2023-12-09 15:14:33','2024-01-14 18:01:14'),
(124,5,NULL,'R1','Ready',22,'2023-12-09 15:14:43','2023-12-09 15:19:22','00:04:39','2',NULL,'2023-12-09 15:14:43','2024-01-14 18:01:14'),
(125,5,NULL,'R1','Ready',22,'2023-12-09 15:19:22','2023-12-09 15:52:19','00:32:57','2',NULL,'2023-12-09 15:19:22','2024-01-14 18:01:14'),
(126,5,NULL,'L1','Login',22,'2023-12-09 15:22:34','2023-12-09 15:52:19','00:29:45','2',NULL,'2023-12-09 15:22:34','2024-01-14 18:01:14'),
(127,5,NULL,'L1','Login',22,'2023-12-09 15:52:31',NULL,NULL,'2',NULL,'2023-12-09 15:52:31','2024-01-14 18:01:14'),
(128,5,NULL,'L1','Login',22,'2023-12-09 16:09:11',NULL,NULL,'2',NULL,'2023-12-09 16:09:11','2024-01-14 18:01:14'),
(129,5,NULL,'L1','Login',22,'2023-12-09 16:20:34',NULL,NULL,'2',NULL,'2023-12-09 16:20:34','2024-01-14 18:01:14'),
(130,5,NULL,'L1','Login',22,'2023-12-09 16:36:59',NULL,NULL,'2',NULL,'2023-12-09 16:36:59','2024-01-14 18:01:14'),
(131,5,NULL,'L1','Login',22,'2023-12-09 18:17:43',NULL,NULL,'2',NULL,'2023-12-09 18:17:43','2024-01-14 18:01:14'),
(132,5,NULL,'L1','Login',22,'2023-12-10 09:22:05','2023-12-10 09:45:06','00:23:01','2',NULL,'2023-12-10 09:22:05','2024-01-14 18:01:14'),
(18350,35,NULL,'L1','Login',46,'2025-05-08 15:24:15','2025-05-08 17:48:52','02:24:37','2',NULL,'2025-05-08 15:24:15','2025-05-08 17:48:52'),
(18351,35,NULL,'R1','Ready',46,'2025-05-08 15:24:39','2025-05-08 15:25:00','00:00:21','2',NULL,'2025-05-08 15:24:39','2025-05-08 15:25:00'),
(18352,35,NULL,'267','Tea',46,'2025-05-08 15:25:00','2025-05-08 15:25:06','00:00:06','2',NULL,'2025-05-08 15:25:00','2025-05-08 15:25:06'),
(18353,35,NULL,'R1','Ready',46,'2025-05-08 15:25:06','2025-05-08 15:37:11','00:12:05','2',NULL,'2025-05-08 15:25:06','2025-05-08 15:37:11'),
(18354,35,NULL,'268','bio',46,'2025-05-08 15:37:11','2025-05-08 15:37:15','00:00:04','2',NULL,'2025-05-08 15:37:11','2025-05-08 15:37:15'),
(18355,35,NULL,'R1','Ready',46,'2025-05-08 15:37:15','2025-05-08 15:37:23','00:00:08','2',NULL,'2025-05-08 15:37:15','2025-05-08 15:37:23'),
(18356,35,NULL,'S1','Soft',46,'2025-05-08 15:37:23','2025-05-08 17:48:51','02:11:28','2',NULL,'2025-05-08 15:37:23','2025-05-08 17:48:51'),
(18357,35,NULL,'L1','Login',46,'2025-05-08 17:48:23','2025-05-08 17:48:51','00:00:28','2',NULL,'2025-05-08 17:48:23','2025-05-08 17:48:51'),
(18358,35,NULL,'L1','Login',46,'2025-05-08 17:57:13','2025-05-08 17:59:31','00:02:18','2',NULL,'2025-05-08 17:57:13','2025-05-08 17:59:31'),
(18359,35,NULL,'R1','Ready',46,'2025-05-08 17:57:16','2025-05-08 17:59:00','00:01:44','2',NULL,'2025-05-08 17:57:16','2025-05-08 17:59:00'),
(18360,35,NULL,'S1','Soft',46,'2025-05-08 17:59:00','2025-05-08 17:59:06','00:00:06','2',NULL,'2025-05-08 17:59:00','2025-05-08 17:59:06'),
(18361,35,NULL,'R1','Ready',46,'2025-05-08 17:59:06','2025-05-08 17:59:13','00:00:07','2',NULL,'2025-05-08 17:59:06','2025-05-08 17:59:13'),
(18362,35,NULL,'269','lunch',46,'2025-05-08 17:59:13','2025-05-08 17:59:24','00:00:11','2',NULL,'2025-05-08 17:59:13','2025-05-08 17:59:24'),
(18363,35,NULL,'R1','Ready',46,'2025-05-08 17:59:24','2025-05-08 17:59:31','00:00:07','2',NULL,'2025-05-08 17:59:24','2025-05-08 17:59:31'),
(18364,35,NULL,'L1','Login',46,'2025-05-08 17:59:42','2025-05-08 23:59:51',NULL,'1',NULL,'2025-05-08 17:59:42','2025-05-08 23:59:51'),
(18365,35,NULL,'R1','Ready',46,'2025-05-09 11:12:41','2025-05-09 11:12:52','00:00:11','2',NULL,'2025-05-09 11:12:41','2025-05-09 11:12:52'),
(18366,38,NULL,'L1','Login',98,'2025-05-19 17:33:40','2025-05-19 17:36:58','00:03:18','2',NULL,'2025-05-19 17:33:40','2025-05-19 17:36:58'),
(18367,38,NULL,'R1','Ready',98,'2025-05-19 17:34:12','2025-05-19 17:34:19','00:00:07','2',NULL,'2025-05-19 17:34:12','2025-05-19 17:34:19'),
(18368,38,NULL,'297','Tea',98,'2025-05-19 17:34:19','2025-05-19 17:35:00','00:00:41','2',NULL,'2025-05-19 17:34:19','2025-05-19 17:35:00'),
(18369,38,NULL,'R1','Ready',98,'2025-05-19 17:35:00','2025-05-19 17:36:36','00:01:36','2',NULL,'2025-05-19 17:35:00','2025-05-19 17:36:36'),
(18370,38,NULL,'S1','Soft',98,'2025-05-19 17:36:36','2025-05-19 17:36:58','00:00:22','2',NULL,'2025-05-19 17:36:36','2025-05-19 17:36:58'),
(18371,38,NULL,'L1','Login',98,'2025-05-19 18:19:32','2025-05-19 19:07:06','00:47:34','2',NULL,'2025-05-19 18:19:32','2025-05-19 19:07:07'),
(18372,38,NULL,'R1','Ready',98,'2025-05-19 18:19:40','2025-05-19 18:41:55','00:22:15','2',NULL,'2025-05-19 18:19:40','2025-05-19 18:41:55'),
(18373,38,NULL,'298','Lunch',98,'2025-05-19 18:41:55','2025-05-19 19:07:06','00:25:11','2',NULL,'2025-05-19 18:41:55','2025-05-19 19:07:06'),
(18374,38,NULL,'L1','Login',98,'2025-05-20 10:52:34','2025-05-20 11:02:15','00:09:41','2',NULL,'2025-05-20 10:52:34','2025-05-20 11:02:15'),
(18375,38,NULL,'L1','Login',98,'2025-05-20 14:52:30','2025-05-20 16:20:47','01:28:17','2',NULL,'2025-05-20 14:52:30','2025-05-20 16:20:48'),
(18376,38,NULL,'R1','Ready',98,'2025-05-20 14:53:56','2025-05-20 15:21:43','00:27:47','2',NULL,'2025-05-20 14:53:56','2025-05-20 15:21:43'),
(18377,38,NULL,'S1','Soft',98,'2025-05-20 15:21:43','2025-05-20 15:24:55','00:03:12','2',NULL,'2025-05-20 15:21:43','2025-05-20 15:24:55'),
(18378,38,NULL,'R1','Ready',98,'2025-05-20 15:24:55','2025-05-20 15:30:50','00:05:55','2',NULL,'2025-05-20 15:24:55','2025-05-20 15:30:50'),
(18379,38,NULL,'298','Lunch',98,'2025-05-20 15:30:50','2025-05-20 15:30:51','00:00:01','2',NULL,'2025-05-20 15:30:50','2025-05-20 15:30:51'),
(18380,38,NULL,'298','Lunch',98,'2025-05-20 15:30:51','2025-05-20 15:38:24','00:07:33','2',NULL,'2025-05-20 15:30:51','2025-05-20 15:38:24'),
(18381,38,NULL,'R1','Ready',98,'2025-05-20 15:38:24','2025-05-20 16:20:47','00:42:23','2',NULL,'2025-05-20 15:38:24','2025-05-20 16:20:47'),
(18382,38,NULL,'L1','Login',98,'2025-05-21 11:51:22','2025-05-21 12:30:09','00:38:47','2',NULL,'2025-05-21 11:51:22','2025-05-21 12:30:09'),
(18383,38,NULL,'L1','Login',98,'2025-05-21 11:51:24','2025-05-21 12:30:08','00:38:44','2',NULL,'2025-05-21 11:51:24','2025-05-21 12:30:08'),
(18384,38,NULL,'R1','Ready',98,'2025-05-21 11:51:29','2025-05-21 12:30:08','00:38:39','2',NULL,'2025-05-21 11:51:29','2025-05-21 12:30:08'),
(18385,38,NULL,'L1','Login',98,'2025-05-21 12:31:17','2025-05-21 13:07:26','00:36:09','2',NULL,'2025-05-21 12:31:17','2025-05-21 13:07:26'),
(18386,38,NULL,'R1','Ready',98,'2025-05-21 12:31:33','2025-05-21 12:58:07','00:26:34','2',NULL,'2025-05-21 12:31:33','2025-05-21 12:58:07'),
(18387,38,NULL,'S1','Soft',98,'2025-05-21 12:58:07','2025-05-21 12:58:11','00:00:04','2',NULL,'2025-05-21 12:58:07','2025-05-21 12:58:11'),
(18388,38,NULL,'R1','Ready',98,'2025-05-21 12:58:11','2025-05-21 13:07:26','00:09:15','2',NULL,'2025-05-21 12:58:11','2025-05-21 13:07:26'),
(18389,38,NULL,'L1','Login',98,'2025-05-21 13:25:22','2025-05-21 18:12:33','04:47:11','2',NULL,'2025-05-21 13:25:22','2025-05-21 18:12:33'),
(18390,38,NULL,'R1','Ready',98,'2025-05-21 13:25:25','2025-05-21 18:12:33','04:47:08','2',NULL,'2025-05-21 13:25:25','2025-05-21 18:12:33'),
(18391,38,NULL,'L1','Login',98,'2025-05-21 18:35:52','2025-05-21 18:35:54',NULL,'1',NULL,'2025-05-21 18:35:52','2025-05-21 18:35:54'),
(18392,38,NULL,'R1','Ready',98,'2025-05-21 18:35:56','2025-05-21 20:09:44',NULL,'1',NULL,'2025-05-21 18:35:56','2025-05-21 20:09:44'),
(18393,38,NULL,'L1','Login',98,'2025-05-22 13:30:03','2025-05-22 13:32:32','00:02:29','2',NULL,'2025-05-22 13:30:03','2025-05-22 13:32:32'),
(18394,38,NULL,'R1','Ready',98,'2025-05-22 13:30:37','2025-05-22 13:32:32','00:01:55','2',NULL,'2025-05-22 13:30:37','2025-05-22 13:32:32'),
(18395,38,NULL,'L1','Login',98,'2025-05-22 15:57:24','2025-05-22 19:05:11','03:07:47','2',NULL,'2025-05-22 15:57:24','2025-05-22 19:05:12'),
(18396,38,NULL,'R1','Ready',98,'2025-05-22 15:57:28','2025-05-22 19:05:11','03:07:43','2',NULL,'2025-05-22 15:57:28','2025-05-22 19:05:11'),
(18397,38,NULL,'L1','Login',98,'2025-05-23 11:14:32','2025-05-23 14:50:30','03:35:58','2',NULL,'2025-05-23 11:14:32','2025-05-23 14:50:30'),
(18398,38,NULL,'R1','Ready',98,'2025-05-23 12:45:45','2025-05-23 14:50:30','02:04:45','2',NULL,'2025-05-23 12:45:45','2025-05-23 14:50:30');

/*Table structure for table `breaks` */

DROP TABLE IF EXISTS `breaks`;

CREATE TABLE `breaks` (
  `id` int NOT NULL AUTO_INCREMENT,
  `client_id` int DEFAULT NULL,
  `campaign_id` int DEFAULT NULL,
  `name` varchar(45) DEFAULT NULL,
  `status` tinyint DEFAULT NULL COMMENT 'COMMENT ''1=> Active, 2=> In Active''',
  `created_at` timestamp NULL DEFAULT NULL,
  `updated_at` timestamp NULL DEFAULT NULL,
  `created_by` int DEFAULT NULL,
  `updated_by` int DEFAULT NULL,
  `deleted_at` tinyint DEFAULT NULL,
  PRIMARY KEY (`id`)
) ENGINE=InnoDB AUTO_INCREMENT=299 DEFAULT CHARSET=latin1;

/*Data for the table `breaks` */

insert  into `breaks`(`id`,`client_id`,`campaign_id`,`name`,`status`,`created_at`,`updated_at`,`created_by`,`updated_by`,`deleted_at`) values 
(1,5,22,'tea',2,'2023-10-26 16:17:04','2023-12-06 10:53:54',1,NULL,2),
(2,5,22,'lunck',2,'2023-10-26 16:17:04','2023-12-06 10:53:54',1,NULL,2),
(3,5,22,'meeting',2,'2023-10-26 16:17:04','2023-12-06 10:53:54',1,NULL,2),
(4,5,22,'bio',2,'2023-10-26 16:17:04','2023-12-06 10:53:54',1,NULL,2),
(13,5,20,'fdhdfthdrth',2,'2023-10-27 11:57:15','2023-12-06 10:53:50',1,NULL,2),
(14,5,20,'hserhdtrhsderh',2,'2023-10-27 11:57:15','2023-12-06 10:53:50',1,NULL,2),
(19,24,32,'BIO',1,'2023-12-11 14:49:33','2023-12-11 14:49:33',1,NULL,1),
(20,24,32,'Tea',1,'2023-12-11 14:49:33','2023-12-11 14:49:33',1,NULL,1),
(21,24,32,'Lunch',1,'2023-12-11 14:49:33','2023-12-11 14:49:33',1,NULL,1),
(22,24,32,'Team Meeting',1,'2023-12-11 14:49:33','2023-12-11 14:49:33',1,NULL,1),
(23,24,32,'Training',1,'2023-12-11 14:49:33','2023-12-11 14:49:33',1,NULL,1),
(46,5,24,'tea',1,'2023-12-12 19:55:18','2023-12-12 19:55:18',1,1,1),
(47,5,24,'lunch',1,'2023-12-12 19:55:18','2023-12-12 19:55:18',1,1,1),
(48,5,24,'bio',1,'2023-12-12 19:55:18','2023-12-12 19:55:18',1,1,1),
(49,5,24,'softbreak',2,'2023-12-12 19:55:18','2023-12-12 19:55:18',1,1,2),
(56,5,19,'tea',1,'2024-01-02 14:57:55','2024-01-02 14:57:55',1,1,1),
(57,5,19,'bio',1,'2024-01-02 14:57:55','2024-01-02 14:57:55',1,1,1),
(58,5,19,'Lunch',1,'2024-01-02 14:57:56','2024-01-02 14:57:56',1,1,1),
(59,5,19,'Meeting',1,'2024-01-02 14:57:56','2024-01-02 14:57:56',1,1,1),
(196,34,41,'Tea',1,'2024-01-09 19:08:31','2024-01-09 19:08:31',1,NULL,1),
(197,34,41,'Bio',1,'2024-01-09 19:08:31','2024-01-09 19:08:31',1,NULL,1),
(198,34,41,'Lunch',1,'2024-01-09 19:08:31','2024-01-09 19:08:31',1,NULL,1),
(199,34,41,'Meeting',1,'2024-01-09 19:08:31','2024-01-09 19:08:31',1,NULL,1),
(200,34,41,'Soft',1,'2024-01-09 19:08:31','2024-01-09 19:08:31',1,NULL,1),
(247,36,38,'tea',1,'2024-01-15 19:27:39','2024-01-15 19:27:39',1,1,1),
(248,36,38,'bio',1,'2024-01-15 19:27:39','2024-01-15 19:27:39',1,1,1),
(249,36,38,'lunch',1,'2024-01-15 19:27:39','2024-01-15 19:27:39',1,1,1),
(250,36,38,'meeting',1,'2024-01-15 19:27:39','2024-01-15 19:27:39',1,1,1),
(257,33,40,'tea',1,'2024-01-15 19:30:20','2024-01-15 19:30:20',1,1,1),
(258,33,40,'bio',1,'2024-01-15 19:30:20','2024-01-15 19:30:20',1,1,1),
(259,33,40,'lunch',1,'2024-01-15 19:30:20','2024-01-15 19:30:20',1,1,1),
(260,33,40,'meeting',1,'2024-01-15 19:30:20','2024-01-15 19:30:20',1,1,1),
(267,35,37,'Tea',1,'2024-01-15 19:32:01','2024-01-15 19:32:01',1,1,1),
(268,35,37,'bio',1,'2024-01-15 19:32:01','2024-01-15 19:32:01',1,1,1),
(269,35,37,'lunch',1,'2024-01-15 19:32:01','2024-01-15 19:32:01',1,1,1),
(270,35,37,'meeting',1,'2024-01-15 19:32:01','2024-01-15 19:32:01',1,1,1),
(295,5,43,'tea',1,'2025-05-08 15:20:13','2025-05-08 15:20:13',1,1,1),
(296,5,43,'washroom',1,'2025-05-08 15:20:13','2025-05-08 15:20:13',1,1,1),
(297,38,44,'Tea',1,'2025-05-19 16:50:56','2025-05-19 16:50:56',1,NULL,1),
(298,38,44,'Lunch',1,'2025-05-19 16:50:56','2025-05-19 16:50:56',1,NULL,1);

/*Table structure for table `bulkfile_log` */

DROP TABLE IF EXISTS `bulkfile_log`;

CREATE TABLE `bulkfile_log` (
  `id` int NOT NULL AUTO_INCREMENT,
  `client_id` int DEFAULT NULL,
  `campaign_id` int DEFAULT NULL,
  `filename` varchar(250) DEFAULT NULL,
  `download_url` varchar(250) DEFAULT NULL,
  `cnt` int DEFAULT NULL,
  `is_processed` tinyint(1) DEFAULT NULL COMMENT '1 => initial, 2=> processed',
  `status` tinyint(1) DEFAULT NULL,
  `created_at` timestamp NOT NULL DEFAULT CURRENT_TIMESTAMP,
  `updated_at` timestamp NOT NULL DEFAULT CURRENT_TIMESTAMP ON UPDATE CURRENT_TIMESTAMP,
  `created_by` int DEFAULT NULL,
  `templete_id` int DEFAULT NULL,
  PRIMARY KEY (`id`)
) ENGINE=InnoDB DEFAULT CHARSET=latin1;

/*Data for the table `bulkfile_log` */

/*Table structure for table `call_window` */

DROP TABLE IF EXISTS `call_window`;

CREATE TABLE `call_window` (
  `id` int NOT NULL AUTO_INCREMENT,
  `title` varchar(45) DEFAULT NULL,
  `from` varchar(45) DEFAULT NULL,
  `to` varchar(45) DEFAULT NULL,
  `status` enum('1','2') DEFAULT NULL COMMENT '1=>''active'',2=>inactive',
  `created_at` timestamp NULL DEFAULT NULL,
  `created_by` int DEFAULT NULL,
  `campaign_id` int DEFAULT NULL,
  `client_id` int DEFAULT NULL,
  `updated_at` timestamp NULL DEFAULT NULL,
  `updated_by` int DEFAULT NULL,
  PRIMARY KEY (`id`)
) ENGINE=InnoDB AUTO_INCREMENT=42 DEFAULT CHARSET=latin1;

/*Data for the table `call_window` */

insert  into `call_window`(`id`,`title`,`from`,`to`,`status`,`created_at`,`created_by`,`campaign_id`,`client_id`,`updated_at`,`updated_by`) values 
(14,'1000TO2330','1000','2330','1','2023-10-25 19:12:32',1,19,5,'2024-09-30 11:57:38',NULL),
(19,'08:00TO21:30','08:00','21:30','1','2023-12-06 12:53:01',1,24,5,'2023-12-07 17:41:01',NULL),
(20,'08:00TO18:00','08:00','18:00','1','2023-12-06 20:02:08',1,25,5,'2023-12-06 20:02:08',NULL),
(21,'08:00TO19:00','08:00','19:00','1','2023-12-07 17:34:53',1,26,5,'2023-12-07 17:34:53',NULL),
(22,'08:00TO23:30','08:00','23:30','1','2023-12-07 17:49:45',1,27,5,'2023-12-07 17:49:45',NULL),
(23,'800TO2030','800','2030','1','2023-12-08 11:34:38',1,28,5,'2023-12-22 14:05:08',NULL),
(24,'0800TO1830','0800','1830','1','2023-12-11 13:36:50',1,30,5,'2023-12-11 13:36:50',NULL),
(25,'800TO1730','800','1730','1','2023-12-11 13:48:41',1,31,5,'2023-12-11 14:35:39',NULL),
(26,'0800TO0800','0800','0800','1','2023-12-11 14:47:48',1,32,24,'2023-12-11 14:47:48',NULL),
(27,'800TO1830','800','1830','1','2023-12-12 15:55:40',1,33,5,'2023-12-12 15:55:56',NULL),
(28,'800TO2030','800','2030','1','2023-12-13 19:39:58',1,34,5,'2023-12-13 19:40:55',NULL),
(29,'800TO1800','800','1800','2','2023-12-14 13:52:24',1,35,5,'2023-12-21 16:01:52',NULL),
(30,'800TO1800','800','1800','1','2024-01-02 15:00:14',1,36,5,'2024-01-04 12:09:40',NULL),
(31,'900TO1800','900','1800','1','2024-01-09 16:24:52',1,37,33,'2024-11-15 18:13:06',NULL),
(32,'900TO1800','900','1800','1','2024-01-09 16:26:28',1,38,33,'2024-02-02 18:06:27',NULL),
(33,'900TO2100','900','2100','1','2024-01-09 16:27:45',1,39,33,'2024-12-17 20:00:37',NULL),
(34,'900TO1800','900','1800','1','2024-01-09 16:29:13',1,40,33,'2024-01-14 19:20:49',NULL),
(35,'0500TO2330','0500','2330','1','2024-01-09 19:01:18',1,41,34,'2024-01-09 19:01:18',NULL),
(36,'0800TO2330','0800','2330','1','2024-01-09 19:11:57',1,42,34,'2024-01-09 19:11:57',NULL),
(37,'800TO1800','800','1800','1','2024-01-22 20:54:13',1,43,5,'2024-01-22 20:54:35',NULL),
(38,'0900TO1800','0900','1800','1','2024-06-20 17:22:40',1,44,38,'2024-06-20 17:22:40',NULL),
(39,'800TO2200','800','2200','1','2024-07-13 18:31:03',1,45,39,'2024-12-05 20:53:45',NULL),
(40,'0800TO2000','0800','2000','1','2024-12-05 15:52:36',1,46,40,'2024-12-05 15:52:36',NULL),
(41,'0900TO2000','0900','2000','1','2025-02-18 18:17:05',1,47,41,'2025-02-18 18:17:05',NULL);

/*Table structure for table `camp_cred` */

DROP TABLE IF EXISTS `camp_cred`;

CREATE TABLE `camp_cred` (
  `id` int NOT NULL AUTO_INCREMENT,
  `client_id` int DEFAULT NULL,
  `campaign_id` int DEFAULT NULL,
  `whatsapp` text CHARACTER SET utf8mb4 COLLATE utf8mb4_unicode_ci,
  `facebook` text CHARACTER SET utf8mb4 COLLATE utf8mb4_unicode_ci,
  `instagram` text CHARACTER SET utf8mb4 COLLATE utf8mb4_unicode_ci,
  `status` tinyint(1) DEFAULT '1' COMMENT '1 => Active, 2 => Inactive',
  `created_at` timestamp NOT NULL DEFAULT CURRENT_TIMESTAMP,
  `updated_at` timestamp NOT NULL DEFAULT CURRENT_TIMESTAMP ON UPDATE CURRENT_TIMESTAMP,
  PRIMARY KEY (`id`)
) ENGINE=MyISAM DEFAULT CHARSET=utf8mb4 COLLATE=utf8mb4_unicode_ci;

/*Data for the table `camp_cred` */

/*Table structure for table `campaign` */

DROP TABLE IF EXISTS `campaign`;

CREATE TABLE `campaign` (
  `id` int NOT NULL AUTO_INCREMENT,
  `unique_id` varchar(50) CHARACTER SET utf8mb4 COLLATE utf8mb4_unicode_ci DEFAULT NULL,
  `client_id` int DEFAULT NULL,
  `wp_number` varchar(15) CHARACTER SET utf8mb4 COLLATE utf8mb4_unicode_ci DEFAULT NULL,
  `name` varchar(50) CHARACTER SET utf8mb4 COLLATE utf8mb4_unicode_ci DEFAULT NULL,
  `dist_type` enum('auto','manual') CHARACTER SET utf8mb4 COLLATE utf8mb4_unicode_ci DEFAULT NULL COMMENT '1=> auto,2=>manual',
  `interaction_per_user` int DEFAULT NULL,
  `auto_close` varchar(45) CHARACTER SET utf8mb4 COLLATE utf8mb4_unicode_ci DEFAULT NULL,
  `sla` varchar(45) CHARACTER SET utf8mb4 COLLATE utf8mb4_unicode_ci DEFAULT NULL,
  `dist_method` tinyint(1) DEFAULT NULL COMMENT '0=>''na'',1=>linear,2=>''round_robin'',',
  `allocation_type` enum('direct','workflow') CHARACTER SET utf8mb4 COLLATE utf8mb4_unicode_ci DEFAULT 'direct',
  `status` tinyint(1) DEFAULT '1' COMMENT '0,1 => Active, 2 => Inactive',
  `created_by` int DEFAULT NULL,
  `created_at` timestamp NULL DEFAULT CURRENT_TIMESTAMP,
  `updated_by` int DEFAULT NULL,
  `updated_at` timestamp NULL DEFAULT NULL,
  `call_window_from` bigint DEFAULT '830',
  `deleted_at` tinyint(1) DEFAULT '1' COMMENT 'COMMENT ''0,1 => Not deleted, 2 => Deleted''',
  `call_window_to` bigint DEFAULT '2030',
  `disposition_id` int DEFAULT NULL,
  `auto_reply_id` int DEFAULT NULL,
  `wf_id` int DEFAULT NULL,
  `queue` varchar(255) CHARACTER SET utf8mb4 COLLATE utf8mb4_unicode_ci DEFAULT NULL,
  `working_days` varchar(50) CHARACTER SET utf8mb4 COLLATE utf8mb4_unicode_ci DEFAULT NULL,
  `holiday_start` datetime DEFAULT NULL,
  `holiday_end` datetime DEFAULT NULL,
  `holiday_name` varchar(50) CHARACTER SET utf8mb4 COLLATE utf8mb4_unicode_ci DEFAULT NULL,
  `wp_crud` json DEFAULT NULL COMMENT 'It store credentials for whats app api',
  PRIMARY KEY (`id`),
  KEY `client` (`client_id`),
  KEY `wp_number` (`wp_number`)
) ENGINE=InnoDB AUTO_INCREMENT=48 DEFAULT CHARSET=utf8mb4 COLLATE=utf8mb4_unicode_ci;

/*Data for the table `campaign` */

insert  into `campaign`(`id`,`unique_id`,`client_id`,`wp_number`,`name`,`dist_type`,`interaction_per_user`,`auto_close`,`sla`,`dist_method`,`allocation_type`,`status`,`created_by`,`created_at`,`updated_by`,`updated_at`,`call_window_from`,`deleted_at`,`call_window_to`,`disposition_id`,`auto_reply_id`,`wf_id`,`queue`,`working_days`,`holiday_start`,`holiday_end`,`holiday_name`,`wp_crud`) values 
(19,'0421feb3a2bc4572b784816c7d5c75',5,'919987294336','Testing','auto',11,NULL,'11',2,'direct',1,1,'2023-10-25 19:12:32',NULL,'2024-09-30 11:57:38',1000,1,2330,41,3,NULL,'5,6','MON,TUE,WED,THU,FRI,SAT','2023-12-21 00:00:00','2023-12-21 00:00:00','Cristmas','{\"hsm_userid\": null, \"twoway_userid\": null}'),
(37,'0421feb3a2bc4572b784816c7d5b15',35,'917400148239','Hyperlocal','auto',500,NULL,'5',1,'direct',1,1,'2024-01-09 16:24:52',NULL,'2024-11-15 18:13:06',900,1,1800,44,8,NULL,'17','MON,TUE,WED,THU,FRI,SAT','1970-01-01 00:00:00','1970-01-01 00:00:00',NULL,'{\"hsm_userid\": \"2000233637\", \"hsm_password\": \"PrpYWYuT\", \"twoway_userid\": \"2000233638\", \"twoway_password\": \"9CT#XTZn\"}'),
(38,'0421feb3a2bc4572b784816c7d5c71',36,'918657749002','Retailer Loyalty','auto',500,NULL,'5',1,'direct',1,1,'2024-01-09 16:26:28',NULL,'2024-08-16 17:45:33',900,1,1800,45,5,NULL,'18','MON,TUE,WED,THU,FRI,SAT','1970-01-01 00:00:00','1970-01-01 00:00:00',NULL,'{\"hsm_userid\": \"2000228276\", \"hsm_password\": \"Tae9WJXE\", \"twoway_userid\": \"2000228277\", \"twoway_password\": \"6tWxAt5s\"}'),
(39,'0421feb3a2bc4572b784816c7d5c88',37,'917710021820','Electrician Loyalty','auto',500,NULL,'5',1,'direct',1,1,'2024-01-09 16:27:45',NULL,'2024-12-17 20:00:37',900,1,2100,46,6,NULL,'19','MON,TUE,WED,THU,FRI,SAT','1970-01-01 00:00:00','1970-01-01 00:00:00',NULL,'{\"hsm_userid\": \"2000233380\", \"hsm_password\": \"XSxDS*uU\", \"twoway_userid\": \"2000233381\", \"twoway_password\": \"xghkry2c\"}'),
(40,'0421feb3a2bc4572b784816c7d5c76',33,'917710020396','CP Communications','auto',5,NULL,'5',1,'direct',1,1,'2024-01-09 16:29:13',NULL,'2024-01-16 14:03:06',900,1,1800,43,7,NULL,'20','MON,TUE,WED,THU,FRI,SAT','1970-01-01 00:00:00','1970-01-01 00:00:00',NULL,'{\"hsm_userid\": \"2000233639\", \"hsm_password\": \"zKzUAgfq\", \"twoway_userid\": \"2000233640\", \"twoway_password\": \"r@FW*wMm\"}'),
(41,'0421feb3a2bc4572b784886c7d5c75',34,'917788992222','MyCamp','auto',3,NULL,'20',2,'direct',1,1,'2024-01-09 19:01:18',NULL,'2024-01-09 19:01:18',500,1,2330,47,NULL,NULL,'21','MON,TUE,WED,THU,FRI,SAT,SUN','2024-01-25 00:00:00','2024-01-26 00:00:00','Diwali',NULL),
(42,'0421feb3a2bc4572b554816c7d5c75',34,'916655446655','mycamp2','auto',3,NULL,'20',2,'direct',1,1,'2024-01-09 19:11:57',NULL,'2024-01-09 19:11:57',800,1,2330,47,NULL,NULL,'22','MON,TUE,WED,THU,FRI,SAT,SUN','1970-01-01 00:00:00','1970-01-01 00:00:00',NULL,NULL),
(43,NULL,5,'911234567890','jassi_map','auto',5,NULL,'5',1,'direct',1,1,'2024-01-22 20:54:13',NULL,'2024-01-22 20:54:35',800,1,1800,25,3,NULL,'23','MON,TUE,WED,THU,FRI,SAT','1970-01-01 00:00:00','1970-01-01 00:00:00',NULL,'{\"hsm_userid\": \"user1\", \"hsm_password\": \"admin@1234\", \"twoway_userid\": \"user2\", \"twoway_password\": \"Admin@1234\"}'),
(44,NULL,38,'917304609236','HDFC','auto',10,NULL,'5',1,'direct',1,1,'2024-06-20 17:22:40',NULL,'2024-06-20 17:22:40',900,1,2200,48,NULL,NULL,'24','MON,TUE,WED,THU,FRI,SAT','1970-01-01 00:00:00','1970-01-01 00:00:00',NULL,'{\"hsm_userid\": \"2000200384\", \"hsm_password\": \"S293h4kw\", \"twoway_userid\": \"2000200386\", \"twoway_password\": \"X2MYBR4c\"}'),
(45,NULL,39,'918976962727','VIP_WHATSAPP','auto',5,NULL,'2000',1,'direct',1,1,'2024-07-13 18:31:03',NULL,'2025-01-25 16:27:18',800,1,2200,113,NULL,NULL,'25','MON,TUE,WED,THU,FRI,SAT,SUN','2025-01-26 00:00:00','2025-01-26 00:00:00','Republic Day','{\"hsm_userid\": \"2000217099\", \"hsm_password\": \"CwxCsH9Q\", \"twoway_userid\": \"2000217100\", \"twoway_password\": \"cHMVtC*e\"}'),
(46,NULL,40,'917208953422','Eos_Globe','manual',10,NULL,'10',0,'direct',1,1,'2024-12-05 15:52:35',NULL,'2024-12-05 15:52:35',800,1,2000,114,NULL,NULL,'26','MON,TUE,WED,THU,FRI,SAT,SUN','1970-01-01 00:00:00','1970-01-01 00:00:00',NULL,'{\"hsm_userid\": \"2000231813\", \"hsm_password\": \"Eureka@1234\", \"twoway_userid\": \"2000231814\", \"twoway_password\": \"4p7gmN#e\"}'),
(47,NULL,41,'918657014590','TheoCamp','auto',5,NULL,'300',1,'direct',1,1,'2025-02-18 18:17:05',NULL,'2025-02-18 18:17:05',900,1,2000,115,10,NULL,'27','MON,TUE,WED,THU,FRI,SAT,SUN','1970-01-01 00:00:00','1970-01-01 00:00:00',NULL,'{\"hsm_userid\": \"2000252526\", \"hsm_password\": \"t!zqC3p#\", \"twoway_userid\": \"2000252527\", \"twoway_password\": \"FCNc5t!s\"}');

/*Table structure for table `chat_log` */

DROP TABLE IF EXISTS `chat_log`;

CREATE TABLE `chat_log` (
  `id` int NOT NULL AUTO_INCREMENT,
  `chat_id` int DEFAULT NULL,
  `timestamp` varchar(25) CHARACTER SET latin1 COLLATE latin1_swedish_ci DEFAULT NULL,
  `message_id` varchar(50) CHARACTER SET latin1 COLLATE latin1_swedish_ci DEFAULT NULL,
  `in_out` tinyint(1) DEFAULT NULL COMMENT 'incoming_outgoing_type (0,1=> Incoming, 2=>Outgoing)',
  `message_type` tinyint(1) DEFAULT NULL COMMENT '0,1=> Text, 2=>Image, 3=>Video,4=>Document, 5=>Audio, 6=> Location, 7=> Template, 8=> Contact, 9=> Interactive',
  `event` varchar(25) CHARACTER SET latin1 COLLATE latin1_swedish_ci DEFAULT NULL,
  `message` text CHARACTER SET utf8mb4 COLLATE utf8mb4_unicode_ci,
  `reply_id` varchar(25) CHARACTER SET latin1 COLLATE latin1_swedish_ci DEFAULT NULL,
  `media_path` varchar(250) CHARACTER SET latin1 COLLATE latin1_swedish_ci DEFAULT NULL,
  `media_caption` varchar(255) CHARACTER SET utf8mb4 COLLATE utf8mb4_unicode_ci DEFAULT NULL,
  `is_delivered` tinyint(1) DEFAULT '1' COMMENT '0,1=> not delivered, 2=> delivered',
  `is_read` tinyint(1) DEFAULT '1' COMMENT '0,1=> not read, 2=> read',
  `is_sent` tinyint(1) DEFAULT '1' COMMENT '0,1=> not sent, 2=> sent',
  `is_deleted` tinyint(1) DEFAULT '1' COMMENT '0,1=> not deleted, 2=> deleted',
  `template_id` int DEFAULT NULL,
  `is_visible` tinyint(1) DEFAULT '1' COMMENT '1=> visible, 2=> not visible',
  `created_by` int DEFAULT NULL COMMENT '0=> auto Reply, other then agent ID',
  `created_at` timestamp NULL DEFAULT CURRENT_TIMESTAMP,
  `updated_at` timestamp NULL DEFAULT CURRENT_TIMESTAMP ON UPDATE CURRENT_TIMESTAMP,
  `vip_chat_log_id` bigint DEFAULT NULL,
  PRIMARY KEY (`id`),
  KEY `CHATID` (`chat_id`),
  KEY `is_delivered` (`is_delivered`),
  KEY `is_read` (`is_read`),
  KEY `in_out` (`in_out`),
  KEY `is_sent` (`is_sent`),
  KEY `is_deleted` (`is_deleted`)
) ENGINE=InnoDB AUTO_INCREMENT=81 DEFAULT CHARSET=utf8mb4 COLLATE=utf8mb4_unicode_ci;

/*Data for the table `chat_log` */

insert  into `chat_log`(`id`,`chat_id`,`timestamp`,`message_id`,`in_out`,`message_type`,`event`,`message`,`reply_id`,`media_path`,`media_caption`,`is_delivered`,`is_read`,`is_sent`,`is_deleted`,`template_id`,`is_visible`,`created_by`,`created_at`,`updated_at`,`vip_chat_log_id`) values 
(1,1,'1747920415000','e07a2808c5e7427abcb631c9261967d1',1,9,'','Training & Support','5439246626899341459','',NULL,1,1,1,1,0,1,NULL,'2025-05-22 16:56:57','2025-05-22 18:57:21',NULL),
(2,1,'1747920418555','5de22f78add34862bd6ed25c751a1de4',2,1,'','Please access training materials & support.','','',NULL,1,1,1,1,0,1,0,'2025-05-22 16:56:58','2025-05-22 18:57:15',NULL),
(3,1,'1747920517215','3c5ac85fedae45e2a9df9d71fdd680e8',2,1,'','Thank you, LiveChat session has been ended','','',NULL,1,1,1,1,0,1,0,'2025-05-22 18:58:37','2025-05-22 18:58:37',NULL),
(4,2,'1747920535000','58ccd9ee7c2c400695bbf62f72638d43',1,1,'','Hello','','',NULL,1,1,1,1,0,1,NULL,'2025-05-22 18:58:57','2025-05-22 18:58:57',NULL),
(5,2,'1747920537943','f0a83ea1f5054d6d8965230acc92048d',2,1,'','It looks like you are *NEW* here. You can explore the options below or register to access full features. \n','','',NULL,1,1,1,1,0,1,0,'2025-05-22 18:58:58','2025-05-22 18:58:58',NULL),
(6,2,'1747924200523','cb62ed0425604d80b7318a1624466672',2,1,'','Thank you, LiveChat session has been ended','','',NULL,1,1,1,1,0,1,0,'2025-05-22 20:00:01','2025-05-22 20:00:01',NULL),
(7,3,'1747924484000','fdcc697b284c466492b2d560502bd492',1,1,'','Hello','','',NULL,1,1,1,1,0,1,NULL,'2025-05-22 20:04:46','2025-05-22 20:04:46',NULL),
(8,3,'1747924486727','2fb2f5e7d9e44d2c9b041cfb5fbf5111',2,1,'','It looks like you are *NEW* here. You can explore the options below or register to access full features. \n','','',NULL,1,1,1,1,0,1,0,'2025-05-22 20:04:46','2025-05-22 20:04:46',NULL),
(9,3,'1747928400283','16360f0b2fbb4879b2fbb6a5bf097495',2,1,'','Thank you, LiveChat session has been ended','','',NULL,1,1,1,1,0,1,0,'2025-05-22 21:10:00','2025-05-22 21:10:00',NULL),
(10,4,'1747984593000','5920d58c3227468db4629522524934eb',1,1,'','Hi','','',NULL,1,2,1,1,0,1,NULL,'2025-05-23 12:46:36','2025-05-23 12:53:47',NULL),
(11,4,'1747984597114','46f1773218b8492aa6c9a66dcd2d3317',2,1,'','It looks like you are *NEW* here. You can explore the options below or register to access full features. \n','','',NULL,1,2,1,1,0,1,0,'2025-05-23 12:46:37','2025-05-23 12:53:47',NULL),
(12,4,'1747984607000','46f1773218b8492aa6c9a66dcd2d3317',1,9,'','Register Now','5439785541384511545','',NULL,1,2,1,1,0,1,NULL,'2025-05-23 12:46:49','2025-05-23 12:53:47',NULL),
(13,4,'1747984610093','b3bfaebc4f07423ab63e01dc96e25ba7',2,1,'','Lets get you registered! Please provide your *Full Name*(as per *PAN* card)','','',NULL,1,2,1,1,0,1,0,'2025-05-23 12:46:50','2025-05-23 12:53:47',NULL),
(14,4,'1747984620000','f1b3034bcbc7493ca500842e88be7631',1,1,'','Tara Indulkar','','',NULL,1,2,1,1,0,1,NULL,'2025-05-23 12:47:01','2025-05-23 12:53:47',NULL),
(15,4,'1747984623175','59c67da5e252456c80841f9bdb073882',2,1,'','Enter your Pincode','','',NULL,1,2,1,1,0,1,0,'2025-05-23 12:47:03','2025-05-23 12:53:47',NULL),
(16,4,'1747984663000','9bc8d9713f9f45c1bf896a8f761c9484',1,1,'','400603','','',NULL,1,2,1,1,0,1,NULL,'2025-05-23 12:47:45','2025-05-23 12:53:47',NULL),
(17,4,'1747984665880','412d6303f2574e28a972e9d04dea4fce',2,1,'','Enter your Mobile Number','','',NULL,1,2,1,1,0,1,0,'2025-05-23 12:47:46','2025-05-23 12:53:47',NULL),
(18,4,'1747984675000','bf11568306f74f9fa7557364c439b620',1,1,'','9039634011','','',NULL,1,2,1,1,0,1,NULL,'2025-05-23 12:47:56','2025-05-23 12:53:47',NULL),
(19,4,'1747984676820','9b2e5b49f1374050b26803cd8e3ff394',2,1,'','OTP for your mobile verification is *1POYay*. Do not share this with anyone. \nThis is a case sensitive code.','','',NULL,1,2,1,1,0,1,0,'2025-05-23 12:47:57','2025-05-23 12:53:47',NULL),
(20,4,'1747984680497','2b9e912a4e844fdfb08eabbd7b821359',2,1,'','We have send an OTP to your Mobile Number, please enter the OTP here.','','',NULL,1,2,1,1,0,1,0,'2025-05-23 12:48:00','2025-05-23 12:53:47',NULL),
(21,4,'1747984700000','3853fd834c8a40f29fa143b444f77120',1,1,'','1POYay','','',NULL,1,2,1,1,0,1,NULL,'2025-05-23 12:48:21','2025-05-23 12:53:47',NULL),
(22,4,'1747984702649','e4517ada86ca45299ff2e113f3b47936',2,1,'','Our Backend team will complete the KYC to complete the registration process.','','',NULL,1,2,1,1,0,1,0,'2025-05-23 12:48:22','2025-05-23 12:53:47',NULL),
(23,4,'1747984705692','a90257e9cdc8497baad0858836bdb255',2,1,'','What would you like to do next?','','',NULL,1,2,1,1,0,1,0,'2025-05-23 12:48:25','2025-05-23 12:53:47',NULL),
(24,4,'1747984800000','0eec3846766248769952044021a95562',1,1,'','H','','',NULL,1,2,1,1,0,1,NULL,'2025-05-23 12:50:01','2025-05-23 12:53:47',NULL),
(25,4,'1747984802391','4779e856c8ee486b9536d37fb8b5a6b0',2,1,'','*Please choose an option below*. \n','','',NULL,1,2,1,1,0,1,0,'2025-05-23 12:50:02','2025-05-23 12:53:47',NULL),
(26,4,'1747984811000','4779e856c8ee486b9536d37fb8b5a6b0',1,9,'','Training & Support','5439787262360522863','',NULL,1,2,1,1,0,1,NULL,'2025-05-23 12:50:12','2025-05-23 12:53:47',NULL),
(27,4,'1747984813575','8452124c4d1049f996a2c30bdd6b811d',2,1,'','Please access training materials & support.','','',NULL,1,2,1,1,0,1,0,'2025-05-23 12:50:13','2025-05-23 12:53:47',NULL),
(28,4,'1747984819000','8452124c4d1049f996a2c30bdd6b811d',1,9,'','Customer Care','5439787356325326926','',NULL,1,2,1,1,0,1,NULL,'2025-05-23 12:50:20','2025-05-23 12:53:47',NULL),
(29,4,'1747984821179','f5bf0829c32d4acaaeea9c5a63ece20a',2,1,'','Choose from the following options.','','',NULL,1,2,1,1,0,1,0,'2025-05-23 12:50:21','2025-05-23 12:53:47',NULL),
(30,4,'1747984828000','f5bf0829c32d4acaaeea9c5a63ece20a',1,9,'','Chat with agent','5439787419435016275','',NULL,1,2,1,1,0,1,NULL,'2025-05-23 12:50:29','2025-05-23 12:53:47',NULL),
(31,4,'1747984831524','f2589fc5adbe400f870219dfd19f6590',2,1,'','Please wait while we connect to our next available executive','','',NULL,1,2,1,1,0,1,0,'2025-05-23 12:50:31','2025-05-23 12:53:47',NULL),
(32,4,'1747984846770','3912f925fbcd4d7f98448ecab9b89450',2,1,'','Appreciate your patience. Now you can chat with an agent (testagentuser1)','','',NULL,1,2,1,1,0,1,98,'2025-05-23 12:50:47','2025-05-23 12:53:47',NULL),
(33,4,'1747984883000','47ed7f23f7684205b40b14cac7b19b96',1,1,'','Hello','','',NULL,1,2,1,1,0,1,NULL,'2025-05-23 12:51:24','2025-05-23 12:53:47',NULL),
(34,4,'1747984922000','017e7ed0fd6d44df80b49050090bb7b3',1,1,'','Hello dadat','','',NULL,1,2,1,1,0,1,NULL,'2025-05-23 12:52:03','2025-05-23 12:53:47',NULL),
(35,4,'1747984932000','a43bff3df8e945b694ab48ae5fbd547c',1,1,'','Cvvxc','','',NULL,1,2,1,1,0,1,NULL,'2025-05-23 12:52:14','2025-05-23 12:53:47',NULL),
(36,4,'1747984941160','367cdce7d40c4db8a434faf38bf4d2aa',2,1,'','Welcome to Edas. Kindly select your option below.','','',NULL,1,2,1,1,0,1,98,'2025-05-23 12:52:26','2025-05-23 12:53:47',NULL),
(37,4,'1747985025500','5e9ad56131a2404e805d5560cde49851',2,1,'','Thank you, LiveChat session has been ended','','',NULL,1,2,1,1,0,1,98,'2025-05-23 12:53:45','2025-05-23 12:53:47',NULL),
(38,5,'1747985689000','2450ca287b0b4b26823f81500b9296ca',1,1,'','Hello','','',NULL,1,1,1,1,0,1,NULL,'2025-05-23 13:04:51','2025-05-23 13:04:51',NULL),
(39,5,'1747985691909','3cbe21a3e9a0486b9ac115159bb09894',2,1,'','Invalid request, please choose the right option...','','',NULL,1,1,1,1,0,1,0,'2025-05-23 13:04:52','2025-05-23 13:04:52',NULL),
(40,5,'1747985694815','8718df3f4c104ae4a2a8c92e89bc1d81',2,1,'','What would you like to do next?','','',NULL,1,1,1,1,0,1,0,'2025-05-23 13:04:55','2025-05-23 13:04:55',NULL),
(41,5,'1747985705000','0ba53c023eb946b2bedde5e5f44c96e5',1,1,'','Hello','','',NULL,1,1,1,1,0,1,NULL,'2025-05-23 13:05:07','2025-05-23 13:05:07',NULL),
(42,5,'1747985707292','5817a2dbde254dddb6374fa6c93c57c3',2,1,'','Invalid request, please choose the right option...','','',NULL,1,1,1,1,0,1,0,'2025-05-23 13:05:07','2025-05-23 13:05:07',NULL),
(43,5,'1747985710636','f417db09c204425294030697fb26a472',2,1,'','What would you like to do next?','','',NULL,1,1,1,1,0,1,0,'2025-05-23 13:05:10','2025-05-23 13:05:10',NULL),
(44,5,'1747985711000','8718df3f4c104ae4a2a8c92e89bc1d81',1,9,'','End session','5439794748619772016','',NULL,1,1,1,1,0,1,NULL,'2025-05-23 13:05:13','2025-05-23 13:05:13',NULL),
(45,5,'1747985713744','a46197677dc445a1bcd893723ac349c4',2,1,'','Thank you, LiveChat session has been ended','','',NULL,1,1,1,1,0,1,0,'2025-05-23 13:05:14','2025-05-23 13:05:14',NULL),
(46,6,'1747985716000','f417db09c204425294030697fb26a472',1,9,'','End session','5439794881350570098','',NULL,1,1,1,1,0,1,NULL,'2025-05-23 13:05:17','2025-05-23 13:05:17',NULL),
(47,6,'1747985718531','20d1b64c95fd464b8c05e52f39cd0bb5',2,1,'','Thank you, LiveChat session has been ended','','',NULL,1,1,1,1,0,1,0,'2025-05-23 13:05:18','2025-05-23 13:05:18',NULL),
(48,7,'1747985869000','7dd599001bb64b149671d12468062021',1,1,'','Hey.','','',NULL,1,2,1,1,0,1,NULL,'2025-05-23 13:07:51','2025-05-23 13:11:13',NULL),
(49,7,'1747985871436','b947aa5295c14702a92e9a29ceb31919',2,1,'','*Please choose an option below*. \n','','',NULL,1,2,1,1,0,1,0,'2025-05-23 13:07:51','2025-05-23 13:11:13',NULL),
(50,7,'1747985908000','b947aa5295c14702a92e9a29ceb31919',1,9,'','Training & Support','5439796230314934419','',NULL,1,2,1,1,0,1,NULL,'2025-05-23 13:08:29','2025-05-23 13:11:13',NULL),
(51,7,'1747985911059','0de2be2f9a4a49e8a21b24640173e5e7',2,1,'','Please access training materials & support.','','',NULL,1,2,1,1,0,1,0,'2025-05-23 13:08:31','2025-05-23 13:11:13',NULL),
(52,7,'1747986012000','0de2be2f9a4a49e8a21b24640173e5e7',1,9,'','Customer Care','5439796562571808895','',NULL,1,2,1,1,0,1,NULL,'2025-05-23 13:10:14','2025-05-23 13:11:13',NULL),
(53,7,'1747986015352','c4d46c0ec2e24c72bf2c9d57a470ca33',2,1,'','Choose from the following options.','','',NULL,1,2,1,1,0,1,0,'2025-05-23 13:10:15','2025-05-23 13:11:13',NULL),
(54,7,'1747986040000','c4d46c0ec2e24c72bf2c9d57a470ca33',1,9,'','Chat with agent','5439797436959842331','',NULL,1,2,1,1,0,1,NULL,'2025-05-23 13:10:41','2025-05-23 13:11:13',NULL),
(55,7,'1747986044092','3d79283c5d7440b9b7fa3922be6a38f3',2,1,'','Please wait while we connect to our next available executive','','',NULL,1,2,1,1,0,1,0,'2025-05-23 13:10:44','2025-05-23 13:11:13',NULL),
(56,7,'1747986046470','1bfc8025516b4b9b9e54079d943b9b8b',2,1,'','Appreciate your patience. Now you can chat with an agent (testagentuser1)','','',NULL,1,2,1,1,0,1,98,'2025-05-23 13:10:46','2025-05-23 13:11:13',NULL),
(57,7,'1747986071925','721aa61109464f94a71a891095895a9a',2,1,'','hello','','',NULL,1,2,1,1,0,1,98,'2025-05-23 13:11:12','2025-05-23 13:11:13',NULL),
(58,8,'1748089576000','c8ec0acf4569412281e6e1b96b82b5c0',1,1,'','Hi','','',NULL,1,1,1,1,0,1,NULL,'2025-05-24 17:56:19','2025-05-24 17:56:19',NULL),
(59,8,'1748089580154','2084c6a0f7ba47649a446d910ebf6735',2,1,'','It looks like you are *NEW* here. You can explore the options below or register to access full features. \n','','',NULL,1,1,1,1,0,1,0,'2025-05-24 17:56:20','2025-05-24 17:56:20',NULL),
(60,8,'1748089583000','44b54eac31104dfa80831311e590334f',1,9,'','End','','',NULL,1,1,1,1,0,1,NULL,'2025-05-24 17:56:24','2025-05-24 17:56:24',NULL),
(61,8,'1748089585158','f3b3603bffa9491a80faf377917c6d7d',2,1,'','Thank you, LiveChat session has been ended','','',NULL,1,1,1,1,0,1,0,'2025-05-24 17:56:25','2025-05-24 17:56:25',NULL),
(62,9,'1748089821000','5527f45d115c40c8b54d24e690a8f5c9',1,1,'','Hi','','',NULL,1,1,1,1,0,1,NULL,'2025-05-24 18:00:23','2025-05-24 18:00:23',NULL),
(63,9,'1748089824006','dbdf93e7c7e74a2488ff0ef8d1b51dd4',2,1,'','It looks like you are *NEW* here. You can explore the options below or register to access full features. \n','','',NULL,1,1,1,1,0,1,0,'2025-05-24 18:00:24','2025-05-24 18:00:24',NULL),
(64,9,'1748089834000','dbdf93e7c7e74a2488ff0ef8d1b51dd4',1,9,'','Learn About the Program','5440668248535654578','',NULL,1,1,1,1,0,1,NULL,'2025-05-24 18:00:35','2025-05-24 18:00:35',NULL),
(65,9,'1748089836387','6fe99d8b07344ed99ffe23a927c196ca',2,4,'','*For Video Link*: https://youtu.be/VFzW2IXYJL0?si=pVTtxc6TBdflxHN3 \n\nFor Program Overview:\nOur Influencer Program is designed to reward you for promoting our products. You earn points to every successful recommendation that leads to a sale. These points can be redeemed for various rewards. Explore the other options in the menu to learn more!','','https://edas-webapi.edas.tech/vaaniSMDev/products_brochures/About Smart Saver Program.pdf',NULL,1,1,1,1,0,1,0,'2025-05-24 18:00:36','2025-05-24 18:00:36',NULL),
(66,9,'1748089840916','af5a5706d7b54c4c903c4758bf8eb930',2,1,'','What would you like to do next?','','',NULL,1,1,1,1,0,1,0,'2025-05-24 18:00:41','2025-05-24 18:00:41',NULL),
(67,9,'1748089850000','af5a5706d7b54c4c903c4758bf8eb930',1,9,'','Main menu','5440668389991202900','',NULL,1,1,1,1,0,1,NULL,'2025-05-24 18:00:52','2025-05-24 18:00:52',NULL),
(68,9,'1748089852750','040e7ef661374cb9a207b57352f6a42a',2,1,'','It looks like you are *NEW* here. You can explore the options below or register to access full features. \n','','',NULL,1,1,1,1,0,1,0,'2025-05-24 18:00:53','2025-05-24 18:00:53',NULL),
(69,9,'1748094000897','c8686fe24d9541cb857505f63dea4be2',2,1,'','Thank you, LiveChat session has been ended','','',NULL,1,1,1,1,0,1,0,'2025-05-24 19:10:01','2025-05-24 19:10:01',NULL),
(70,10,'1748325556000','90bb15c447464f8191707b71fca4b4e9',1,1,'','Hi','','',NULL,1,1,1,1,0,1,NULL,'2025-05-27 11:29:19','2025-05-27 11:29:19',NULL),
(71,10,'1748325559589','7b10223e451642798936c017de38863b',2,1,'','It looks like you are *NEW* here. You can explore the options below or register to access full features. \n','','',NULL,1,1,1,1,0,1,0,'2025-05-27 11:29:19','2025-05-27 11:29:19',NULL),
(72,10,'1748329800762','f187f9a439734e9b81f02b4552e45f6a',2,1,'','Thank you, LiveChat session has been ended','','',NULL,1,1,1,1,0,1,0,'2025-05-27 12:40:01','2025-05-27 12:40:01',NULL),
(73,11,'1748409951000','bdd47beec9074211ad0348e7f539ac07',1,1,'','Hii','','',NULL,1,1,1,1,0,1,NULL,'2025-05-28 10:55:54','2025-05-28 10:55:54',NULL),
(74,11,'1748409955387','bb5d32fb2ff041fb91a86a4be369ee4d',2,1,'','It looks like you are *NEW* here. You can explore the options below or register to access full features. \n','','',NULL,1,1,1,1,0,1,0,'2025-05-28 10:55:55','2025-05-28 10:55:55',NULL),
(75,11,'1748409966000','bb5d32fb2ff041fb91a86a4be369ee4d',1,9,'','Training & Support','5443353705467961401','',NULL,1,1,1,1,0,1,NULL,'2025-05-28 10:56:08','2025-05-28 10:56:08',NULL),
(76,11,'1748409969536','b5fbc021de7647ac9ca1e61accc9cb31',2,1,'','Please access training materials & support.','','',NULL,1,1,1,1,0,1,0,'2025-05-28 10:56:09','2025-05-28 10:56:09',NULL),
(77,11,'1748409973000','b5fbc021de7647ac9ca1e61accc9cb31',1,9,'','Customer Care','5443353822860902573','',NULL,1,1,1,1,0,1,NULL,'2025-05-28 10:56:14','2025-05-28 10:56:14',NULL),
(78,11,'1748409975815','e0b1d7ba03194b74b98ba44beee503c7',2,1,'','Choose from the following options.','','',NULL,1,1,1,1,0,1,0,'2025-05-28 10:56:16','2025-05-28 10:56:16',NULL),
(79,11,'1748409981000','e0b1d7ba03194b74b98ba44beee503c7',1,9,'','Chat with agent','5443353875831902427','',NULL,1,1,1,1,0,1,NULL,'2025-05-28 10:56:23','2025-05-28 10:56:23',NULL),
(80,11,'1748409984927','c837f974e5094e7683ecb9f95c9d8910',2,1,'','Please wait while we connect to our next available executive','','',NULL,1,1,1,1,0,1,0,'2025-05-28 10:56:25','2025-05-28 10:56:25',NULL);

/*Table structure for table `chats` */

DROP TABLE IF EXISTS `chats`;

CREATE TABLE `chats` (
  `id` int NOT NULL AUTO_INCREMENT,
  `unique_id` varchar(50) DEFAULT NULL,
  `client_id` int DEFAULT NULL,
  `campaign_id` int DEFAULT NULL,
  `org_no` varchar(20) DEFAULT NULL COMMENT 'Organization Registered Whatsapp numner',
  `cust_unique_id` varchar(50) DEFAULT NULL,
  `customer_name` varchar(50) CHARACTER SET utf8mb4 COLLATE utf8mb4_unicode_ci DEFAULT NULL,
  `chat_log_path` varchar(150) DEFAULT NULL,
  `assigning_flag` tinyint(1) DEFAULT '1' COMMENT '0,1=> False, 2=> proceed for assigning',
  `req_assigning_at` timestamp NULL DEFAULT NULL COMMENT 'time when customer click on talk to agent option',
  `open_at` datetime DEFAULT NULL COMMENT 'When customer give consent',
  `assigned_to` int DEFAULT NULL COMMENT 'Agent ID - userid',
  `assigned_at` timestamp NULL DEFAULT NULL,
  `assigned_by` int DEFAULT NULL COMMENT '0=> Auto Assigned',
  `is_closed` tinyint(1) DEFAULT '1' COMMENT '0,1=> Initiated 2 => Closed, 3=> Open, 4 => Assigned',
  `closed_at` timestamp NULL DEFAULT NULL,
  `closed_by` int DEFAULT NULL COMMENT '0=> Auto Assigned, else assigned by userID',
  `dispo` varchar(150) DEFAULT NULL,
  `sub_dispo` varchar(150) DEFAULT NULL,
  `remark` text,
  `status` tinyint(1) DEFAULT '1' COMMENT '0,1=> Active 2 => Inactive, 3 => Deleted',
  `is_callback` tinyint(1) DEFAULT '1' COMMENT '0,1=> No callback 2 => Yes Callback',
  `callback_at` varchar(100) DEFAULT NULL COMMENT 'set callback date and time',
  `lsto` varchar(50) DEFAULT NULL COMMENT 'Last Selected Template Option',
  `created_at` datetime DEFAULT CURRENT_TIMESTAMP,
  `created_by` int DEFAULT NULL,
  `updated_at` datetime DEFAULT CURRENT_TIMESTAMP ON UPDATE CURRENT_TIMESTAMP,
  `updated_by` int DEFAULT NULL,
  `vip_session` varchar(100) DEFAULT NULL,
  PRIMARY KEY (`id`),
  KEY `client_id` (`client_id`),
  KEY `campaign_id` (`campaign_id`),
  KEY `assigned_to` (`assigned_to`),
  KEY `is_closed` (`is_closed`)
) ENGINE=InnoDB AUTO_INCREMENT=12 DEFAULT CHARSET=latin1;

/*Data for the table `chats` */

insert  into `chats`(`id`,`unique_id`,`client_id`,`campaign_id`,`org_no`,`cust_unique_id`,`customer_name`,`chat_log_path`,`assigning_flag`,`req_assigning_at`,`open_at`,`assigned_to`,`assigned_at`,`assigned_by`,`is_closed`,`closed_at`,`closed_by`,`dispo`,`sub_dispo`,`remark`,`status`,`is_callback`,`callback_at`,`lsto`,`created_at`,`created_by`,`updated_at`,`updated_by`,`vip_session`) values 
(1,'84c74db2d4624578a92d81c675d578aa',38,44,'917304609236','919029634011','T@l',NULL,1,NULL,NULL,NULL,NULL,NULL,2,'2025-05-22 18:58:37',NULL,'Dispo_by_system',NULL,NULL,1,1,NULL,NULL,'2025-05-22 18:56:57',0,'2025-05-22 18:58:37',NULL,NULL),
(2,'aca8c83dfa8648ff8375f11b2667e310',38,44,'917304609236','919029634011','T@l',NULL,1,NULL,NULL,NULL,NULL,NULL,2,'2025-05-22 20:00:01',NULL,'Dispo_by_system',NULL,NULL,1,1,NULL,NULL,'2025-05-22 18:58:57',0,'2025-05-22 20:00:01',NULL,NULL),
(3,'0ec57387b4ef45ae8b3a3c2f9a2e68db',38,44,'917304609236','919029634011','T@l',NULL,1,NULL,NULL,NULL,NULL,NULL,2,'2025-05-22 21:10:01',NULL,'Dispo_by_system',NULL,NULL,1,1,NULL,NULL,'2025-05-22 20:04:45',0,'2025-05-22 21:10:01',NULL,NULL),
(4,'9d8ffa3dcf91485d8dfd7ce2bcb96a13',38,44,'917304609236','919029634011','T@l',NULL,2,'2025-05-23 12:50:30','2025-05-23 12:53:46',98,'2025-05-23 12:50:46',0,2,'2025-05-23 12:53:48',98,'Connect','Interested','vcgdgd',1,1,NULL,NULL,'2025-05-23 12:46:35',0,'2025-05-23 12:53:48',NULL,NULL),
(5,'a5316ab4e7594f818dbb003dce293aef',38,44,'917304609236','919029634011','T@l',NULL,1,NULL,NULL,NULL,NULL,NULL,2,'2025-05-23 13:05:14',0,'Dispo_by_system',NULL,NULL,1,1,NULL,NULL,'2025-05-23 13:04:50',0,'2025-05-23 13:05:14',NULL,NULL),
(6,'2f7becc5caf54e669734b1ce6bf24ec1',38,44,'917304609236','919029634011','T@l',NULL,1,NULL,NULL,NULL,NULL,NULL,2,'2025-05-23 13:05:20',0,'Dispo_by_system',NULL,NULL,1,1,NULL,NULL,'2025-05-23 13:05:17',0,'2025-05-23 13:05:20',NULL,NULL),
(7,'e80588353646457794e09787362cde57',38,44,'917304609236','919029634011','T@l',NULL,2,'2025-05-23 13:10:43','2025-05-23 13:11:12',98,'2025-05-23 13:10:46',0,1,NULL,NULL,NULL,NULL,NULL,1,1,NULL,NULL,'2025-05-23 13:07:50',0,'2025-05-23 13:11:12',NULL,NULL),
(8,'8a3829c2f858454b9945cd94a8150b8c',38,44,'917304609236','917738691223','Jaiprakash Chauhan',NULL,1,NULL,NULL,NULL,NULL,NULL,2,'2025-05-24 17:56:26',0,'Dispo_by_system',NULL,NULL,1,1,NULL,NULL,'2025-05-24 17:56:19',0,'2025-05-24 17:56:26',NULL,NULL),
(9,'0b01ece368364eef9d5f222203161250',38,44,'917304609236','917506493373','Vibin Vincent',NULL,1,NULL,NULL,NULL,NULL,NULL,2,'2025-05-24 19:10:01',NULL,'Dispo_by_system',NULL,NULL,1,1,NULL,NULL,'2025-05-24 18:00:23',0,'2025-05-24 19:10:01',NULL,NULL),
(10,'9493c07a156d48cd8b7e04b7f5e324e0',38,44,'917304609236','917738691223','Jaiprakash Chauhan',NULL,1,NULL,NULL,NULL,NULL,NULL,2,'2025-05-27 12:40:02',NULL,'Dispo_by_system',NULL,NULL,1,1,NULL,NULL,'2025-05-27 11:29:19',0,'2025-05-27 12:40:02',NULL,NULL),
(11,'8035aeaba859469c96a58145aebd1321',38,44,'917304609236','917718943161','Anam Shaikh',NULL,2,'2025-05-28 10:56:24',NULL,NULL,NULL,NULL,1,NULL,NULL,NULL,NULL,NULL,1,1,NULL,NULL,'2025-05-28 10:55:54',0,'2025-05-28 10:56:24',NULL,NULL);

/*Table structure for table `clients` */

DROP TABLE IF EXISTS `clients`;

CREATE TABLE `clients` (
  `id` int NOT NULL AUTO_INCREMENT,
  `unique_id` varchar(50) CHARACTER SET utf8mb4 COLLATE utf8mb4_unicode_ci DEFAULT NULL,
  `name` varchar(50) CHARACTER SET utf8mb4 COLLATE utf8mb4_unicode_ci DEFAULT NULL,
  `email` varchar(145) CHARACTER SET utf8mb4 COLLATE utf8mb4_unicode_ci DEFAULT NULL,
  `mobileno` varchar(100) CHARACTER SET utf8mb4 COLLATE utf8mb4_unicode_ci DEFAULT NULL,
  `description` varchar(255) CHARACTER SET utf8mb4 COLLATE utf8mb4_unicode_ci DEFAULT NULL,
  `alias` varchar(50) CHARACTER SET utf8mb4 COLLATE utf8mb4_unicode_ci DEFAULT NULL,
  `license_count` int DEFAULT NULL,
  `status` tinyint DEFAULT '1' COMMENT '0,1 => Active, 2 => Inactive',
  `deleted_at` tinyint DEFAULT '1' COMMENT '0,1 => Not Deleted, 2 => Deleted',
  `created_by` int DEFAULT NULL,
  `created_at` timestamp NULL DEFAULT CURRENT_TIMESTAMP,
  `updated_by` int DEFAULT NULL,
  `updated_at` timestamp NULL DEFAULT NULL,
  PRIMARY KEY (`id`)
) ENGINE=InnoDB AUTO_INCREMENT=43 DEFAULT CHARSET=utf8mb4 COLLATE=utf8mb4_unicode_ci;

/*Data for the table `clients` */

insert  into `clients`(`id`,`unique_id`,`name`,`email`,`mobileno`,`description`,`alias`,`license_count`,`status`,`deleted_at`,`created_by`,`created_at`,`updated_by`,`updated_at`) values 
(5,NULL,'edas','user123@gmail.com','1234567890','thrdthrth',NULL,24,1,1,1,'2023-10-20 15:18:44',1,'2024-01-04 11:52:20'),
(33,NULL,'Panasonic','user@gmail.com',NULL,'Panasonic',NULL,9,1,1,1,'2024-01-09 15:50:02',1,'2024-01-09 16:09:21'),
(34,NULL,'Myclient','myclient@edas.tech',NULL,'myclient',NULL,14,1,1,1,'2024-01-09 18:42:51',1,'2024-01-09 19:18:44'),
(35,NULL,'panasonic_Hyperlocal','panasonic_Hyperlocal@gmail.com',NULL,'panasonic_Hyperlocal',NULL,3,1,1,1,'2024-01-15 18:18:20',NULL,'2024-01-15 18:18:20'),
(36,NULL,'Panasonic_Retailer_Loyalty','PanasonicRetailerLoyalty@gmail.com',NULL,'Panasonic_Retailer_Loyalty',NULL,4,1,1,1,'2024-01-15 18:19:57',1,'2024-07-09 13:34:17'),
(37,NULL,'panasonic_Electrician_Loyalty','panasonicElectricianLoyalty@gmail.com',NULL,'panasonic_Electrician_Loyalty',NULL,4,1,1,1,'2024-01-15 18:21:17',1,'2024-07-09 13:36:56'),
(38,NULL,'HDFC','hdfc@gmail.com',NULL,'HDFC',NULL,10,1,1,1,'2024-06-20 16:37:17',1,'2025-05-19 16:29:04'),
(39,NULL,'VIP','jaiprakash.chauhan@edas.tech',NULL,'VIP',NULL,14,1,1,1,'2024-07-13 18:24:08',1,'2025-03-19 16:20:32'),
(40,NULL,'EOS_Globe','eos@edas.tech',NULL,'EOS_Globe',NULL,5,1,1,1,'2024-12-05 15:42:44',NULL,'2024-12-05 15:42:44'),
(41,NULL,'Theobroma','vibin.vincent@edas.tech',NULL,'Theobroma',NULL,18,1,1,1,'2025-02-18 18:04:20',NULL,'2025-02-18 18:04:20'),
(42,NULL,'Whatapp Client tara','tara.indulkar1@edas.tech',NULL,'Whatsapp Client tara Whastapp Client tara',NULL,18,1,1,1,'2025-05-09 11:40:19',NULL,'2025-05-09 11:40:19');

/*Table structure for table `config_whatsapp` */

DROP TABLE IF EXISTS `config_whatsapp`;

CREATE TABLE `config_whatsapp` (
  `id` int NOT NULL AUTO_INCREMENT,
  `unique_id` varchar(50) CHARACTER SET utf8mb4 COLLATE utf8mb4_unicode_ci DEFAULT NULL,
  `client_id` int DEFAULT NULL,
  `campaign_id` int DEFAULT NULL,
  `config_name` varchar(50) CHARACTER SET utf8mb4 COLLATE utf8mb4_unicode_ci DEFAULT NULL,
  `type` tinyint(1) DEFAULT NULL,
  `account_id` varchar(50) CHARACTER SET utf8mb4 COLLATE utf8mb4_unicode_ci DEFAULT NULL,
  `password` varchar(100) CHARACTER SET utf8mb4 COLLATE utf8mb4_unicode_ci DEFAULT NULL,
  `business_no` varchar(20) CHARACTER SET utf8mb4 COLLATE utf8mb4_unicode_ci DEFAULT NULL,
  `url` varchar(150) CHARACTER SET utf8mb4 COLLATE utf8mb4_unicode_ci DEFAULT NULL,
  `config_file` varchar(50) CHARACTER SET utf8mb4 COLLATE utf8mb4_unicode_ci DEFAULT NULL COMMENT 'data should be in json only',
  `status` tinyint DEFAULT '1' COMMENT '0,1 => Active, 2 => Inactive',
  `deleted_at` tinyint DEFAULT '1' COMMENT '0,1 => Not Deleted, 2 => Deleted',
  `created_by` int DEFAULT NULL,
  `created_at` timestamp NULL DEFAULT CURRENT_TIMESTAMP,
  `updated_by` int DEFAULT NULL,
  `updated_at` timestamp NULL DEFAULT CURRENT_TIMESTAMP ON UPDATE CURRENT_TIMESTAMP,
  PRIMARY KEY (`id`)
) ENGINE=InnoDB AUTO_INCREMENT=2 DEFAULT CHARSET=utf8mb4 COLLATE=utf8mb4_unicode_ci;

/*Data for the table `config_whatsapp` */

insert  into `config_whatsapp`(`id`,`unique_id`,`client_id`,`campaign_id`,`config_name`,`type`,`account_id`,`password`,`business_no`,`url`,`config_file`,`status`,`deleted_at`,`created_by`,`created_at`,`updated_by`,`updated_at`) values 
(1,NULL,5,0,NULL,NULL,NULL,NULL,NULL,NULL,NULL,1,1,1,'2023-10-20 15:18:44',NULL,'2023-10-20 15:18:44');

/*Table structure for table `customer_master` */

DROP TABLE IF EXISTS `customer_master`;

CREATE TABLE `customer_master` (
  `id` int NOT NULL AUTO_INCREMENT,
  `client_id` int DEFAULT NULL,
  `campaign_id` int DEFAULT NULL,
  `name` varchar(100) CHARACTER SET utf8mb4 COLLATE utf8mb4_unicode_ci DEFAULT NULL,
  `org_no` varchar(15) CHARACTER SET utf8mb4 COLLATE utf8mb4_unicode_ci DEFAULT NULL,
  `mobile` varchar(15) CHARACTER SET utf8mb4 COLLATE utf8mb4_unicode_ci DEFAULT NULL,
  `is_optin` tinyint(1) DEFAULT NULL,
  `status` tinyint(1) DEFAULT '1',
  `created_at` timestamp NOT NULL DEFAULT CURRENT_TIMESTAMP,
  `updated_at` timestamp NULL DEFAULT CURRENT_TIMESTAMP ON UPDATE CURRENT_TIMESTAMP,
  PRIMARY KEY (`id`)
) ENGINE=InnoDB AUTO_INCREMENT=161 DEFAULT CHARSET=utf8mb4 COLLATE=utf8mb4_unicode_ci;

/*Data for the table `customer_master` */

insert  into `customer_master`(`id`,`client_id`,`campaign_id`,`name`,`org_no`,`mobile`,`is_optin`,`status`,`created_at`,`updated_at`) values 
(5,NULL,NULL,'',NULL,'917738691223',2,1,'2023-12-12 16:37:54','2023-12-21 13:17:16'),
(6,NULL,NULL,'',NULL,'918554818279',2,1,'2023-12-12 17:06:18','2024-01-02 16:12:29'),
(7,NULL,NULL,'',NULL,'917506493373',2,1,'2023-12-12 20:47:54','2024-01-02 11:44:05'),
(8,NULL,NULL,'Jaswinder singh',NULL,'919821879811',2,1,'2023-12-15 13:25:05','2023-12-15 13:25:05'),
(9,NULL,NULL,'',NULL,'918652669232',2,1,'2023-12-18 12:02:46','2023-12-21 15:22:08'),
(10,NULL,NULL,'Somnath Phulari',NULL,'918928794349',2,1,'2023-12-18 14:59:05','2023-12-18 14:59:05'),
(11,NULL,NULL,'Suraj Desai',NULL,'917039241656',2,1,'2023-12-20 19:36:47','2023-12-20 19:36:47'),
(12,NULL,NULL,'',NULL,'918108169232',2,1,'2023-12-26 12:05:58','2023-12-26 12:05:58'),
(13,NULL,NULL,'',NULL,'917718915236',2,1,'2024-01-04 19:24:37','2024-01-04 19:24:37'),
(14,NULL,NULL,'',NULL,'917208308897',2,1,'2024-01-09 05:07:53','2024-01-09 05:07:53'),
(15,NULL,NULL,'',NULL,'917887398169',2,1,'2024-01-09 11:35:59','2024-01-09 11:35:59'),
(16,NULL,NULL,'',NULL,'919828564778',2,1,'2024-01-10 10:41:30','2024-01-10 10:41:30'),
(17,NULL,NULL,'',NULL,'917032381993',2,1,'2024-01-10 13:28:40','2024-01-10 13:28:40'),
(18,NULL,NULL,'',NULL,'918928854292',2,1,'2024-01-10 16:26:25','2024-01-10 16:26:25'),
(19,NULL,NULL,'',NULL,'918978435787',2,1,'2024-01-10 17:06:47','2024-01-10 17:06:47'),
(20,NULL,NULL,'',NULL,'917666902992',2,1,'2024-01-11 16:57:13','2024-01-11 16:57:13'),
(21,NULL,NULL,'',NULL,'919000567191',2,1,'2024-01-12 09:34:15','2024-01-12 09:34:15'),
(22,NULL,NULL,'',NULL,'917043881177',2,1,'2024-01-12 09:38:26','2024-01-12 09:38:26'),
(23,NULL,NULL,'',NULL,'919845599949',2,1,'2024-01-12 09:38:58','2024-01-12 09:38:58'),
(24,NULL,NULL,'',NULL,'919466705770',2,1,'2024-01-12 09:39:01','2024-01-12 09:39:01'),
(25,NULL,NULL,'',NULL,'918822686784',2,1,'2024-01-12 09:45:57','2024-01-12 09:45:57'),
(26,NULL,NULL,'',NULL,'919931450990',2,1,'2024-01-12 09:49:35','2024-01-12 09:49:35'),
(27,NULL,NULL,'',NULL,'919993215695',2,1,'2024-01-12 09:51:45','2024-01-12 09:51:45'),
(28,NULL,NULL,'',NULL,'919562426242',2,1,'2024-01-12 09:53:29','2024-01-12 09:53:29'),
(29,NULL,NULL,'',NULL,'919652180291',2,1,'2024-01-12 09:59:07','2024-01-12 09:59:07'),
(30,NULL,NULL,'',NULL,'919117305682',2,1,'2024-01-12 10:03:10','2024-01-12 10:03:10'),
(31,NULL,NULL,'',NULL,'919004600662',2,1,'2024-01-12 10:03:13','2024-01-12 10:03:13'),
(32,NULL,NULL,'',NULL,'918882245220',2,1,'2024-01-12 10:07:37','2024-01-12 10:07:37'),
(33,NULL,NULL,'',NULL,'918871897757',2,1,'2024-01-12 10:09:14','2024-01-12 10:09:14'),
(34,NULL,NULL,'',NULL,'919725264111',2,1,'2024-01-12 10:11:15','2024-01-12 10:11:15'),
(35,NULL,NULL,'',NULL,'919373458393',2,1,'2024-01-12 10:14:12','2024-01-12 10:14:12'),
(36,NULL,NULL,'',NULL,'918469792929',2,1,'2024-01-12 10:18:07','2024-01-12 10:18:07'),
(37,NULL,NULL,'',NULL,'919993066365',2,1,'2024-01-12 10:22:32','2024-01-12 10:22:32'),
(38,NULL,NULL,'',NULL,'919761786222',2,1,'2024-01-12 10:26:27','2024-01-12 10:26:27'),
(39,NULL,NULL,'',NULL,'919510201114',2,1,'2024-01-12 10:31:06','2024-01-12 10:31:06'),
(40,NULL,NULL,'',NULL,'919414870288',2,1,'2024-01-12 10:37:09','2024-01-12 10:37:09'),
(41,NULL,NULL,'',NULL,'919415103142',2,1,'2024-01-12 11:01:06','2024-01-12 11:01:06'),
(42,NULL,NULL,'',NULL,'919850038251',2,1,'2024-01-12 11:20:52','2024-01-12 11:20:52'),
(43,NULL,NULL,'',NULL,'919939845972',2,1,'2024-01-12 11:52:16','2024-01-12 11:52:16'),
(44,NULL,NULL,'',NULL,'919126409407',2,1,'2024-01-12 11:58:20','2024-01-12 11:58:20'),
(45,NULL,NULL,'',NULL,'918408938990',2,1,'2024-01-12 12:18:15','2024-01-12 12:18:15'),
(46,NULL,NULL,'',NULL,'918419880670',2,1,'2024-01-12 12:43:43','2024-01-12 12:43:43'),
(47,NULL,NULL,'',NULL,'917900446504',2,1,'2024-01-12 13:14:15','2024-01-12 13:14:15'),
(48,NULL,NULL,'',NULL,'919715493411',2,1,'2024-01-12 14:41:13','2024-01-12 14:41:13'),
(49,NULL,NULL,'',NULL,'919483139477',2,1,'2024-01-12 15:03:10','2024-01-12 15:03:10'),
(50,NULL,NULL,'',NULL,'919890795599',2,1,'2024-01-12 16:33:41','2024-01-12 16:33:41'),
(51,NULL,NULL,'',NULL,'919835147824',2,1,'2024-01-12 17:11:33','2024-01-12 17:11:33'),
(52,NULL,NULL,'',NULL,'919411411211',2,1,'2024-01-13 16:20:49','2024-01-13 16:20:49'),
(53,NULL,NULL,'',NULL,'918475807185',2,1,'2024-01-14 18:23:09','2024-01-14 18:23:09'),
(54,NULL,NULL,'',NULL,'919923136716',2,1,'2024-01-15 09:06:55','2024-01-15 09:06:55'),
(55,NULL,NULL,'',NULL,'917672049388',2,1,'2024-01-15 09:34:44','2024-01-15 09:34:44'),
(56,NULL,NULL,'',NULL,'919955737420',2,1,'2024-01-15 11:08:02','2024-01-15 11:08:02'),
(57,NULL,NULL,'',NULL,'917051910127',2,1,'2024-01-15 12:35:34','2024-01-15 12:35:34'),
(58,NULL,NULL,'',NULL,'918655800140',2,1,'2024-01-15 17:24:28','2024-01-15 17:24:28'),
(59,NULL,NULL,'',NULL,'919796782902',2,1,'2024-01-16 09:32:58','2024-01-16 09:32:58'),
(60,NULL,NULL,'',NULL,'917064792448',2,1,'2024-01-16 11:01:22','2024-01-16 11:01:22'),
(61,NULL,NULL,'',NULL,'919873784529',2,1,'2024-01-16 11:54:55','2024-01-16 11:54:55'),
(62,NULL,NULL,'',NULL,'919769510151',2,1,'2024-01-16 14:11:45','2024-01-16 14:11:45'),
(63,NULL,NULL,'',NULL,'919289314992',2,1,'2024-01-16 15:30:13','2024-01-16 15:30:13'),
(64,NULL,NULL,'',NULL,'917206602667',2,1,'2024-01-16 15:38:47','2024-01-16 15:38:47'),
(65,NULL,NULL,'',NULL,'919967590311',2,1,'2024-01-16 15:59:20','2024-01-16 15:59:20'),
(66,NULL,NULL,'',NULL,'916381175390',2,1,'2024-01-16 16:01:11','2024-01-16 16:01:11'),
(67,NULL,NULL,'',NULL,'919886160076',2,1,'2024-01-18 11:18:29','2024-01-18 11:18:29'),
(68,NULL,NULL,'',NULL,'917541912145',2,1,'2024-01-18 14:06:02','2024-01-18 14:06:02'),
(69,NULL,NULL,'',NULL,'917976447523',2,1,'2024-01-18 15:26:42','2024-01-18 15:26:42'),
(70,NULL,NULL,'',NULL,'917049999945',2,1,'2024-01-19 14:05:02','2024-01-19 14:05:02'),
(71,NULL,NULL,'',NULL,'918219189510',2,1,'2024-01-20 10:18:57','2024-01-20 10:18:57'),
(72,NULL,NULL,'',NULL,'919664162935',2,1,'2024-01-20 16:46:46','2024-01-20 16:46:46'),
(73,NULL,NULL,'',NULL,'919740094737',2,1,'2024-01-22 11:15:07','2024-01-22 11:15:07'),
(74,NULL,NULL,'',NULL,'918195077574',2,1,'2024-01-22 13:01:20','2024-01-22 13:01:20'),
(75,36,38,'','918657749002','918554818279',2,1,'2024-01-22 20:21:47','2024-01-22 20:21:47'),
(76,37,39,'','917710021820','917738691223',2,1,'2024-01-23 10:57:29','2024-01-23 10:57:29'),
(77,36,38,'','918657749002','917506493373',2,1,'2024-01-23 12:55:21','2024-01-23 12:55:21'),
(78,36,38,'','918657749002','916201960845',2,1,'2024-01-23 13:32:58','2024-01-23 13:32:58'),
(79,36,38,'','918657749002','919844386434',2,1,'2024-01-23 16:09:07','2024-01-23 16:09:07'),
(80,37,39,'','917710021820','919381488197',2,1,'2024-01-24 13:22:41','2024-01-24 13:22:41'),
(81,36,38,'','918657749002','919328704327',2,1,'2024-01-24 21:51:36','2024-01-24 21:51:36'),
(82,37,39,'','917710021820','919052652682',2,1,'2024-01-25 14:07:08','2024-01-25 14:07:08'),
(83,36,38,'','918657749002','919944694240',2,1,'2024-01-25 17:35:44','2024-01-25 17:35:44'),
(84,36,38,'','918657749002','918578888864',2,1,'2024-01-25 20:13:50','2024-01-25 20:13:50'),
(85,36,38,'','918657749002','918769300627',2,1,'2024-01-26 12:03:21','2024-01-26 12:03:21'),
(86,36,38,'','918657749002','917500169952',2,1,'2024-01-26 12:51:15','2024-01-26 12:51:15'),
(87,36,38,'','918657749002','918081889876',2,1,'2024-01-26 14:40:56','2024-01-26 14:40:56'),
(88,36,38,'','918657749002','919024044082',2,1,'2024-01-26 17:29:48','2024-01-26 17:29:48'),
(89,36,38,'','918657749002','919450680028',2,1,'2024-01-27 15:56:46','2024-01-27 15:56:46'),
(90,36,38,'','918657749002','917411470978',2,1,'2024-01-27 16:35:31','2024-01-27 16:35:31'),
(91,36,38,'','918657749002','919171709080',2,1,'2024-01-27 18:14:14','2024-01-27 18:14:14'),
(92,36,38,'','918657749002','917764012961',2,1,'2024-01-27 19:47:33','2024-01-27 19:47:33'),
(93,36,38,'','918657749002','918875360679',2,1,'2024-01-29 09:13:34','2024-01-29 09:13:34'),
(94,36,38,'','918657749002','919805052333',2,1,'2024-01-29 12:19:36','2024-01-29 12:19:36'),
(95,36,38,'','918657749002','918933993893',2,1,'2024-01-29 12:21:36','2024-01-29 12:21:36'),
(96,36,38,'','918657749002','917275430574',2,1,'2024-01-29 12:25:02','2024-01-29 12:25:02'),
(97,36,38,'','918657749002','919779727107',2,1,'2024-01-29 12:25:40','2024-01-29 12:25:40'),
(98,36,38,'','918657749002','918896179527',2,1,'2024-01-29 12:27:23','2024-01-29 12:27:23'),
(99,36,38,'','918657749002','919004258649',2,1,'2024-01-29 12:30:28','2024-01-29 12:30:28'),
(100,36,38,'','918657749002','919899332203',2,1,'2024-01-29 12:32:02','2024-01-29 12:32:02'),
(101,36,38,'','918657749002','918299881414',2,1,'2024-01-29 12:36:21','2024-01-29 12:36:21'),
(102,36,38,'','918657749002','919549204056',2,1,'2024-01-29 12:38:47','2024-01-29 12:38:47'),
(103,36,38,'','918657749002','917694952573',2,1,'2024-01-29 12:53:55','2024-01-29 12:53:55'),
(104,36,38,'','918657749002','917018113646',2,1,'2024-01-29 13:06:25','2024-01-29 13:06:25'),
(105,36,38,'','918657749002','918619194289',2,1,'2024-01-29 13:28:38','2024-01-29 13:28:38'),
(106,36,38,'','918657749002','916205910750',2,1,'2024-01-29 13:35:56','2024-01-29 13:35:56'),
(107,36,38,'','918657749002','916367650018',2,1,'2024-01-29 13:53:18','2024-01-29 13:53:18'),
(108,36,38,'','918657749002','916361930820',2,1,'2024-01-29 14:06:07','2024-01-29 14:06:07'),
(109,36,38,'','918657749002','919316469355',2,1,'2024-01-29 15:39:17','2024-01-29 15:39:17'),
(110,36,38,'','918657749002','918092586621',2,1,'2024-01-29 15:53:16','2024-01-29 15:53:16'),
(111,36,38,'','918657749002','919486404361',2,1,'2024-01-29 17:26:23','2024-01-29 17:26:23'),
(112,36,38,'','918657749002','918124472672',2,1,'2024-01-29 18:28:08','2024-01-29 18:28:08'),
(113,36,38,'','918657749002','917408344806',2,1,'2024-01-29 18:38:10','2024-01-29 18:38:10'),
(114,36,38,'','918657749002','919106109459',2,1,'2024-01-29 19:14:30','2024-01-29 19:14:30'),
(115,36,38,'','918657749002','918963050665',2,1,'2024-01-29 20:33:48','2024-01-29 20:33:48'),
(116,36,38,'','918657749002','918760819288',2,1,'2024-01-29 20:50:43','2024-01-29 20:50:43'),
(117,36,38,'','918657749002','919738417190',2,1,'2024-01-29 21:06:21','2024-01-29 21:06:21'),
(118,36,38,'','918657749002','918400915228',2,1,'2024-01-29 21:45:35','2024-01-29 21:45:35'),
(119,36,38,'','918657749002','916381175390',2,1,'2024-01-30 14:11:34','2024-01-30 14:11:34'),
(120,37,39,'','917710021820','918554818279',2,1,'2024-01-30 14:41:45','2024-01-30 14:41:45'),
(121,37,39,'','917710021820','916381175390',2,1,'2024-01-30 14:49:27','2024-01-30 14:49:27'),
(122,36,38,'','918657749002','919565618827',2,1,'2024-01-30 18:41:50','2024-01-30 18:41:50'),
(123,36,38,'','918657749002','919534886056',2,1,'2024-01-30 19:05:01','2024-01-30 19:05:01'),
(124,36,38,'','918657749002','918757051484',2,1,'2024-01-30 20:42:26','2024-01-30 20:42:26'),
(125,36,38,'','918657749002','917887398169',2,1,'2024-01-31 10:44:58','2024-01-31 10:44:58'),
(126,33,40,'','917710020396','919578463977',2,1,'2024-01-31 11:15:01','2024-01-31 11:15:01'),
(127,36,38,'','918657749002','919639848312',2,1,'2024-01-31 11:49:55','2024-01-31 11:49:55'),
(128,37,39,'','917710021820','917208308897',2,1,'2024-01-31 12:19:54','2024-01-31 12:19:54'),
(129,36,38,'','918657749002','919886160076',2,1,'2024-01-31 12:48:48','2024-01-31 12:48:48'),
(130,36,38,'','918657749002','919608809607',2,1,'2024-01-31 19:28:21','2024-01-31 19:28:21'),
(131,36,38,'','918657749002','919783192671',2,1,'2024-02-01 10:38:19','2024-02-01 10:38:19'),
(132,33,40,'','917710020396','919769510151',2,1,'2024-02-01 16:32:51','2024-02-01 16:32:51'),
(133,36,38,'','918657749002','917860177744',2,1,'2024-02-01 22:15:09','2024-02-01 22:15:09'),
(134,36,38,'','918657749002','918887871947',2,1,'2024-02-02 14:47:09','2024-02-02 14:47:09'),
(135,36,38,'','918657749002','919664902848',2,1,'2024-02-02 17:15:52','2024-02-02 17:15:52'),
(136,36,38,'','918657749002','919438603174',2,1,'2024-02-03 13:12:06','2024-02-03 13:12:06'),
(137,36,38,'','918657749002','917021340402',2,1,'2024-02-06 14:23:09','2024-02-06 14:23:09'),
(138,36,38,'','918657749002','918878220698',2,1,'2024-02-06 15:55:48','2024-02-06 15:55:48'),
(139,36,38,'','918657749002','917519994755',2,1,'2024-02-06 17:29:00','2024-02-06 17:29:00'),
(140,37,39,'','917710021820','918657957787',2,1,'2024-02-07 09:28:01','2024-02-07 09:28:01'),
(141,36,38,'','918657749002','918400730491',2,1,'2024-02-07 12:50:47','2024-02-07 12:50:47'),
(142,36,38,'','918657749002','918957646440',2,1,'2024-02-07 15:26:03','2024-02-07 15:26:03'),
(143,36,38,'','918657749002','917004518330',2,1,'2024-02-08 09:17:32','2024-02-08 09:17:32'),
(144,37,39,'','917710021820','917667636532',2,1,'2024-02-08 11:26:05','2024-02-08 11:26:05'),
(145,37,39,'','917710021820','917689896212',2,1,'2024-02-08 11:28:41','2024-02-08 11:28:41'),
(146,37,39,'','917710021820','919860131428',2,1,'2024-02-08 11:29:29','2024-02-08 11:29:29'),
(147,37,39,'','917710021820','917051053576',2,1,'2024-02-08 11:30:19','2024-02-08 11:30:19'),
(148,37,39,'','917710021820','918905054873',2,1,'2024-02-08 11:31:04','2024-02-08 11:31:04'),
(149,37,39,'','917710021820','918391851431',2,1,'2024-02-08 11:31:18','2024-02-08 11:31:18'),
(150,37,39,'','917710021820','919301422920',2,1,'2024-02-08 11:32:04','2024-02-08 11:32:04'),
(151,37,39,'','917710021820','917588541082',2,1,'2024-02-08 11:33:32','2024-02-08 11:33:32'),
(152,37,39,'','917710021820','917352500998',2,1,'2024-02-08 11:33:33','2024-02-08 11:33:33'),
(153,37,39,'','917710021820','916006095207',2,1,'2024-02-08 11:37:22','2024-02-08 11:37:22'),
(154,37,39,'','917710021820','918083265006',2,1,'2024-02-08 11:37:33','2024-02-08 11:37:33'),
(155,37,39,'','917710021820','917665028748',2,1,'2024-02-08 11:40:23','2024-02-08 11:40:23'),
(156,37,39,'','917710021820','919001039114',2,1,'2024-02-08 11:41:21','2024-02-08 11:41:21'),
(157,37,39,'','917710021820','916363366497',2,1,'2024-02-08 11:41:39','2024-02-08 11:41:39'),
(158,38,44,'','917304609236','919029634011',2,1,'2025-05-16 16:48:32','2025-05-16 16:48:32'),
(159,38,44,'','917304609236','919137691294',2,1,'2025-05-20 15:24:04','2025-05-20 15:24:04'),
(160,38,44,'','917304609236','917718943161',2,1,'2025-05-28 10:56:24','2025-05-28 10:56:24');

/*Table structure for table `disposition` */

DROP TABLE IF EXISTS `disposition`;

CREATE TABLE `disposition` (
  `id` int NOT NULL AUTO_INCREMENT,
  `client_id` int DEFAULT NULL,
  `campaign_id` int DEFAULT NULL,
  `dispo_code` varchar(20) DEFAULT NULL,
  `dispo_name` varchar(50) DEFAULT NULL,
  `sub_dispo_code` varchar(20) DEFAULT NULL,
  `sub_dispo_name` varchar(50) DEFAULT NULL,
  `status` tinyint(1) DEFAULT '1' COMMENT '01=> Active, 2 => Inactive',
  `created_at` timestamp NULL DEFAULT NULL,
  `created_by` int DEFAULT NULL,
  `updated_by` int DEFAULT NULL,
  `updated_at` timestamp NULL DEFAULT NULL,
  `deleted_at` tinyint DEFAULT '1',
  PRIMARY KEY (`id`)
) ENGINE=InnoDB DEFAULT CHARSET=latin1;

/*Data for the table `disposition` */

/*Table structure for table `dispositionplan` */

DROP TABLE IF EXISTS `dispositionplan`;

CREATE TABLE `dispositionplan` (
  `id` int NOT NULL AUTO_INCREMENT,
  `client_id` int DEFAULT NULL,
  `planname` varchar(100) DEFAULT NULL,
  `status` varchar(45) DEFAULT NULL,
  `created_at` timestamp NULL DEFAULT NULL,
  `updated_at` timestamp NULL DEFAULT NULL,
  `created_by` varchar(45) DEFAULT NULL,
  `updated_by` varchar(45) DEFAULT NULL,
  `is_deleted` tinyint DEFAULT '1',
  PRIMARY KEY (`id`)
) ENGINE=InnoDB AUTO_INCREMENT=117 DEFAULT CHARSET=latin1;

/*Data for the table `dispositionplan` */

insert  into `dispositionplan`(`id`,`client_id`,`planname`,`status`,`created_at`,`updated_at`,`created_by`,`updated_by`,`is_deleted`) values 
(6,5,'fhfdh','2','2023-12-06 19:49:34','2023-12-13 13:30:36',NULL,NULL,2),
(24,5,'dsadad','1','2023-12-08 16:40:08','2023-12-08 16:40:08',NULL,NULL,1),
(25,5,'planA','1','2023-12-08 16:50:25','2023-12-08 16:50:25',NULL,NULL,1),
(30,5,'krunal','2','2023-12-08 18:30:53','2023-12-08 18:31:08',NULL,NULL,1),
(31,5,'Planbcd','1','2023-12-08 18:34:47','2023-12-08 18:34:47',NULL,NULL,1),
(36,24,'Disp','1','2023-12-11 13:58:10','2023-12-11 13:58:10',NULL,NULL,1),
(38,5,'Edas','2','2024-01-08 15:09:20','2024-01-08 15:09:25',NULL,NULL,2),
(39,5,'fhdrfth','2','2024-01-08 15:56:39','2024-01-08 15:56:48',NULL,NULL,2),
(40,5,'PlanB','1','2024-01-08 16:05:44','2024-01-08 16:05:44',NULL,NULL,1),
(41,5,'planCC','1','2024-01-09 12:04:16','2024-01-09 12:04:16',NULL,NULL,1),
(43,33,'dispo_B','1','2024-01-09 16:04:53','2024-01-09 16:04:53',NULL,NULL,1),
(44,35,'dispo_A','1','2024-01-09 16:05:03','2024-01-09 16:05:03',NULL,NULL,1),
(45,36,'dispo_c','1','2024-01-09 16:06:17','2024-01-09 16:06:17',NULL,NULL,1),
(46,37,'dispo_D','1','2024-01-09 16:07:32','2024-01-09 16:07:32',NULL,NULL,1),
(47,34,'NewPlan','1','2024-01-09 18:57:35','2024-01-09 18:57:35',NULL,NULL,1),
(48,38,'hdfc','1','2024-06-20 16:57:49','2024-06-20 16:57:49',NULL,NULL,1),
(51,39,'connected','2','2024-07-19 17:29:44','2024-08-22 17:23:04',NULL,NULL,2),
(109,39,'xyz','2','2024-08-22 17:41:05','2024-08-22 17:45:10',NULL,NULL,2),
(113,39,'VIP_WHATSAPP','1','2024-08-23 11:25:16','2024-08-23 11:25:16',NULL,NULL,1),
(114,40,'EOS_Globe','1','2024-12-05 15:48:27','2024-12-05 15:48:27',NULL,NULL,1),
(115,41,'CampA','1','2025-02-18 18:09:48','2025-02-18 18:09:48',NULL,NULL,1),
(116,5,'pland','1','2025-05-08 15:19:09','2025-05-08 15:19:09',NULL,NULL,1);

/*Table structure for table `file_chunk_data` */

DROP TABLE IF EXISTS `file_chunk_data`;

CREATE TABLE `file_chunk_data` (
  `id` int NOT NULL AUTO_INCREMENT,
  `bulk_id` int DEFAULT NULL,
  `mobile` varchar(15) DEFAULT NULL,
  `status` tinyint(1) DEFAULT NULL COMMENT '1=> initial, 2 => processing, 3 => processed',
  `created_at` timestamp NOT NULL DEFAULT CURRENT_TIMESTAMP,
  `updated_at` timestamp NOT NULL DEFAULT CURRENT_TIMESTAMP ON UPDATE CURRENT_TIMESTAMP,
  PRIMARY KEY (`id`)
) ENGINE=InnoDB DEFAULT CHARSET=latin1;

/*Data for the table `file_chunk_data` */

/*Table structure for table `license_details` */

DROP TABLE IF EXISTS `license_details`;

CREATE TABLE `license_details` (
  `id` int NOT NULL AUTO_INCREMENT,
  `client_id` int DEFAULT NULL,
  `lic_count` int DEFAULT NULL,
  `name` varchar(45) DEFAULT NULL,
  `status` varchar(45) DEFAULT '1',
  `created_at` timestamp NULL DEFAULT NULL,
  `updated_at` timestamp NULL DEFAULT NULL,
  `created_by` int DEFAULT NULL,
  `updated_by` int DEFAULT NULL,
  `deleted_at` tinyint DEFAULT '1' COMMENT '0,1 => not_deleted ,2 => deleted',
  PRIMARY KEY (`id`)
) ENGINE=InnoDB AUTO_INCREMENT=196 DEFAULT CHARSET=latin1;

/*Data for the table `license_details` */

insert  into `license_details`(`id`,`client_id`,`lic_count`,`name`,`status`,`created_at`,`updated_at`,`created_by`,`updated_by`,`deleted_at`) values 
(1,5,1,'admin','2','2023-10-20 15:18:44','2024-01-04 11:52:20',1,1,2),
(2,5,20,'user','2','2023-10-20 15:18:44','2024-01-04 11:52:20',1,1,2),
(3,5,1,'manager','2','2023-10-20 15:18:44','2024-01-04 11:52:20',1,1,2),
(4,5,1,'mis','2','2023-10-20 15:18:44','2024-01-04 11:52:20',1,1,2),
(5,5,1,'supervisor','2','2023-10-20 15:18:44','2024-01-04 11:52:20',1,1,2),
(51,15,1,'admin','2','2023-12-01 12:52:11','2023-12-05 17:36:56',1,1,2),
(52,15,3,'user','2','2023-12-01 12:52:11','2023-12-05 17:36:56',1,1,2),
(53,15,1,'manager','2','2023-12-01 12:52:11','2023-12-05 17:36:56',1,1,2),
(54,15,0,'mis','2','2023-12-01 12:52:11','2023-12-05 17:36:56',1,1,2),
(55,15,1,'supervisor','2','2023-12-01 12:52:11','2023-12-05 17:36:56',1,1,2),
(56,16,2,'admin','2','2023-12-05 17:40:22','2023-12-05 17:44:15',1,NULL,2),
(57,16,2,'user','2','2023-12-05 17:40:23','2023-12-05 17:44:15',1,NULL,2),
(58,16,2,'manager','2','2023-12-05 17:40:23','2023-12-05 17:44:15',1,NULL,2),
(59,16,2,'mis','2','2023-12-05 17:40:23','2023-12-05 17:44:15',1,NULL,2),
(60,16,2,'supervisor','2','2023-12-05 17:40:23','2023-12-05 17:44:15',1,NULL,2),
(61,17,2,'admin','1','2023-12-05 17:44:39','2023-12-06 11:33:18',1,1,1),
(62,17,2,'user','1','2023-12-05 17:44:39','2023-12-06 11:33:18',1,1,1),
(63,17,2,'manager','1','2023-12-05 17:44:39','2023-12-06 11:33:18',1,1,1),
(64,17,2,'mis','1','2023-12-05 17:44:39','2023-12-06 11:33:18',1,1,1),
(65,17,2,'supervisor','1','2023-12-05 17:44:39','2023-12-06 11:33:18',1,1,1),
(66,18,1,'admin','1','2023-12-08 11:28:56','2023-12-08 11:29:18',1,1,1),
(67,18,12,'user','1','2023-12-08 11:28:56','2023-12-08 11:29:18',1,1,1),
(68,18,1,'manager','1','2023-12-08 11:28:56','2023-12-08 11:29:18',1,1,1),
(69,18,1,'mis','1','2023-12-08 11:28:56','2023-12-08 11:29:18',1,1,1),
(70,18,1,'supervisor','1','2023-12-08 11:28:56','2023-12-08 11:29:18',1,1,1),
(71,19,1,'admin','2','2023-12-08 19:10:25','2023-12-08 19:10:31',1,NULL,2),
(72,19,1,'user','2','2023-12-08 19:10:25','2023-12-08 19:10:31',1,NULL,2),
(73,19,1,'manager','2','2023-12-08 19:10:25','2023-12-08 19:10:31',1,NULL,2),
(74,19,1,'mis','2','2023-12-08 19:10:25','2023-12-08 19:10:31',1,NULL,2),
(75,19,1,'supervisor','2','2023-12-08 19:10:25','2023-12-08 19:10:31',1,NULL,2),
(76,20,1,'admin','2','2023-12-08 19:11:45','2023-12-08 19:14:16',1,NULL,2),
(77,20,21,'user','2','2023-12-08 19:11:45','2023-12-08 19:14:16',1,NULL,2),
(78,20,1,'manager','2','2023-12-08 19:11:45','2023-12-08 19:14:16',1,NULL,2),
(79,20,1,'mis','2','2023-12-08 19:11:45','2023-12-08 19:14:16',1,NULL,2),
(80,20,1,'supervisor','2','2023-12-08 19:11:45','2023-12-08 19:14:16',1,NULL,2),
(81,21,1,'admin','2','2023-12-08 19:14:06','2023-12-08 19:14:12',1,NULL,2),
(82,21,1,'user','2','2023-12-08 19:14:06','2023-12-08 19:14:12',1,NULL,2),
(83,21,1,'manager','2','2023-12-08 19:14:06','2023-12-08 19:14:12',1,NULL,2),
(84,21,1,'mis','2','2023-12-08 19:14:06','2023-12-08 19:14:12',1,NULL,2),
(85,21,1,'supervisor','2','2023-12-08 19:14:06','2023-12-08 19:14:12',1,NULL,2),
(86,22,1,'admin','1','2023-12-08 19:19:01','2024-01-02 13:03:06',1,1,1),
(87,22,2,'user','1','2023-12-08 19:19:01','2024-01-02 13:03:06',1,1,1),
(88,22,1,'manager','1','2023-12-08 19:19:01','2024-01-02 13:03:06',1,1,1),
(89,22,1,'mis','1','2023-12-08 19:19:01','2024-01-02 13:03:06',1,1,1),
(90,22,1,'supervisor','1','2023-12-08 19:19:01','2024-01-02 13:03:06',1,1,1),
(91,23,0,'admin','2','2023-12-11 12:30:15','2023-12-11 12:30:42',1,1,2),
(92,23,0,'user','2','2023-12-11 12:30:15','2023-12-11 12:30:42',1,1,2),
(93,23,1,'manager','2','2023-12-11 12:30:15','2023-12-11 12:30:42',1,1,2),
(94,23,0,'mis','2','2023-12-11 12:30:15','2023-12-11 12:30:42',1,1,2),
(95,23,0,'supervisor','2','2023-12-11 12:30:15','2023-12-11 12:30:42',1,1,2),
(96,24,1,'admin','1','2023-12-11 12:50:09','2024-01-04 13:35:09',1,1,1),
(97,24,2,'user','1','2023-12-11 12:50:09','2024-01-04 13:35:09',1,1,1),
(98,24,1,'manager','1','2023-12-11 12:50:09','2024-01-04 13:35:09',1,1,1),
(99,24,1,'mis','1','2023-12-11 12:50:09','2024-01-04 13:35:09',1,1,1),
(100,24,1,'supervisor','1','2023-12-11 12:50:09','2024-01-04 13:35:09',1,1,1),
(186,42,2,'admin','1','2025-05-09 11:40:19','2025-05-09 11:40:19',1,NULL,1),
(187,42,10,'user','1','2025-05-09 11:40:19','2025-05-09 11:40:19',1,NULL,1),
(188,42,2,'manager','1','2025-05-09 11:40:19','2025-05-09 11:40:19',1,NULL,1),
(189,42,2,'mis','1','2025-05-09 11:40:19','2025-05-09 11:40:19',1,NULL,1),
(190,42,2,'supervisor','1','2025-05-09 11:40:19','2025-05-09 11:40:19',1,NULL,1),
(191,38,2,'admin','1','2025-05-19 16:29:05','2025-05-19 16:29:05',1,NULL,1),
(192,38,2,'user','1','2025-05-19 16:29:05','2025-05-19 16:29:05',1,NULL,1),
(193,38,2,'manager','1','2025-05-19 16:29:05','2025-05-19 16:29:05',1,NULL,1),
(194,38,2,'mis','1','2025-05-19 16:29:05','2025-05-19 16:29:05',1,NULL,1),
(195,38,2,'supervisor','1','2025-05-19 16:29:06','2025-05-19 16:29:06',1,NULL,1);

/*Table structure for table `login_status` */

DROP TABLE IF EXISTS `login_status`;

CREATE TABLE `login_status` (
  `id` int NOT NULL AUTO_INCREMENT,
  `client_id` int DEFAULT NULL,
  `user_id` int DEFAULT NULL,
  `profile` enum('user','admin','manager','s_admin','sw') CHARACTER SET utf8mb4 COLLATE utf8mb4_unicode_ci DEFAULT 'user',
  `updated_at` datetime DEFAULT NULL,
  PRIMARY KEY (`id`)
) ENGINE=InnoDB AUTO_INCREMENT=20 DEFAULT CHARSET=utf8mb4 COLLATE=utf8mb4_unicode_ci;

/*Data for the table `login_status` */

insert  into `login_status`(`id`,`client_id`,`user_id`,`profile`,`updated_at`) values 
(1,36,48,'user','2025-05-07 15:42:10'),
(2,33,52,'user','2024-12-10 11:33:06'),
(3,37,50,'user','2025-05-07 11:12:00'),
(4,35,46,'user','2025-05-09 11:12:43'),
(5,5,22,'user','2024-09-04 17:45:06'),
(6,5,23,'user','2025-01-27 11:46:24'),
(7,34,55,'user','2024-09-04 17:15:32'),
(8,38,62,'user','2024-10-11 12:08:59'),
(9,39,67,'user','2024-09-05 11:21:04'),
(10,39,68,'user','2025-03-20 08:45:38'),
(11,39,69,'user','2024-09-18 19:51:18'),
(12,34,56,'user','2024-09-04 17:45:23'),
(13,5,70,'user','2024-10-30 09:56:30'),
(14,41,76,'user','2025-02-21 15:01:15'),
(15,41,75,'user','2025-02-20 19:08:37'),
(16,41,79,'user','2025-03-04 12:56:24'),
(17,39,80,'user','2025-05-07 15:42:01'),
(18,39,81,'user','2025-05-07 15:42:04'),
(19,38,98,'user','2025-05-23 14:50:21');

/*Table structure for table `manualassign_log` */

DROP TABLE IF EXISTS `manualassign_log`;

CREATE TABLE `manualassign_log` (
  `id` int NOT NULL AUTO_INCREMENT,
  `client_id` varchar(45) CHARACTER SET utf8mb4 COLLATE utf8mb4_unicode_ci DEFAULT NULL,
  `chat_id` bigint DEFAULT NULL,
  `assigned_to` int DEFAULT NULL,
  `assigned_by` int DEFAULT NULL,
  `assigned_at` timestamp NULL DEFAULT NULL,
  `created_at` timestamp NULL DEFAULT NULL,
  PRIMARY KEY (`id`)
) ENGINE=InnoDB AUTO_INCREMENT=15 DEFAULT CHARSET=utf8mb4 COLLATE=utf8mb4_unicode_ci;

/*Data for the table `manualassign_log` */

insert  into `manualassign_log`(`id`,`client_id`,`chat_id`,`assigned_to`,`assigned_by`,`assigned_at`,`created_at`) values 
(1,NULL,535,22,25,'2024-01-03 18:54:14','2024-01-03 18:54:14'),
(2,NULL,537,22,25,'2024-01-03 18:54:14','2024-01-03 18:54:14'),
(3,NULL,659,22,2,'2024-01-08 18:15:23','2024-01-08 18:15:23'),
(4,NULL,38435,62,2,'2024-06-25 18:02:27','2024-06-25 18:02:27'),
(5,NULL,38437,62,2,'2024-06-25 18:53:23','2024-06-25 18:53:23'),
(6,NULL,38441,62,2,'2024-06-25 18:53:23','2024-06-25 18:53:23'),
(7,NULL,43230,67,2,'2024-07-19 17:49:28','2024-07-19 17:49:28'),
(8,NULL,4,98,82,'2025-05-19 17:35:23','2025-05-19 17:35:23'),
(9,NULL,5,98,82,'2025-05-20 15:25:06','2025-05-20 15:25:06'),
(10,NULL,6,98,82,'2025-05-20 15:25:07','2025-05-20 15:25:07'),
(11,NULL,7,98,82,'2025-05-20 15:42:27','2025-05-20 15:42:27'),
(12,NULL,12,98,82,'2025-05-21 12:15:30','2025-05-21 12:15:30'),
(13,NULL,8,98,82,'2025-05-21 15:08:51','2025-05-21 15:08:51'),
(14,NULL,9,98,82,'2025-05-21 15:08:52','2025-05-21 15:08:52');

/*Table structure for table `migrations` */

DROP TABLE IF EXISTS `migrations`;

CREATE TABLE `migrations` (
  `id` int unsigned NOT NULL AUTO_INCREMENT,
  `migration` varchar(255) CHARACTER SET utf8mb4 COLLATE utf8mb4_unicode_ci NOT NULL,
  `batch` int NOT NULL,
  PRIMARY KEY (`id`)
) ENGINE=InnoDB DEFAULT CHARSET=utf8mb4 COLLATE=utf8mb4_unicode_ci;

/*Data for the table `migrations` */

/*Table structure for table `notification` */

DROP TABLE IF EXISTS `notification`;

CREATE TABLE `notification` (
  `id` int NOT NULL AUTO_INCREMENT,
  `user_id` int DEFAULT NULL,
  `client_id` int DEFAULT NULL,
  `subject` varchar(255) DEFAULT NULL,
  `body` varchar(255) DEFAULT NULL,
  `read_status` tinyint(1) DEFAULT '1' COMMENT '1 => Unread, 2 => Read',
  `status` tinyint(1) DEFAULT '1' COMMENT '1 => Active, 2 => Inactive',
  `created_by` int DEFAULT '0' COMMENT '0 => System Entry',
  `created_at` timestamp NOT NULL DEFAULT CURRENT_TIMESTAMP ON UPDATE CURRENT_TIMESTAMP,
  `updated_at` timestamp NOT NULL DEFAULT CURRENT_TIMESTAMP ON UPDATE CURRENT_TIMESTAMP,
  PRIMARY KEY (`id`)
) ENGINE=InnoDB DEFAULT CHARSET=latin1;

/*Data for the table `notification` */

/*Table structure for table `panasonic_api_log` */

DROP TABLE IF EXISTS `panasonic_api_log`;

CREATE TABLE `panasonic_api_log` (
  `id` int NOT NULL AUTO_INCREMENT,
  `mobile_number` varchar(15) DEFAULT NULL,
  `request` text,
  `response` text,
  `created_at` datetime DEFAULT CURRENT_TIMESTAMP,
  `updated_at` datetime DEFAULT NULL,
  PRIMARY KEY (`id`)
) ENGINE=InnoDB AUTO_INCREMENT=39 DEFAULT CHARSET=latin1;

/*Data for the table `panasonic_api_log` */

insert  into `panasonic_api_log`(`id`,`mobile_number`,`request`,`response`,`created_at`,`updated_at`) values 
(1,'919970352640','{\"mobile\":\"%2B919970352640\"}','{\"status\":\"success\",\"status_code\":\"\",\"msg\":\"\",\"response\":\"{\\\"status\\\":\\\"OK\\\",\\\"status_code\\\":\\\"OK\\\",\\\"body\\\":{\\\"mobile\\\":\\\"+919970352640\\\",\\\"registered\\\":true}}\"}','2024-12-17 13:29:19','2024-12-17 13:29:19'),
(2,'919970352640','{\"mobile\":\"%2B919970352640\"}','{\"status\":\"success\",\"status_code\":\"\",\"msg\":\"\",\"response\":\"{\\\"status\\\":\\\"OK\\\",\\\"status_code\\\":\\\"OK\\\",\\\"body\\\":{\\\"mobile\\\":\\\"+919970352640\\\",\\\"name\\\":\\\"Pooja\\\",\\\"club\\\":\\\"Hero\\\",\\\"profile_status\\\":\\\"Pending\\\",\\\"kyc_status\\\":\\\"Pending\\\"}}\"}','2024-12-17 13:29:31','2024-12-17 13:29:31'),
(3,'919970352640','{\"mobile\":\"%2B919970352640\"}','{\"status\":\"success\",\"status_code\":\"\",\"msg\":\"\",\"response\":\"{\\\"status\\\":\\\"OK\\\",\\\"status_code\\\":\\\"OK\\\",\\\"body\\\":{\\\"mobile\\\":\\\"+919970352640\\\",\\\"registered\\\":true}}\"}','2024-12-17 13:29:56','2024-12-17 13:29:56'),
(4,'919970352640','{\"mobile\":\"%2B919970352640\"}','{\"status\":\"success\",\"status_code\":\"\",\"msg\":\"\",\"response\":\"{\\\"status\\\":\\\"OK\\\",\\\"status_code\\\":\\\"OK\\\",\\\"body\\\":{\\\"mobile\\\":\\\"+919970352640\\\",\\\"total_earnings\\\":0,\\\"total_redeemed_points\\\":0,\\\"total_balance\\\":0,\\\"curr_fy_earning\\\":0,\\\"curr_fy_redeemed_points\\\":0,\\\"curr_fy_balance\\\":0}}\"}','2024-12-17 13:30:03','2024-12-17 13:30:03'),
(5,'919970352640','{\"mobile\":\"%2B919970352640\"}','{\"status\":\"success\",\"status_code\":\"\",\"msg\":\"\",\"response\":\"{\\\"status\\\":\\\"OK\\\",\\\"status_code\\\":\\\"OK\\\",\\\"body\\\":{\\\"mobile\\\":\\\"+919970352640\\\",\\\"registered\\\":true}}\"}','2024-12-17 13:30:10','2024-12-17 13:30:10'),
(6,'919970352640','{\"mobile\":\"%2B919970352640\"}','{\"status\":\"success\",\"status_code\":\"\",\"msg\":\"\",\"response\":\"{\\\"status\\\":\\\"OK\\\",\\\"status_code\\\":\\\"OK\\\",\\\"body\\\":{\\\"mobile\\\":\\\"+919970352640\\\",\\\"total_earnings\\\":0,\\\"curr_fy_earning\\\":0,\\\"curr_club\\\":\\\"Hero\\\",\\\"next_club\\\":\\\"Star\\\",\\\"curr_club_benefits\\\":{\\\"0\\\":\\\"Redeem Cash reward from the accumulated points\\\"},\\\"next_club_benefits\\\":{\\\"0\\\":\\\"Redeem Cash reward from the accumulated points\\\",\\\"1\\\":\\\"Electrician kit ( 500 Bonus Points )\\\",\\\"2\\\":\\\"Accidental Insuarance ( Coverage of Rs. 3 lakh )\\\"}}}\"}','2024-12-17 13:30:18','2024-12-17 13:30:18'),
(7,'919970352640','{\"mobile\":\"%2B919970352640\"}','{\"status\":\"success\",\"status_code\":\"\",\"msg\":\"\",\"response\":\"{\\\"status\\\":\\\"OK\\\",\\\"status_code\\\":\\\"OK\\\",\\\"body\\\":{\\\"mobile\\\":\\\"+919970352640\\\",\\\"registered\\\":true}}\"}','2024-12-17 13:31:32','2024-12-17 13:31:32'),
(8,'919970352640','{\"mobile\":\"%2B919970352640\"}','{\"status\":\"success\",\"status_code\":\"\",\"msg\":\"\",\"response\":\"{\\\"status\\\":\\\"OK\\\",\\\"status_code\\\":\\\"OK\\\",\\\"body\\\":{\\\"mobile\\\":\\\"+919970352640\\\",\\\"registered\\\":true}}\"}','2024-12-17 13:32:45','2024-12-17 13:32:45'),
(9,'919970352640','{\"mobile\":\"%2B919970352640\"}','{\"status\":\"success\",\"status_code\":\"\",\"msg\":\"\",\"response\":\"{\\\"status\\\":\\\"OK\\\",\\\"status_code\\\":\\\"OK\\\",\\\"body\\\":{\\\"mobile\\\":\\\"+919970352640\\\",\\\"registered\\\":true}}\"}','2024-12-17 13:35:13','2024-12-17 13:35:13'),
(10,'919970352640','{\"mobile\":\"%2B919970352640\"}','{\"status\":\"success\",\"status_code\":\"\",\"msg\":\"\",\"response\":\"{\\\"status\\\":\\\"OK\\\",\\\"status_code\\\":\\\"OK\\\",\\\"body\\\":{\\\"mobile\\\":\\\"+919970352640\\\",\\\"registered\\\":true}}\"}','2024-12-17 13:35:54','2024-12-17 13:35:54'),
(11,'919970352640','{\"mobile\":\"%2B919970352640\"}','{\"status\":\"success\",\"status_code\":\"\",\"msg\":\"\",\"response\":\"{\\\"status\\\":\\\"OK\\\",\\\"status_code\\\":\\\"OK\\\",\\\"body\\\":{\\\"mobile\\\":\\\"+919970352640\\\",\\\"registered\\\":true}}\"}','2024-12-17 13:36:53','2024-12-17 13:36:53'),
(12,'919970352640','{\"mobile\":\"%2B919970352640\"}','{\"status\":\"success\",\"status_code\":\"\",\"msg\":\"\",\"response\":\"{\\\"status\\\":\\\"OK\\\",\\\"status_code\\\":\\\"OK\\\",\\\"body\\\":{\\\"mobile\\\":\\\"+919970352640\\\",\\\"registered\\\":true}}\"}','2024-12-17 13:37:13','2024-12-17 13:37:13'),
(13,'919970352640','{\"mobile\":\"%2B919970352640\"}','{\"status\":\"success\",\"status_code\":\"\",\"msg\":\"\",\"response\":\"{\\\"status\\\":\\\"OK\\\",\\\"status_code\\\":\\\"OK\\\",\\\"body\\\":{\\\"mobile\\\":\\\"+919970352640\\\",\\\"registered\\\":true}}\"}','2024-12-17 13:38:00','2024-12-17 13:38:00'),
(14,'919970352640','{\"mobile\":\"%2B919970352640\"}','{\"status\":\"success\",\"status_code\":\"\",\"msg\":\"\",\"response\":\"{\\\"status\\\":\\\"OK\\\",\\\"status_code\\\":\\\"OK\\\",\\\"body\\\":{\\\"mobile\\\":\\\"+919970352640\\\",\\\"registered\\\":true}}\"}','2024-12-17 15:13:10','2024-12-17 15:13:10'),
(15,'919970352640','{\"mobile\":\"%2B919970352640\"}','{\"status\":\"success\",\"status_code\":\"\",\"msg\":\"\",\"response\":\"{\\\"status\\\":\\\"OK\\\",\\\"status_code\\\":\\\"OK\\\",\\\"body\\\":{\\\"mobile\\\":\\\"+919970352640\\\",\\\"registered\\\":true}}\"}','2024-12-17 19:44:47','2024-12-17 19:44:47'),
(16,'919970352640','{\"mobile\":\"%2B919970352640\"}','{\"status\":\"success\",\"status_code\":\"\",\"msg\":\"\",\"response\":\"{\\\"status\\\":\\\"OK\\\",\\\"status_code\\\":\\\"OK\\\",\\\"body\\\":{\\\"mobile\\\":\\\"+919970352640\\\",\\\"registered\\\":true}}\"}','2024-12-17 19:46:17','2024-12-17 19:46:17'),
(17,'919970352640','{\"mobile\":\"%2B919970352640\"}','{\"status\":\"success\",\"status_code\":\"\",\"msg\":\"\",\"response\":\"{\\\"status\\\":\\\"OK\\\",\\\"status_code\\\":\\\"OK\\\",\\\"body\\\":{\\\"mobile\\\":\\\"+919970352640\\\",\\\"registered\\\":true}}\"}','2024-12-17 19:46:50','2024-12-17 19:46:50'),
(18,'919970352640','{\"mobile\":\"%2B919970352640\"}','{\"status\":\"success\",\"status_code\":\"\",\"msg\":\"\",\"response\":\"{\\\"status\\\":\\\"OK\\\",\\\"status_code\\\":\\\"OK\\\",\\\"body\\\":{\\\"mobile\\\":\\\"+919970352640\\\",\\\"registered\\\":true}}\"}','2024-12-17 19:50:25','2024-12-17 19:50:25'),
(19,'919970352640','{\"mobile\":\"%2B919970352640\"}','{\"status\":\"success\",\"status_code\":\"\",\"msg\":\"\",\"response\":\"{\\\"status\\\":\\\"OK\\\",\\\"status_code\\\":\\\"OK\\\",\\\"body\\\":{\\\"mobile\\\":\\\"+919970352640\\\",\\\"registered\\\":true}}\"}','2024-12-17 19:57:57','2024-12-17 19:57:57'),
(20,'919970352640','{\"mobile\":\"%2B919970352640\"}','{\"status\":\"success\",\"status_code\":\"\",\"msg\":\"\",\"response\":\"{\\\"status\\\":\\\"OK\\\",\\\"status_code\\\":\\\"OK\\\",\\\"body\\\":{\\\"mobile\\\":\\\"+919970352640\\\",\\\"name\\\":\\\"Pooja\\\",\\\"club\\\":\\\"Hero\\\",\\\"profile_status\\\":\\\"Pending\\\",\\\"kyc_status\\\":\\\"Pending\\\"}}\"}','2024-12-17 19:58:06','2024-12-17 19:58:06'),
(21,'919970352640','{\"mobile\":\"%2B919970352640\"}','{\"status\":\"success\",\"status_code\":\"\",\"msg\":\"\",\"response\":\"{\\\"status\\\":\\\"OK\\\",\\\"status_code\\\":\\\"OK\\\",\\\"body\\\":{\\\"mobile\\\":\\\"+919970352640\\\",\\\"registered\\\":true}}\"}','2024-12-17 19:59:45','2024-12-17 19:59:45'),
(22,'918302309842','{\"mobile\":\"%2B918302309842\"}','{\"status\":\"success\",\"status_code\":\"\",\"msg\":\"\",\"response\":\"{\\\"status\\\":\\\"OK\\\",\\\"status_code\\\":\\\"OK\\\",\\\"body\\\":{\\\"mobile\\\":\\\"+918302309842\\\",\\\"registered\\\":true}}\"}','2024-12-17 19:59:46','2024-12-17 19:59:46'),
(23,'918302309842','{\"mobile\":\"%2B918302309842\"}','{\"status\":\"success\",\"status_code\":\"\",\"msg\":\"\",\"response\":\"{\\\"status\\\":\\\"OK\\\",\\\"status_code\\\":\\\"OK\\\",\\\"body\\\":{\\\"mobile\\\":\\\"+918302309842\\\",\\\"total_earnings\\\":0,\\\"total_redeemed_points\\\":0,\\\"total_balance\\\":0,\\\"curr_fy_earning\\\":0,\\\"curr_fy_redeemed_points\\\":0,\\\"curr_fy_balance\\\":0}}\"}','2024-12-17 20:00:08','2024-12-17 20:00:08'),
(24,'918260475721','{\"mobile\":\"%2B918260475721\"}','{\"status\":\"success\",\"status_code\":\"\",\"msg\":\"\",\"response\":\"{\\\"status\\\":\\\"OK\\\",\\\"status_code\\\":\\\"OK\\\",\\\"body\\\":{\\\"mobile\\\":\\\"+918260475721\\\",\\\"registered\\\":true}}\"}','2024-12-17 20:01:31','2024-12-17 20:01:31'),
(25,'918260475721','{\"mobile\":\"%2B918260475721\"}','{\"status\":\"success\",\"status_code\":\"\",\"msg\":\"\",\"response\":\"{\\\"status\\\":\\\"OK\\\",\\\"status_code\\\":\\\"OK\\\",\\\"body\\\":{\\\"mobile\\\":\\\"+918260475721\\\",\\\"total_earnings\\\":5,\\\"total_redeemed_points\\\":0,\\\"total_balance\\\":5,\\\"curr_fy_earning\\\":5,\\\"curr_fy_redeemed_points\\\":0,\\\"curr_fy_balance\\\":5}}\"}','2024-12-17 20:01:43','2024-12-17 20:01:43'),
(26,'919970352640','{\"mobile\":\"%2B919970352640\"}','{\"status\":\"success\",\"status_code\":\"\",\"msg\":\"\",\"response\":\"{\\\"status\\\":\\\"OK\\\",\\\"status_code\\\":\\\"OK\\\",\\\"body\\\":{\\\"mobile\\\":\\\"+919970352640\\\",\\\"registered\\\":true}}\"}','2024-12-17 20:02:42','2024-12-17 20:02:42'),
(27,'919970352640','{\"mobile\":\"%2B919970352640\"}','{\"status\":\"success\",\"status_code\":\"\",\"msg\":\"\",\"response\":\"{\\\"status\\\":\\\"OK\\\",\\\"status_code\\\":\\\"OK\\\",\\\"body\\\":{\\\"mobile\\\":\\\"+919970352640\\\",\\\"registered\\\":true}}\"}','2024-12-17 20:08:40','2024-12-17 20:08:40'),
(28,'919970352640','{\"mobile\":\"%2B919970352640\"}','{\"status\":\"success\",\"status_code\":\"\",\"msg\":\"\",\"response\":\"{\\\"status\\\":\\\"OK\\\",\\\"status_code\\\":\\\"OK\\\",\\\"body\\\":{\\\"mobile\\\":\\\"+919970352640\\\",\\\"total_earnings\\\":0,\\\"total_redeemed_points\\\":0,\\\"total_balance\\\":0,\\\"curr_fy_earning\\\":0,\\\"curr_fy_redeemed_points\\\":0,\\\"curr_fy_balance\\\":0}}\"}','2024-12-17 20:08:51','2024-12-17 20:08:51'),
(29,'917870464000','{\"mobile\":\"%2B917870464000\"}','{\"status\":\"success\",\"status_code\":\"\",\"msg\":\"\",\"response\":\"{\\\"status\\\":\\\"OK\\\",\\\"status_code\\\":\\\"OK\\\",\\\"body\\\":{\\\"mobile\\\":\\\"+917870464000\\\",\\\"registered\\\":true}}\"}','2024-12-17 20:10:11','2024-12-17 20:10:11'),
(30,'919438012084','{\"mobile\":\"%2B919438012084\"}','{\"status\":\"success\",\"status_code\":\"\",\"msg\":\"\",\"response\":\"{\\\"status\\\":\\\"OK\\\",\\\"status_code\\\":\\\"OK\\\",\\\"body\\\":{\\\"mobile\\\":\\\"+919438012084\\\",\\\"registered\\\":true}}\"}','2024-12-17 20:10:12','2024-12-17 20:10:12'),
(31,'917870464000','{\"mobile\":\"%2B917870464000\"}','{\"status\":\"success\",\"status_code\":\"\",\"msg\":\"\",\"response\":\"{\\\"status\\\":\\\"OK\\\",\\\"status_code\\\":\\\"OK\\\",\\\"body\\\":{\\\"mobile\\\":\\\"+917870464000\\\",\\\"total_earnings\\\":229,\\\"total_redeemed_points\\\":0,\\\"total_balance\\\":229,\\\"curr_fy_earning\\\":229,\\\"curr_fy_redeemed_points\\\":0,\\\"curr_fy_balance\\\":229}}\"}','2024-12-17 20:11:04','2024-12-17 20:11:04'),
(32,'917870464000','{\"mobile\":\"%2B917870464000\"}','{\"status\":\"success\",\"status_code\":\"\",\"msg\":\"\",\"response\":\"{\\\"status\\\":\\\"OK\\\",\\\"status_code\\\":\\\"OK\\\",\\\"body\\\":{\\\"mobile\\\":\\\"+917870464000\\\",\\\"registered\\\":true}}\"}','2024-12-17 20:12:04','2024-12-17 20:12:04'),
(33,'919029634011','{\"mobile\":\"%2B919029634011\"}','{\"status\":\"success\",\"status_code\":\"\",\"msg\":\"\",\"response\":\"{\\\"status\\\":\\\"FAIL\\\",\\\"status_code\\\":\\\"USER_NOT_FOUND\\\",\\\"body\\\":null}\"}','2025-05-22 13:02:24','2025-05-22 13:02:24'),
(34,'919029634011','{\"mobile\":\"%2B919029634011\"}','{\"status\":\"success\",\"status_code\":\"\",\"msg\":\"\",\"response\":\"{\\\"status\\\":\\\"FAIL\\\",\\\"status_code\\\":\\\"USER_NOT_FOUND\\\",\\\"body\\\":null}\"}','2025-05-22 13:07:02','2025-05-22 13:07:02'),
(35,'919029634011','{\"mobile\":\"%2B919029634011\"}','{\"status\":\"success\",\"status_code\":\"\",\"msg\":\"\",\"response\":\"{\\\"status\\\":\\\"FAIL\\\",\\\"status_code\\\":\\\"USER_NOT_FOUND\\\",\\\"body\\\":null}\"}','2025-05-22 13:10:21','2025-05-22 13:10:21'),
(36,'919029634011','{\"mobile\":\"%2B919029634011\"}','{\"status\":\"success\",\"status_code\":\"\",\"msg\":\"\",\"response\":\"{\\\"status\\\":\\\"FAIL\\\",\\\"status_code\\\":\\\"USER_NOT_FOUND\\\",\\\"body\\\":null}\"}','2025-05-22 13:19:42','2025-05-22 13:19:42'),
(37,'919029634011','{\"mobile\":\"%2B919029634011\"}','{\"status\":\"success\",\"status_code\":\"\",\"msg\":\"\",\"response\":\"{\\\"status\\\":\\\"FAIL\\\",\\\"status_code\\\":\\\"USER_NOT_FOUND\\\",\\\"body\\\":null}\"}','2025-05-22 13:25:55','2025-05-22 13:25:55'),
(38,'919029634011','{\"mobile\":\"%2B919029634011\"}','{\"status\":\"success\",\"status_code\":\"\",\"msg\":\"\",\"response\":\"{\\\"status\\\":\\\"FAIL\\\",\\\"status_code\\\":\\\"USER_NOT_FOUND\\\",\\\"body\\\":null}\"}','2025-05-22 13:28:13','2025-05-22 13:28:13');

/*Table structure for table `panasonic_token` */

DROP TABLE IF EXISTS `panasonic_token`;

CREATE TABLE `panasonic_token` (
  `token` text,
  `updated_at` datetime DEFAULT NULL
) ENGINE=InnoDB DEFAULT CHARSET=latin1;

/*Data for the table `panasonic_token` */

insert  into `panasonic_token`(`token`,`updated_at`) values 
('eyJpdiI6Ikw0UnNrNlZLUkxpaTBFb3E5dzFqbUE9PSIsInZhbHVlIjoiXC9IM0p5dzcrMnhjSmZUUm5KNGhcLzNreFM3eExNTHlkMEh4ZXlJV3Nvc0cweVJ0SGg1c2s4eDRETzZhWHBBWWplIiwibWFjIjoiNjZjYzg3NDIxYzE5ZGRmOGU0M2Y3NjkwNmZlYWVmODEwMTkyZjhkYjIzMDVlNDNiZjhjZDQ4OGM1MWQ0NjkyNyJ9','2025-05-22 13:28:12');

/*Table structure for table `password_resets` */

DROP TABLE IF EXISTS `password_resets`;

CREATE TABLE `password_resets` (
  `email` varchar(255) CHARACTER SET utf8mb4 COLLATE utf8mb4_unicode_ci NOT NULL,
  `token` varchar(255) CHARACTER SET utf8mb4 COLLATE utf8mb4_unicode_ci NOT NULL,
  `created_at` timestamp NULL DEFAULT NULL,
  KEY `password_resets_email_index` (`email`)
) ENGINE=InnoDB DEFAULT CHARSET=utf8mb4 COLLATE=utf8mb4_unicode_ci;

/*Data for the table `password_resets` */

insert  into `password_resets`(`email`,`token`,`created_at`) values 
('jaiprakash.chauhan3@edas.tech','$2y$10$jr7VLgrjsLyL4fpgfPbqa.VBdx79v9HREzlQYtqf2cuQWbOa8Pb3m','2023-12-07 19:52:33'),
('jaiprakash.chauhan@edas.tech','$2y$10$lM66duGYmln24I1I7GmX6OwiJFSh/y2tMaVS/5c6HjtQkqU3q4Vqi','2023-12-07 19:52:54'),
('jaiprakash.chauhan2@edas.tech','$2y$10$jGEAINTk1NTWsHLaga3pieYboN4jnYO0twE1RUnVs9pDzPFCk1Lmy','2023-12-07 19:53:47');

/*Table structure for table `personal_access_tokens` */

DROP TABLE IF EXISTS `personal_access_tokens`;

CREATE TABLE `personal_access_tokens` (
  `id` bigint unsigned NOT NULL AUTO_INCREMENT,
  `tokenable_type` varchar(255) CHARACTER SET utf8mb4 COLLATE utf8mb4_unicode_ci NOT NULL,
  `tokenable_id` bigint unsigned NOT NULL,
  `name` varchar(255) CHARACTER SET utf8mb4 COLLATE utf8mb4_unicode_ci NOT NULL,
  `token` varchar(64) CHARACTER SET utf8mb4 COLLATE utf8mb4_unicode_ci NOT NULL,
  `abilities` text CHARACTER SET utf8mb4 COLLATE utf8mb4_unicode_ci,
  `last_used_at` timestamp NULL DEFAULT NULL,
  `created_at` timestamp NULL DEFAULT NULL,
  `updated_at` timestamp NULL DEFAULT NULL,
  PRIMARY KEY (`id`),
  UNIQUE KEY `personal_access_tokens_token_unique` (`token`),
  KEY `personal_access_tokens_tokenable_type_tokenable_id_index` (`tokenable_type`,`tokenable_id`)
) ENGINE=InnoDB DEFAULT CHARSET=utf8mb4 COLLATE=utf8mb4_unicode_ci;

/*Data for the table `personal_access_tokens` */

/*Table structure for table `prompt_msg` */

DROP TABLE IF EXISTS `prompt_msg`;

CREATE TABLE `prompt_msg` (
  `id` int NOT NULL AUTO_INCREMENT,
  `chat_id` int NOT NULL,
  `msg` text CHARACTER SET utf8mb4 COLLATE utf8mb4_unicode_ci,
  `msg_type` enum('REPLY_BUTTON','TEXT') CHARACTER SET utf8mb4 COLLATE utf8mb4_unicode_ci DEFAULT NULL,
  `option` json DEFAULT NULL,
  `executed_on` int DEFAULT '60' COMMENT 'Times in seconds',
  `max_attempt` tinyint(1) DEFAULT NULL,
  `attempt` tinyint(1) DEFAULT '1',
  `msg_id` varchar(100) CHARACTER SET latin1 COLLATE latin1_swedish_ci DEFAULT NULL,
  `status` tinyint(1) DEFAULT '1' COMMENT '1=> Active, 2 Deleted',
  `route` tinyint(1) DEFAULT NULL COMMENT '1=> callback, 2=> out of working window',
  `is_end` tinyint(1) DEFAULT '1' COMMENT '1 => No, 2 => Yes',
  `created_at` timestamp NULL DEFAULT CURRENT_TIMESTAMP,
  PRIMARY KEY (`id`)
) ENGINE=InnoDB DEFAULT CHARSET=utf8mb4 COLLATE=utf8mb4_unicode_ci;

/*Data for the table `prompt_msg` */

/*Table structure for table `queue` */

DROP TABLE IF EXISTS `queue`;

CREATE TABLE `queue` (
  `id` int NOT NULL AUTO_INCREMENT,
  `queuename` varchar(100) DEFAULT 'null',
  `client_id` int DEFAULT NULL,
  `status` int DEFAULT NULL COMMENT '0,1=>Active, 2=> Inactive',
  `created_at` timestamp NULL DEFAULT NULL,
  `updated_at` timestamp NULL DEFAULT NULL,
  `created_by` int DEFAULT NULL,
  `updated_by` int DEFAULT NULL,
  `is_deleted` tinyint DEFAULT '1',
  `campaign_id` int DEFAULT NULL,
  PRIMARY KEY (`id`)
) ENGINE=InnoDB AUTO_INCREMENT=30 DEFAULT CHARSET=latin1;

/*Data for the table `queue` */

insert  into `queue`(`id`,`queuename`,`client_id`,`status`,`created_at`,`updated_at`,`created_by`,`updated_by`,`is_deleted`,`campaign_id`) values 
(5,'ABC',5,1,'2023-12-01 13:33:22','2024-09-30 11:57:38',1,1,1,19),
(6,'XYZ',5,1,'2023-12-01 13:33:45','2024-09-30 11:57:38',1,NULL,1,19),
(7,'Note1',24,1,'2023-12-11 13:38:29','2023-12-11 13:38:29',1,NULL,1,NULL),
(8,'Note2',24,1,'2023-12-11 13:38:47','2023-12-11 13:38:47',1,NULL,1,NULL),
(9,'Note3',24,1,'2023-12-11 13:39:04','2023-12-11 13:39:04',1,NULL,1,NULL),
(10,'rtdhj',5,2,'2023-12-12 15:37:27','2023-12-12 16:47:31',1,NULL,2,NULL),
(11,'sdhrth',5,2,'2023-12-12 15:37:42','2023-12-12 16:47:20',1,NULL,2,NULL),
(12,'zeeshan',5,1,'2023-12-12 15:40:57','2023-12-12 15:41:31',1,1,1,NULL),
(13,'fthfthfdtj',5,2,'2023-12-12 16:29:52','2023-12-12 16:38:24',1,NULL,2,NULL),
(14,'fghxfhfh',5,2,'2023-12-12 16:37:34','2023-12-12 16:38:31',1,NULL,2,NULL),
(15,'manoj',5,2,'2023-12-12 16:44:53','2023-12-12 19:36:52',1,NULL,2,NULL),
(16,'santosh',5,1,'2023-12-12 17:24:47','2024-01-08 15:44:47',1,1,1,NULL),
(17,'pan_queue_1',35,1,'2024-01-09 16:00:05','2024-11-15 18:13:06',1,1,1,37),
(18,'pan_queue_2',36,1,'2024-01-09 16:20:54','2024-08-16 17:45:33',1,1,1,38),
(19,'pan_queue_3',37,1,'2024-01-09 16:21:07','2024-12-17 20:00:37',1,1,1,39),
(20,'pan_queue_4',33,1,'2024-01-09 16:21:19','2024-01-16 14:03:06',1,1,1,40),
(21,'MyQueue',34,1,'2024-01-09 18:55:44','2024-01-09 18:55:44',1,NULL,1,NULL),
(22,'MyQueue2',34,1,'2024-01-09 18:56:03','2024-01-09 19:19:40',1,1,1,NULL),
(23,'queue_mapp',5,1,'2024-01-22 20:52:57','2025-05-08 15:12:26',1,1,1,43),
(24,'hdfc_queue_1',38,1,'2024-06-20 17:12:24','2025-05-19 16:48:38',1,1,1,44),
(25,'VIP',39,1,'2024-07-13 18:29:53','2025-03-19 16:24:06',1,1,1,45),
(26,'Eos_Globe_queue',40,1,'2024-12-05 15:51:02','2024-12-05 15:52:36',1,NULL,1,46),
(27,'Queue1',41,1,'2025-02-18 18:12:13','2025-02-22 14:29:29',1,1,1,47),
(28,'v fbvtgbt',42,1,'2025-05-09 11:53:45','2025-05-09 11:53:45',1,NULL,1,NULL),
(29,'newQueue',38,1,'2025-05-19 16:48:24','2025-05-19 16:48:24',1,NULL,1,NULL);

/*Table structure for table `queue_mapping` */

DROP TABLE IF EXISTS `queue_mapping`;

CREATE TABLE `queue_mapping` (
  `id` int NOT NULL AUTO_INCREMENT,
  `client_id` int DEFAULT NULL,
  `name` varchar(100) DEFAULT NULL,
  `queue_id` int DEFAULT NULL,
  `mapped_user` varchar(255) DEFAULT NULL,
  `status` int DEFAULT NULL COMMENT '0,1=>Active, 2=> Inactive',
  `created_at` timestamp NULL DEFAULT NULL,
  `updated_at` timestamp NULL DEFAULT NULL,
  `created_by` int DEFAULT NULL,
  `updated_by` int DEFAULT NULL,
  `user_id` int DEFAULT NULL,
  `campaign_id` int DEFAULT NULL,
  PRIMARY KEY (`id`)
) ENGINE=MyISAM AUTO_INCREMENT=119 DEFAULT CHARSET=latin1;

/*Data for the table `queue_mapping` */

insert  into `queue_mapping`(`id`,`client_id`,`name`,`queue_id`,`mapped_user`,`status`,`created_at`,`updated_at`,`created_by`,`updated_by`,`user_id`,`campaign_id`) values 
(51,5,NULL,12,'Jaipraksh',1,NULL,'2023-12-12 15:41:31',NULL,1,23,NULL),
(34,5,NULL,6,'mahesh',1,'2023-12-01 13:33:45','2023-12-06 20:04:06',1,NULL,22,NULL),
(98,5,NULL,5,'Mukesh',1,NULL,'2024-09-30 11:43:57',NULL,1,33,NULL),
(35,24,NULL,7,'Reeta',1,'2023-12-11 13:38:29',NULL,1,NULL,29,NULL),
(36,24,NULL,7,'Geeta',1,'2023-12-11 13:38:29',NULL,1,NULL,31,NULL),
(37,24,NULL,8,'Reeta',1,'2023-12-11 13:38:47',NULL,1,NULL,29,NULL),
(38,24,NULL,8,'Geeta',1,'2023-12-11 13:38:47',NULL,1,NULL,31,NULL),
(39,24,NULL,9,'Reeta',1,'2023-12-11 13:39:04',NULL,1,NULL,29,NULL),
(40,24,NULL,9,'Geeta',1,'2023-12-11 13:39:04',NULL,1,NULL,31,NULL),
(50,5,NULL,12,'mahesh',1,NULL,'2023-12-12 15:41:31',NULL,1,22,NULL),
(52,5,NULL,13,'mahesh',2,'2023-12-12 16:29:52','2023-12-12 16:38:24',1,NULL,22,NULL),
(53,5,NULL,13,'Jaipraksh',2,'2023-12-12 16:29:52','2023-12-12 16:38:24',1,NULL,23,NULL),
(54,5,NULL,14,'mahesh',2,'2023-12-12 16:37:34','2023-12-12 16:38:31',1,NULL,22,NULL),
(55,5,NULL,14,'Jaipraksh',2,'2023-12-12 16:37:34','2023-12-12 16:38:31',1,NULL,23,NULL),
(56,5,NULL,15,'mahesh',2,'2023-12-12 16:44:53','2023-12-12 19:36:52',1,NULL,22,NULL),
(57,5,NULL,15,'Jaipraksh',2,'2023-12-12 16:44:53','2023-12-12 19:36:52',1,NULL,23,NULL),
(68,5,NULL,16,'mahesh',1,NULL,'2024-01-08 15:44:47',NULL,1,22,NULL),
(97,5,NULL,5,'Jaipraksh',1,NULL,'2024-09-30 11:43:57',NULL,1,23,NULL),
(96,5,NULL,5,'mahesh',1,NULL,'2024-09-30 11:43:57',NULL,1,22,NULL),
(69,5,NULL,16,'Jaipraksh',1,NULL,'2024-01-08 15:44:47',NULL,1,23,NULL),
(75,34,NULL,21,'3027',1,'2024-01-09 18:55:44',NULL,1,NULL,55,NULL),
(77,34,NULL,22,'3028',1,NULL,'2024-01-09 19:19:40',NULL,1,56,NULL),
(84,35,NULL,17,'pan_agent',1,NULL,'2024-01-16 13:01:44',NULL,1,46,NULL),
(85,36,NULL,18,'name_20002',1,NULL,'2024-01-16 13:04:43',NULL,1,48,NULL),
(86,37,NULL,19,'pan_30001',1,NULL,'2024-01-16 13:09:37',NULL,1,50,NULL),
(83,33,NULL,20,'pan_40002',1,NULL,'2024-01-16 12:58:31',NULL,1,52,NULL),
(114,5,NULL,23,'Mukesh Singh',1,NULL,'2025-05-08 15:12:27',NULL,1,33,NULL),
(113,5,NULL,23,'Jaipraksh',1,NULL,'2025-05-08 15:12:27',NULL,1,23,NULL),
(112,5,NULL,23,'mahesh',1,NULL,'2025-05-08 15:12:27',NULL,1,22,NULL),
(117,38,NULL,24,'TestUserAgent',1,NULL,'2025-05-19 16:48:38',NULL,1,97,NULL),
(111,39,NULL,25,'Pradnya Raju Horiyar',1,NULL,'2025-03-19 16:24:06',NULL,1,81,NULL),
(110,39,NULL,25,'Almas Ismile Sayyed',1,NULL,'2025-03-19 16:24:06',NULL,1,80,NULL),
(115,5,NULL,23,'dzfhfdttj',1,NULL,'2025-05-08 15:12:27',NULL,1,34,NULL),
(116,38,NULL,29,'TestUserAgent',1,'2025-05-19 16:48:24',NULL,1,NULL,97,NULL),
(118,38,NULL,24,'testagentuser1',1,NULL,'2025-05-19 16:48:38',NULL,1,98,NULL);

/*Table structure for table `send_messages` */

DROP TABLE IF EXISTS `send_messages`;

CREATE TABLE `send_messages` (
  `id` int NOT NULL AUTO_INCREMENT,
  `campaign_id` varchar(45) DEFAULT NULL,
  `client_id` varchar(45) DEFAULT NULL,
  `user_id` varchar(45) DEFAULT NULL,
  `status` enum('1','2','3') DEFAULT '1' COMMENT '1=''send'''', 2=''delivered'', 3=''received''',
  `created_by` int DEFAULT NULL,
  `created_at` timestamp NULL DEFAULT NULL,
  PRIMARY KEY (`id`)
) ENGINE=InnoDB DEFAULT CHARSET=latin1;

/*Data for the table `send_messages` */

/*Table structure for table `session_log` */

DROP TABLE IF EXISTS `session_log`;

CREATE TABLE `session_log` (
  `id` int NOT NULL AUTO_INCREMENT,
  `user_id` int NOT NULL,
  `session_id` varchar(100) NOT NULL,
  `ip_address` varchar(50) NOT NULL,
  `login_status` tinyint NOT NULL DEFAULT '1' COMMENT '1=login, 2=logout',
  `logout_by` int DEFAULT '0' COMMENT '0=> self',
  `status` tinyint NOT NULL DEFAULT '1' COMMENT '1=active, 2=inactive',
  `created_at` datetime NOT NULL DEFAULT CURRENT_TIMESTAMP,
  `updated_at` datetime NOT NULL DEFAULT CURRENT_TIMESTAMP ON UPDATE CURRENT_TIMESTAMP,
  PRIMARY KEY (`id`),
  UNIQUE KEY `id_UNIQUE` (`id`)
) ENGINE=InnoDB AUTO_INCREMENT=10341 DEFAULT CHARSET=latin1;

/*Data for the table `session_log` */

insert  into `session_log`(`id`,`user_id`,`session_id`,`ip_address`,`login_status`,`logout_by`,`status`,`created_at`,`updated_at`) values 
(10250,2,'sHPI009JpIvU39DJ6UBJKre5siMrknA7kwoB4mfE','114.143.182.242',2,0,1,'2025-05-08 11:30:40','2025-05-08 06:03:54'),
(10251,2,'bDsWh6uZKDrfb0RaOZjhydRAtCnXi7CsllWRvNYx','114.143.182.242',2,0,1,'2025-05-08 11:33:59','2025-05-08 07:05:16'),
(10252,82,'sHPI009JpIvU39DJ6UBJKre5siMrknA7kwoB4mfE','114.143.182.242',2,0,1,'2025-05-08 12:26:36','2025-05-08 07:11:05'),
(10253,50,'bDsWh6uZKDrfb0RaOZjhydRAtCnXi7CsllWRvNYx','114.143.182.242',2,0,1,'2025-05-08 12:35:25','2025-05-08 07:05:37'),
(10254,2,'bDsWh6uZKDrfb0RaOZjhydRAtCnXi7CsllWRvNYx','114.143.182.242',2,0,1,'2025-05-08 12:35:47','2025-05-08 07:05:53'),
(10255,50,'bDsWh6uZKDrfb0RaOZjhydRAtCnXi7CsllWRvNYx','114.143.182.242',2,0,1,'2025-05-08 12:36:05','2025-05-08 09:53:31'),
(10256,82,'sHPI009JpIvU39DJ6UBJKre5siMrknA7kwoB4mfE','114.143.182.242',2,0,1,'2025-05-08 12:48:52','2025-05-08 07:19:34'),
(10257,82,'sHPI009JpIvU39DJ6UBJKre5siMrknA7kwoB4mfE','114.143.182.242',2,0,1,'2025-05-08 12:50:29','2025-05-08 07:22:11'),
(10258,82,'UrR7gc7nLpkJEIXTg73jd3HVjNTkLiGraNR2QAG8','114.143.182.242',2,0,1,'2025-05-08 13:00:24','2025-05-08 07:30:47'),
(10259,82,'UrR7gc7nLpkJEIXTg73jd3HVjNTkLiGraNR2QAG8','114.143.182.242',2,0,1,'2025-05-08 13:00:59','2025-05-08 07:31:53'),
(10260,82,'UrR7gc7nLpkJEIXTg73jd3HVjNTkLiGraNR2QAG8','114.143.182.242',2,0,1,'2025-05-08 13:02:00','2025-05-08 07:32:23'),
(10261,82,'sHPI009JpIvU39DJ6UBJKre5siMrknA7kwoB4mfE','114.143.182.242',2,0,1,'2025-05-08 13:02:29','2025-05-08 07:34:12'),
(10262,82,'sHPI009JpIvU39DJ6UBJKre5siMrknA7kwoB4mfE','114.143.182.242',2,0,1,'2025-05-08 13:05:17','2025-05-08 07:48:44'),
(10263,82,'sHPI009JpIvU39DJ6UBJKre5siMrknA7kwoB4mfE','114.143.182.242',2,0,1,'2025-05-08 13:18:52','2025-05-08 07:48:57'),
(10264,82,'sHPI009JpIvU39DJ6UBJKre5siMrknA7kwoB4mfE','114.143.182.242',2,0,1,'2025-05-08 13:19:06','2025-05-08 07:49:23'),
(10265,82,'sHPI009JpIvU39DJ6UBJKre5siMrknA7kwoB4mfE','114.143.182.242',2,0,1,'2025-05-08 13:20:03','2025-05-08 07:50:10'),
(10266,82,'sHPI009JpIvU39DJ6UBJKre5siMrknA7kwoB4mfE','114.143.182.242',2,0,1,'2025-05-08 13:22:46','2025-05-08 07:54:39'),
(10267,82,'sHPI009JpIvU39DJ6UBJKre5siMrknA7kwoB4mfE','114.143.182.242',2,0,1,'2025-05-08 13:28:07','2025-05-08 12:16:27'),
(10268,46,'bDsWh6uZKDrfb0RaOZjhydRAtCnXi7CsllWRvNYx','114.143.182.242',2,0,1,'2025-05-08 15:24:15','2025-05-08 12:18:07'),
(10269,46,'sHPI009JpIvU39DJ6UBJKre5siMrknA7kwoB4mfE','114.143.182.242',2,0,1,'2025-05-08 17:48:23','2025-05-08 12:18:52'),
(10270,46,'bDsWh6uZKDrfb0RaOZjhydRAtCnXi7CsllWRvNYx','114.143.182.242',2,0,1,'2025-05-08 17:57:13','2025-05-08 12:29:31'),
(10271,46,'bDsWh6uZKDrfb0RaOZjhydRAtCnXi7CsllWRvNYx','114.143.182.242',2,0,1,'2025-05-08 17:59:42','2025-05-09 05:42:52'),
(10272,82,'sHPI009JpIvU39DJ6UBJKre5siMrknA7kwoB4mfE','114.143.182.242',2,0,1,'2025-05-08 18:24:34','2025-05-08 13:25:18'),
(10273,82,'IZEttk1r1hrGwy8ZeNC4M6mYCSGGdoz3nZobCK1O','114.143.182.242',2,0,1,'2025-05-09 10:25:27','2025-05-09 06:12:12'),
(10274,50,'bDsWh6uZKDrfb0RaOZjhydRAtCnXi7CsllWRvNYx','114.143.182.242',2,0,1,'2025-05-09 11:13:02','2025-05-09 05:43:48'),
(10275,50,'bDsWh6uZKDrfb0RaOZjhydRAtCnXi7CsllWRvNYx','114.143.182.242',1,0,1,'2025-05-09 11:22:57','2025-05-09 11:22:57'),
(10276,82,'IZEttk1r1hrGwy8ZeNC4M6mYCSGGdoz3nZobCK1O','114.143.182.242',2,0,1,'2025-05-09 11:42:17','2025-05-13 14:33:04'),
(10277,2,'qGfWDQGmCnUE4XI8HFK3BAlcI59D5NY25O4XWFIT','114.143.182.242',2,0,1,'2025-05-09 16:08:13','2025-05-09 11:39:28'),
(10278,2,'qGfWDQGmCnUE4XI8HFK3BAlcI59D5NY25O4XWFIT','114.143.182.242',2,0,1,'2025-05-09 17:09:38','2025-05-13 16:57:37'),
(10279,82,'eBdVuUxPj9g2k4Tb53wN1Jr0gQ2fHxCTq4lBQoIB','172.16.154.52',2,0,1,'2025-05-13 14:33:10','2025-05-13 14:36:45'),
(10280,82,'eBdVuUxPj9g2k4Tb53wN1Jr0gQ2fHxCTq4lBQoIB','172.16.154.52',2,0,1,'2025-05-13 16:39:14','2025-05-13 16:39:19'),
(10281,82,'eBdVuUxPj9g2k4Tb53wN1Jr0gQ2fHxCTq4lBQoIB','172.16.154.52',2,0,1,'2025-05-13 16:39:25','2025-05-13 16:50:45'),
(10282,82,'eBdVuUxPj9g2k4Tb53wN1Jr0gQ2fHxCTq4lBQoIB','172.16.154.52',2,0,1,'2025-05-13 16:51:23','2025-05-13 16:51:31'),
(10283,82,'eBdVuUxPj9g2k4Tb53wN1Jr0gQ2fHxCTq4lBQoIB','172.16.154.52',2,0,1,'2025-05-13 16:52:21','2025-05-13 16:53:16'),
(10284,2,'eBdVuUxPj9g2k4Tb53wN1Jr0gQ2fHxCTq4lBQoIB','172.16.154.52',2,0,1,'2025-05-13 16:57:43','2025-05-13 16:57:53'),
(10285,82,'eBdVuUxPj9g2k4Tb53wN1Jr0gQ2fHxCTq4lBQoIB','172.16.154.52',2,0,1,'2025-05-13 17:25:48','2025-05-13 17:25:54'),
(10286,2,'hpsRWWi5ypt4SJ0CjAtOqbKjTJQm4kdimUA6Y8s9','172.16.154.33',2,0,1,'2025-05-13 17:42:29','2025-05-14 10:41:52'),
(10287,82,'eBdVuUxPj9g2k4Tb53wN1Jr0gQ2fHxCTq4lBQoIB','172.16.154.52',2,0,1,'2025-05-13 18:10:16','2025-05-13 18:40:13'),
(10288,2,'9ENJX3cmSlCW8nIL7vV4qwH1JrD6rjM9qmAAvB85','172.16.154.52',2,0,1,'2025-05-14 10:41:57','2025-05-14 10:42:11'),
(10289,2,'Ogn88yab85lKNstT4B0vMhxlwYLklSjY4Dv5n3dT','172.16.154.160',2,0,1,'2025-05-14 11:01:17','2025-05-14 11:11:41'),
(10290,2,'Ogn88yab85lKNstT4B0vMhxlwYLklSjY4Dv5n3dT','172.16.154.160',2,0,1,'2025-05-14 11:14:53','2025-05-14 13:53:38'),
(10291,2,'Ogn88yab85lKNstT4B0vMhxlwYLklSjY4Dv5n3dT','172.16.154.160',2,0,1,'2025-05-14 14:18:50','2025-05-15 10:33:45'),
(10292,82,'x6dLmBeo91rziftht0JaPmXqRnVjm8cshxrcvVtm','172.16.154.52',2,0,1,'2025-05-15 10:33:51','2025-05-15 10:34:22'),
(10293,2,'AR1YAzPLs5HikzD7s2WhFJ5GVOlutU02iqHa09qt','172.16.154.33',2,0,1,'2025-05-15 11:23:43','2025-05-15 11:23:49'),
(10294,2,'Mtj7DkRZLdUYi4K24MxAm6yh48UPjZrTbchOKxHl','172.16.154.52',2,0,1,'2025-05-15 11:25:49','2025-05-15 11:25:55'),
(10295,82,'AR1YAzPLs5HikzD7s2WhFJ5GVOlutU02iqHa09qt','172.16.154.33',2,0,1,'2025-05-15 11:26:07','2025-05-15 11:26:11'),
(10296,2,'AR1YAzPLs5HikzD7s2WhFJ5GVOlutU02iqHa09qt','172.16.154.33',2,0,1,'2025-05-15 11:26:25','2025-05-16 11:06:54'),
(10297,82,'Mtj7DkRZLdUYi4K24MxAm6yh48UPjZrTbchOKxHl','172.16.154.52',2,0,1,'2025-05-15 11:38:31','2025-05-15 11:38:41'),
(10298,82,'PsOcP7P8h6zx3mSShv60J6yu19pZoxbv00iXo9MQ','172.16.154.33',2,0,1,'2025-05-16 11:06:09','2025-05-16 11:06:20'),
(10299,2,'PsOcP7P8h6zx3mSShv60J6yu19pZoxbv00iXo9MQ','172.16.154.33',2,0,1,'2025-05-16 11:07:04','2025-05-16 15:47:00'),
(10300,82,'3UGy8bU1Z0HjYNi4Caddwz6UnVycGeA4No4E5KyH','172.16.154.52',2,0,1,'2025-05-16 15:38:22','2025-05-16 15:46:17'),
(10301,82,'3UGy8bU1Z0HjYNi4Caddwz6UnVycGeA4No4E5KyH','172.16.154.52',2,0,1,'2025-05-16 15:46:25','2025-05-16 16:21:50'),
(10302,2,'fM6KQwFeh2rQjIrqKva8GzCiedi6U6grhpfnp7Cd','172.16.154.52',2,0,1,'2025-05-16 15:47:06','2025-05-16 16:05:07'),
(10303,2,'PsOcP7P8h6zx3mSShv60J6yu19pZoxbv00iXo9MQ','172.16.154.33',2,0,1,'2025-05-16 16:46:27','2025-05-19 11:05:33'),
(10304,82,'3UGy8bU1Z0HjYNi4Caddwz6UnVycGeA4No4E5KyH','172.16.154.52',2,0,1,'2025-05-16 17:22:25','2025-05-16 18:46:07'),
(10305,2,'7cRv5h3M0NME4jzrGbzlpmmWjZPsdWfLOZeHnU4t','172.16.154.33',2,0,1,'2025-05-19 11:05:42','2025-05-19 11:28:13'),
(10306,2,'7cRv5h3M0NME4jzrGbzlpmmWjZPsdWfLOZeHnU4t','172.16.154.33',2,0,1,'2025-05-19 11:30:34','2025-05-19 15:22:40'),
(10307,82,'AScHECR3k8nt92jRojeWGYKIj7yYnsewv6b81k9S','172.16.154.52',2,0,1,'2025-05-19 11:35:17','2025-05-20 10:45:38'),
(10308,2,'7cRv5h3M0NME4jzrGbzlpmmWjZPsdWfLOZeHnU4t','172.16.154.33',2,0,1,'2025-05-19 15:24:52','2025-05-19 16:01:42'),
(10309,2,'AScHECR3k8nt92jRojeWGYKIj7yYnsewv6b81k9S','172.16.154.52',2,0,1,'2025-05-19 16:01:51','2025-05-19 16:02:59'),
(10310,2,'7cRv5h3M0NME4jzrGbzlpmmWjZPsdWfLOZeHnU4t','172.16.154.33',2,0,1,'2025-05-19 16:04:07','2025-05-19 16:04:07'),
(10311,2,'AScHECR3k8nt92jRojeWGYKIj7yYnsewv6b81k9S','172.16.154.52',2,0,1,'2025-05-19 16:04:09','2025-05-19 16:04:33'),
(10312,2,'7cRv5h3M0NME4jzrGbzlpmmWjZPsdWfLOZeHnU4t','172.16.154.33',2,0,1,'2025-05-19 16:04:49','2025-05-20 13:09:01'),
(10313,98,'mUUg5V81K9j2Cn3UXjfC1MfWtTfg0SLiABQsCjaN','172.16.154.52',2,0,1,'2025-05-19 17:33:39','2025-05-19 17:36:59'),
(10314,98,'mUUg5V81K9j2Cn3UXjfC1MfWtTfg0SLiABQsCjaN','172.16.154.52',2,0,1,'2025-05-19 18:19:31','2025-05-19 19:07:07'),
(10315,82,'4xsHOueNiksVh1yGOLvhXO7y5QC1tOeI6azW0UaX','172.16.154.52',2,0,1,'2025-05-20 10:45:49','2025-05-20 10:46:07'),
(10316,82,'4xsHOueNiksVh1yGOLvhXO7y5QC1tOeI6azW0UaX','172.16.154.52',2,0,1,'2025-05-20 10:46:37','2025-05-20 17:07:39'),
(10317,98,'IQAqiKhiv4P7QeUSadVAIHzwFgyoYcp2IISxsWGt','172.16.154.52',2,0,1,'2025-05-20 10:52:33','2025-05-20 11:02:15'),
(10318,2,'YScOHIyoh39uCoabma0x0VdKrrtXP2v6bnEKDclx','172.16.154.33',2,0,1,'2025-05-20 13:09:14','2025-05-21 11:08:53'),
(10319,98,'GT6lHiBKq87lTYd9YnXqDiR6Fa0FpE7KtcKJw6nR','172.16.154.52',2,0,1,'2025-05-20 14:52:30','2025-05-20 16:20:48'),
(10320,93,'GT6lHiBKq87lTYd9YnXqDiR6Fa0FpE7KtcKJw6nR','172.16.154.52',2,0,1,'2025-05-20 17:18:15','2025-05-20 17:20:16'),
(10321,96,'GT6lHiBKq87lTYd9YnXqDiR6Fa0FpE7KtcKJw6nR','172.16.154.52',2,0,1,'2025-05-20 17:21:58','2025-05-20 17:24:25'),
(10322,82,'4xsHOueNiksVh1yGOLvhXO7y5QC1tOeI6azW0UaX','172.16.154.52',2,0,1,'2025-05-20 17:25:31','2025-05-20 17:55:12'),
(10323,82,'UcD5DsomDWWLFRjHUTC0VgA6K6hbldEwHU7pdE7a','172.16.154.52',2,0,1,'2025-05-21 11:04:07','2025-05-21 11:25:11'),
(10324,2,'4PXrBJsIbcvaliJQHtOARXXlHZC3xW1UwHGdLPLS','172.16.154.33',1,0,1,'2025-05-21 11:09:00','2025-05-21 11:09:00'),
(10325,86,'UcD5DsomDWWLFRjHUTC0VgA6K6hbldEwHU7pdE7a','172.16.154.52',2,0,1,'2025-05-21 11:25:20','2025-05-21 11:32:52'),
(10326,98,'UcD5DsomDWWLFRjHUTC0VgA6K6hbldEwHU7pdE7a','172.16.154.52',2,0,1,'2025-05-21 11:51:22','2025-05-21 12:30:08'),
(10327,98,'UcD5DsomDWWLFRjHUTC0VgA6K6hbldEwHU7pdE7a','172.16.154.52',2,0,1,'2025-05-21 11:51:23','2025-05-21 12:30:08'),
(10328,86,'gbKiMlASgAN5Qb2oIAfObGhpehNPzkgSe8n9MUsm','172.16.154.52',2,0,1,'2025-05-21 11:58:31','2025-05-21 11:58:48'),
(10329,86,'gbKiMlASgAN5Qb2oIAfObGhpehNPzkgSe8n9MUsm','172.16.154.52',2,0,1,'2025-05-21 11:59:05','2025-05-21 11:59:14'),
(10330,94,'gbKiMlASgAN5Qb2oIAfObGhpehNPzkgSe8n9MUsm','172.16.154.52',2,0,1,'2025-05-21 11:59:50','2025-05-21 11:59:55'),
(10331,82,'gbKiMlASgAN5Qb2oIAfObGhpehNPzkgSe8n9MUsm','172.16.154.52',2,0,1,'2025-05-21 12:00:41','2025-05-21 19:37:28'),
(10332,93,'UcD5DsomDWWLFRjHUTC0VgA6K6hbldEwHU7pdE7a','172.16.154.52',2,0,1,'2025-05-21 12:30:42','2025-05-21 12:30:56'),
(10333,98,'UcD5DsomDWWLFRjHUTC0VgA6K6hbldEwHU7pdE7a','172.16.154.52',2,0,1,'2025-05-21 12:31:17','2025-05-21 13:07:26'),
(10334,98,'UcD5DsomDWWLFRjHUTC0VgA6K6hbldEwHU7pdE7a','172.16.154.52',2,0,1,'2025-05-21 13:25:22','2025-05-21 18:12:33'),
(10335,98,'UcD5DsomDWWLFRjHUTC0VgA6K6hbldEwHU7pdE7a','172.16.154.52',2,0,1,'2025-05-21 18:35:52','2025-05-22 13:29:55'),
(10336,98,'bIwR6JoWfjoUPwkRbAMaH80YVGtjeGH4Z40ufUEe','172.16.154.52',2,0,1,'2025-05-22 13:30:02','2025-05-22 13:32:32'),
(10337,98,'8R1dWTzknLtFlbj5QcOwyPMHX5IhgEcKVMW91YIh','172.16.154.52',2,0,1,'2025-05-22 15:57:23','2025-05-22 19:05:12'),
(10338,82,'lbKxP29XLzSIe9ivtCyWG2YiIuO0MegK7wODKklZ','172.16.154.52',2,0,1,'2025-05-22 16:23:57','2025-05-23 11:45:08'),
(10339,98,'M1SiKwQ6ybQSdV9skHvRj6ZYIfUBKt4gTcB03QEY','172.16.154.52',2,0,1,'2025-05-23 11:14:31','2025-05-23 14:50:31'),
(10340,82,'l6tVcZ9HAui14F1j7ldm2PVb9XFvdCrTZo0bFvV6','172.16.154.52',2,0,1,'2025-05-23 11:45:14','2025-05-23 14:32:43');

/*Table structure for table `sm_api_log` */

DROP TABLE IF EXISTS `sm_api_log`;

CREATE TABLE `sm_api_log` (
  `id` int NOT NULL AUTO_INCREMENT,
  `request` text,
  `response` text,
  `created_at` datetime DEFAULT NULL,
  `updated_at` datetime DEFAULT NULL,
  PRIMARY KEY (`id`)
) ENGINE=InnoDB DEFAULT CHARSET=latin1;

/*Data for the table `sm_api_log` */

/*Table structure for table `sm_template_sms_api_log` */

DROP TABLE IF EXISTS `sm_template_sms_api_log`;

CREATE TABLE `sm_template_sms_api_log` (
  `id` int NOT NULL AUTO_INCREMENT,
  `request` text,
  `response` text,
  `transaction_id` text,
  `created_at` datetime DEFAULT NULL,
  `updated_at` datetime DEFAULT NULL,
  PRIMARY KEY (`id`)
) ENGINE=InnoDB DEFAULT CHARSET=latin1;

/*Data for the table `sm_template_sms_api_log` */

/*Table structure for table `templates` */

DROP TABLE IF EXISTS `templates`;

CREATE TABLE `templates` (
  `id` int NOT NULL AUTO_INCREMENT,
  `client_id` int DEFAULT NULL,
  `campaign_id` int DEFAULT NULL,
  `name` varchar(250) CHARACTER SET utf8mb4 COLLATE utf8mb4_unicode_ci DEFAULT NULL,
  `input` varchar(50) CHARACTER SET utf8mb4 COLLATE utf8mb4_unicode_ci DEFAULT 'START',
  `method` enum('SendMessage','SendMediaMessage') CHARACTER SET utf8mb4 COLLATE utf8mb4_unicode_ci DEFAULT NULL,
  `header` varchar(250) CHARACTER SET utf8mb4 COLLATE utf8mb4_unicode_ci DEFAULT NULL,
  `caption` text CHARACTER SET utf8mb4 COLLATE utf8mb4_unicode_ci,
  `media_url` varchar(150) CHARACTER SET utf8mb4 COLLATE utf8mb4_unicode_ci DEFAULT NULL,
  `footer` varchar(250) CHARACTER SET utf8mb4 COLLATE utf8mb4_unicode_ci DEFAULT NULL,
  `list` json DEFAULT NULL,
  `msg_type` enum('REPLY_BUTTON','CATALOG_MULTI','CATALOG_SINGLE','LIST') CHARACTER SET utf8mb4 COLLATE utf8mb4_unicode_ci DEFAULT 'REPLY_BUTTON',
  `intractive_type` enum('dr_button','list','product','product_list') CHARACTER SET utf8mb4 COLLATE utf8mb4_unicode_ci DEFAULT 'dr_button',
  `is_hsm` tinyint(1) DEFAULT '1' COMMENT '1 => false, 2=>  true',
  `is_optin` enum('YES','NO') CHARACTER SET utf8mb4 COLLATE utf8mb4_unicode_ci DEFAULT 'NO' COMMENT 'DO WE NEED TO TAKE OPTIN IN THIS EVENT',
  `status` tinyint(1) DEFAULT NULL COMMENT '1 => Active, 2=> Inactive',
  `created_at` datetime DEFAULT CURRENT_TIMESTAMP,
  `created_by` int DEFAULT NULL,
  `updated_at` datetime DEFAULT CURRENT_TIMESTAMP ON UPDATE CURRENT_TIMESTAMP,
  `updated_by` int DEFAULT NULL,
  PRIMARY KEY (`id`)
) ENGINE=InnoDB AUTO_INCREMENT=11 DEFAULT CHARSET=utf8mb4 COLLATE=utf8mb4_unicode_ci;

/*Data for the table `templates` */

insert  into `templates`(`id`,`client_id`,`campaign_id`,`name`,`input`,`method`,`header`,`caption`,`media_url`,`footer`,`list`,`msg_type`,`intractive_type`,`is_hsm`,`is_optin`,`status`,`created_at`,`created_by`,`updated_at`,`updated_by`) values 
(1,5,19,'Welcome','START','SendMediaMessage',NULL,'Welcome to Anchor by Panasonic, kindly select below option to proceed further.',NULL,'edas.tech','{\"buttons\": [{\"type\": \"reply\", \"reply\": {\"id\": \"1-100001\", \"title\": \"Proceed\"}}]}','REPLY_BUTTON','dr_button',1,'NO',1,'2023-11-17 14:44:15',1,'2023-12-18 16:11:36',NULL),
(2,24,19,'chat',NULL,'SendMessage','SendMessage','Welcome to Edas. Kindly select your option below.','','edas.tech','{\"buttons\": [{\"type\": \"reply\", \"reply\": {\"id\": \"1-100001\", \"title\": \"Kwon More\"}}, {\"type\": \"reply\", \"reply\": {\"id\": \"1-100002\", \"title\": \"Not Intrested\"}}]}','REPLY_BUTTON','dr_button',1,'NO',1,'2023-11-17 14:44:15',1,'2023-12-09 15:39:20',1),
(3,5,19,'Main Menu','START','SendMessage','Anchor by Panasonic','Welcome to Anchor by Panasonic, kindly select below option to proceed further.',NULL,'for more details please visit www.lsin.panasonic.com/','{\"button\": \"Main Menu\", \"sections\": [{\"rows\": [{\"id\": \"1\", \"title\": \"Product Category\", \"description\": \"For any other Product Category\"}, {\"id\": \"2\", \"title\": \"Retailer\", \"description\": \"Locate nearby Retailer\"}, {\"id\": \"3\", \"title\": \"Electrician\", \"description\": \"Locate nearby Electrician\"}, {\"id\": \"4\", \"title\": \"Talk to our experts\", \"description\": \"\"}]}]}','LIST','list',1,'YES',1,'2023-12-18 15:44:57',NULL,'2023-12-18 16:57:05',1),
(5,36,38,'Retailer Loyalty','START','SendMediaMessage','Anchor by Panasonic','Welcome to Anchor by Panasonic, kindly select below option to proceed further.',NULL,'for more details please visit www.lsin.panasonic.com/','{\"button\": \"Main Menu\", \"sections\": [{\"rows\": [{\"id\": \"4\", \"title\": \"Talk to our experts\", \"description\": \"\"}]}]}','LIST','list',1,'YES',1,'2024-01-09 19:19:56',NULL,'2024-01-15 19:34:23',1),
(6,37,39,'Electrician Loyalty','START','SendMediaMessage','Anchor by Panasonic','Welcome to Anchor by Panasonic, kindly select below option to proceed further.',NULL,'for more details please visit www.lsin.panasonic.com/','{\"button\": \"Main Menu\", \"sections\": [{\"rows\": [{\"id\": \"0-s0-1-0\", \"title\": \"Check Points\", \"description\": \"To know more detail on point\"}, {\"id\": \"0-s0-2-0\", \"title\": \"Points/SKU\", \"description\": \"Rewards with WD, SWG, and WCT\"}, {\"id\": \"0-s0-3-0\", \"title\": \"Program Information\", \"description\": \"To know more detail on Promotion & Offers\"}, {\"id\": \"0-s0-4-0\", \"title\": \"Promotion & Offers\", \"description\": \"Smart Saver App info\"}, {\"id\": \"0-s0-5-0\", \"title\": \"Training Videos\", \"description\": \"Watch and register for more information\"}, {\"id\": \"0-s0-6-0\", \"title\": \"Product Catalogue\", \"description\": \"To Download the Product Catalogue\"}, {\"id\": \"0-s0-7-0\", \"title\": \"Register Complaint\", \"description\": \"Contact our helpline for assistance\"}, {\"id\": \"0-s0-8-0\", \"title\": \"Help Section\", \"description\": \"Register, update, redeem, bank, scan\"}, {\"id\": \"0-s0-9-0\", \"title\": \"Request a call back\", \"description\": \"Contact our helpline for assistance\"}]}]}','LIST','list',1,'YES',1,'2024-01-09 19:19:56',NULL,'2024-01-22 18:32:11',1),
(7,33,40,'CP Communications','START','SendMediaMessage','Anchor by Panasonic','Welcome to Anchor by Panasonic, kindly select below option to proceed further.',NULL,'for more details please visit www.lsin.panasonic.com/','{\"button\": \"Main Menu\", \"sections\": [{\"rows\": [{\"id\": \"4\", \"title\": \"Talk to our experts\", \"description\": \"\"}]}]}','LIST','list',1,'YES',1,'2024-01-09 19:19:56',NULL,'2024-01-10 16:15:26',1),
(8,35,37,'Hyperlocal','START','SendMediaMessage','Anchor by Panasonic','Welcome to Anchor by Panasonic, kindly select below option to proceed further.',NULL,'for more details please visit www.lsin.panasonic.com/','{\"buttons\": [{\"type\": \"reply\", \"reply\": {\"id\": \"4\", \"title\": \"Talk to our experts\"}}]}','REPLY_BUTTON','dr_button',1,'YES',1,'2024-01-09 19:19:56',NULL,'2024-02-26 20:16:08',1),
(9,38,44,'Edas','START','SendMessage','Edas','Welcome to Edas. Kindly select your option below.',NULL,NULL,'{\"buttons\": [{\"type\": \"reply\", \"reply\": {\"id\": \"4\", \"title\": \"Talk to our experts\"}}]}','REPLY_BUTTON','dr_button',1,'YES',1,'2024-06-25 15:57:54',NULL,'2025-05-21 11:32:21',NULL),
(10,41,47,'TheoCamp','START','SendMessage','Theobroma','Welcome to Theobroma. Kindly select your option below to proceed further.',NULL,NULL,'{\"buttons\": [{\"type\": \"reply\", \"reply\": {\"id\": \"4\", \"title\": \"Talk to our experts\"}}]}','REPLY_BUTTON','dr_button',1,'YES',1,'2025-02-20 14:03:35',1,'2025-02-20 19:52:06',1);

/*Table structure for table `users` */

DROP TABLE IF EXISTS `users`;

CREATE TABLE `users` (
  `id` int NOT NULL AUTO_INCREMENT,
  `unique_id` varchar(50) CHARACTER SET utf8mb4 COLLATE utf8mb4_unicode_ci DEFAULT NULL,
  `client_id` int DEFAULT NULL,
  `name` varchar(50) CHARACTER SET utf8mb4 COLLATE utf8mb4_unicode_ci DEFAULT NULL,
  `username` varchar(50) CHARACTER SET utf8mb4 COLLATE utf8mb4_unicode_ci DEFAULT NULL,
  `password` varchar(100) CHARACTER SET utf8mb4 COLLATE utf8mb4_unicode_ci DEFAULT NULL,
  `role` enum('super_admin','admin','manager','supervisor','user','mis') CHARACTER SET utf8mb4 COLLATE utf8mb4_unicode_ci DEFAULT NULL,
  `email` varchar(50) CHARACTER SET utf8mb4 COLLATE utf8mb4_unicode_ci DEFAULT NULL,
  `mobile` varchar(15) CHARACTER SET utf8mb4 COLLATE utf8mb4_unicode_ci DEFAULT NULL,
  `gender` enum('male','female') CHARACTER SET utf8mb4 COLLATE utf8mb4_unicode_ci DEFAULT 'male',
  `login_status` tinyint DEFAULT '5' COMMENT '1 => Idle, 2 => Ready, 3=> Break,4=>Softbreak, 5=> Logout',
  `series_id` varchar(250) CHARACTER SET utf8mb4 COLLATE utf8mb4_unicode_ci DEFAULT NULL,
  `email_verified_at` timestamp NULL DEFAULT NULL,
  `remember_token` varchar(250) CHARACTER SET utf8mb4 COLLATE utf8mb4_unicode_ci DEFAULT NULL,
  `status` tinyint DEFAULT '1' COMMENT '0,1 => Active, 2 => Inactive',
  `is_deleted` tinyint DEFAULT '1' COMMENT '0,1 => Not Deleted, 2 => Deleted',
  `created_by` int DEFAULT NULL,
  `created_at` timestamp NULL DEFAULT CURRENT_TIMESTAMP,
  `updated_by` int DEFAULT NULL,
  `updated_at` timestamp NULL DEFAULT NULL,
  `manager_id` int DEFAULT NULL,
  `supervisor_id` int DEFAULT NULL,
  `campaign_id` int DEFAULT NULL COMMENT 'last user access',
  `campaign_name` varchar(100) CHARACTER SET utf8mb4 COLLATE utf8mb4_unicode_ci DEFAULT NULL COMMENT 'last user access',
  PRIMARY KEY (`id`)
) ENGINE=InnoDB AUTO_INCREMENT=99 DEFAULT CHARSET=utf8mb4 COLLATE=utf8mb4_unicode_ci;

/*Data for the table `users` */

insert  into `users`(`id`,`unique_id`,`client_id`,`name`,`username`,`password`,`role`,`email`,`mobile`,`gender`,`login_status`,`series_id`,`email_verified_at`,`remember_token`,`status`,`is_deleted`,`created_by`,`created_at`,`updated_by`,`updated_at`,`manager_id`,`supervisor_id`,`campaign_id`,`campaign_name`) values 
(2,NULL,5,'vibin','vibin','$2y$10$nUrVLgzwcmFn1JACH.GFkeCpbp1cDN1RFzGwRO6xlnuJZRA3pUTlS','super_admin','vibin@edas.tech','7785485447','male',1,'wdVqKhCepnKwxodo',NULL,'$2y$10$L4s8MSmgDX3m3XxMQoAfleS8w8DOWHtzywQ4HlaXWW6HnKIplwCZ6',1,1,NULL,'2023-06-14 13:16:01',NULL,'2023-10-13 13:09:15',NULL,NULL,NULL,NULL),
(20,NULL,5,'Somu','3034','$2y$10$aP4N2VRF7fuN7DW90x6mReFBSKX.MFRJqopfQ2hKYoY..kmEgGX16','manager','jaiprakash.chauhan@edas.tech','7738691223','male',5,'a5HS06BE7Gme8gzx',NULL,'$2y$10$R8xVlHncN3LPM/5uHSvXjO.MQfip8TptpuKHwjaoFfuHnG1R/VjJ.',1,1,NULL,'2023-12-01 12:58:27',NULL,'2023-12-11 16:14:26',20,21,NULL,NULL),
(21,NULL,5,'Ramesh','3039','$2y$10$lgTIejYo3DUFwZD5NeV4jeNBPa0FMkXsaOEetsgMs30pnR1EhIQTG','supervisor','jaiprakash.chauhan1@edas.tech','7738691223','male',5,'1I7C9i4ZXvAe4v2v',NULL,'$2y$10$CJiclzJxuO.5tT2RItqkFO.tVIe2MHJax5BEuOZX8PqVMx.z9r8C2',1,1,NULL,'2023-12-01 13:00:26',NULL,'2023-12-13 15:22:38',20,21,NULL,NULL),
(22,NULL,5,'mahesh','3036','$2y$10$.xtaSgg73iDugLaJNmVAd.7fqoC00kAtbEjMc3LEX4WyFFJYc4vFu','user','pooja.bachchu1@edas.tech','8652669232','male',5,'ZG5nzk0t2CvykmIY',NULL,'$2y$10$t2LS6xtakpZ/7mvnH2s8.enbTgCSGOVxOsajBb0IsGcHHmDkmZ0g2',1,1,NULL,'2023-12-01 13:24:35',NULL,'2024-09-04 17:45:04',0,0,43,'jassi'),
(23,NULL,5,'Jaipraksh','3037','$2y$10$aDVA3//BYaJ374LYZIxebOjLQ8WOTxtRYp8P3WJp0lXpNyEEYdS.W','user','pooja.bachchu@edas.tech','7798569884','male',5,'Xouf181VJsuMAlWu',NULL,'$2y$10$iYvGcXJo6.fPWoFB9q2Pgu9LP6itkDQ4wcHiYqmpg/kle6dSfgRK6',1,1,NULL,'2023-12-01 13:32:50',NULL,'2025-01-27 11:46:23',20,21,19,'Testing'),
(24,NULL,5,'krunal','krunal','$2y$10$0nOG95R71DdY1gTIGeVN2.E6vO9Z2/U7W2a2Yw0dyDvQAEZ/VKAw2','admin','gaurav.deshmukh@edas.tech','1234567890','male',5,'CFmp1M9Dg2ppSskr',NULL,'$2y$10$j75bgg.MrLwtJj/aDCSloOkXVxHcAGkIv25J23FB.KBnNOlC4emYG',1,1,NULL,'2023-12-05 16:27:27',NULL,'2023-12-05 16:27:27',0,0,NULL,NULL),
(25,NULL,5,'admin','admin','$2y$10$nUrVLgzwcmFn1JACH.GFkeCpbp1cDN1RFzGwRO6xlnuJZRA3pUTlS','super_admin','admin@edas.tech','7785485447','male',1,'OwSenv6tNo87ReIm',NULL,'$2y$10$hIh6koeiPtHX1CE/afsRWO7Zb1Ks2OJQPXBbhIs1WkYv7Py6AosRK',1,1,NULL,'2023-06-14 13:16:01',NULL,'2023-10-13 13:09:15',NULL,NULL,NULL,NULL),
(26,NULL,24,'Gupta','Gupta','$2y$10$nNWIIEoS7Wt0ZvG/LBiWVORYCAyOEMSXuLF4qnGrEC.BzzyTXnOvW','admin','gupta@gmail.com','8554818279','male',1,'iyeYsc1CtZufqQst',NULL,'$2y$10$jmIm96xy9axbsjDPk8tGDeJFH6mRScZkMhG43UVF3koppP4Kh3SgK',1,1,NULL,'2023-12-11 13:14:18',NULL,'2023-12-11 13:14:18',0,0,NULL,NULL),
(27,NULL,24,'Kiran','Kiran','$2y$10$lqNOc1nYr4GdTBTKQfctI.8TRU9753/kWLwJ4zGkNaXHL6.I.pGS.','manager','kiran@gmail.com','7665544321','male',1,NULL,NULL,NULL,1,1,NULL,'2023-12-11 13:15:33',NULL,'2023-12-11 13:15:33',0,0,NULL,NULL),
(28,NULL,24,'Sonam','Sonam','$2y$10$D6LXuXCmdCkUKqJNtUvq3O9V/EboCtAO4fwMMog3rhisOJQjKaqDu','supervisor','sonam@gmail.com','4345678934','male',1,NULL,NULL,NULL,1,1,NULL,'2023-12-11 13:16:28',NULL,'2023-12-11 13:16:28',27,0,NULL,NULL),
(29,NULL,24,'Reeta','Reeta','$2y$10$/2MPEo8OI64AAeGZkW3v3uaaxmdGeqIqyE/mac.azbv1MSXL/A9g2','user','reeta@gmail.com','6783456782','male',0,'QNOs48dnSg7ANVTd',NULL,'$2y$10$HEdApKIubc2FSOuq7xcBX.ICAKOTikbSdgzvs3SARphQT2PFFqphy',2,2,NULL,'2023-12-11 13:18:14',NULL,'2023-12-12 19:08:48',27,28,NULL,NULL),
(30,NULL,24,'Neeta','neeta','$2y$10$wJKH6qnB5PCUEU7K5jGxFuiJVfpNqdIEZmTlRnl2QYqZItMbiCtoi','user','neeta@gmail.com','7689045678','male',0,NULL,NULL,NULL,1,1,NULL,'2023-12-11 13:20:13',NULL,'2023-12-12 18:18:58',27,28,NULL,NULL),
(31,NULL,24,'Geeta','Geeta','$2y$10$BC8j0GXPo1yJg32woe6iz.DX0f2qapVJJS4UO9AGCreqC.fARSjuq','user','geeta@gmail.com','5643223456','male',0,NULL,NULL,NULL,1,1,NULL,'2023-12-11 13:23:51',NULL,'2023-12-11 13:24:01',27,28,NULL,NULL),
(32,NULL,18,'Mukesh','123456','$2y$10$QgEHGoX4U.H5Ej7v/e844utFHEaRne5muQySF139f0662uBL6zHg2','admin','mukesh@gmail.com','8956049259','male',0,NULL,NULL,NULL,1,1,NULL,'2023-12-12 18:22:32',NULL,'2023-12-12 18:22:32',0,0,NULL,NULL),
(33,NULL,5,'Mukesh Singh','3038','$2y$10$g0CObDVkrvLwhedhaY4C5.KIlRg6POCXgwKJG6NvBA0u5K9Uzh3iq','user','mukesh123@gmail.com','8952081746','male',5,NULL,NULL,NULL,1,1,NULL,'2023-12-12 18:26:13',NULL,'2024-12-04 18:12:43',20,21,NULL,NULL),
(34,NULL,5,'dzfhfdttj','fghfdtjh','$2y$10$o6S7KAZVkUy1nY22UcH.6uFQwXULRa9rmIvUtIpwbl0sPIqy3lswS','user','drhsftjsrtj@edas.tech','1234567890','male',5,'pDVURuOmemONfcnl',NULL,'$2y$10$srP9XMmKvqmSDwPEbb5EQeHkpNBKyvvpFidid/XQlSqKtyWRskLWq',1,1,NULL,'2023-12-12 19:05:31',NULL,'2023-12-13 11:29:01',20,21,NULL,NULL),
(35,NULL,5,'sreyur6du','fghfhfgh','$2y$10$gY.SRZ4I8w0zqKOm2pcP7e.6j42.J/3X1pZiJYPJmrRJq3NERCxYa','user','rthrtdu@edas.tech','1234567890','male',1,NULL,NULL,NULL,2,2,NULL,'2023-12-12 19:06:30',NULL,'2023-12-12 19:35:02',20,21,NULL,NULL),
(36,NULL,24,'xfghfthrthu','fghfghh','$2y$10$6EfpEWNW0Kkx7xth7syVTOvWKplib/uiNQxk8iFUQ.qaYr5846Ohq','user','dfhfh@edas.tech','1234567890','male',0,NULL,NULL,NULL,2,2,NULL,'2023-12-12 19:07:29',NULL,'2023-12-12 19:07:36',27,28,NULL,NULL),
(37,NULL,5,'Sam','Sam','$2y$10$fgTDSqTQ3.5E/2ius5tB6.p483z1F..MSmlQpiRWHlUh4U9XrK7ci','user','sam@gmail.com','8108169232','male',5,'Fv9jfjZdXbwcRmB7',NULL,'$2y$10$eBKHMTcbZ45wO6s4OkqdZOlEIWHPMpv10CLFda7UYTa/KIfZXKNVu',1,1,NULL,'2023-12-19 15:50:11',NULL,'2023-12-26 10:36:43',20,21,19,'Testing'),
(38,NULL,5,'Anu','Anu','$2y$10$2BNadSWMBh/4mf2F/SlsPeERw0t05H1HbhzNTwgrBaTLsf8/82voK','user','anu@gmail.com','1234567890','male',5,NULL,NULL,NULL,2,1,NULL,'2024-01-02 13:37:19',NULL,'2024-01-02 13:45:09',20,21,NULL,NULL),
(39,NULL,5,'Anu','Anu12','$2y$10$cSPQpdIAoM.KAF3Uq6kiL.NJQ16FsjFMxvM59geulQPb8x05Q3g4C','user','anu12@gmail.com','1234568987','male',5,NULL,NULL,NULL,1,1,NULL,'2024-01-02 13:38:37',NULL,'2024-01-02 15:29:09',20,21,NULL,NULL),
(40,NULL,5,'Kirti','Kirti','$2y$10$HzHHZ2j3U5sb6whfsAz.neRx0sbiRPdEK75gUzJ0aAenX3T7n.Tym','user','kirti@gmail.com','2345679987','male',5,NULL,NULL,NULL,2,1,NULL,'2024-01-02 13:41:23',NULL,'2024-01-02 13:45:20',20,21,NULL,NULL),
(41,NULL,5,'Kirti123','Kirti123','$2y$10$VOqoTyb8mHBvF.E7YF3cy.eIOuc8l7lcc20yHGmb.FNqbKF0ENS96','user','Kirti123@gmail.com','2345678909','male',5,NULL,NULL,NULL,2,1,NULL,'2024-01-02 13:42:12',NULL,'2024-01-02 13:45:29',20,21,NULL,NULL),
(42,NULL,5,'gaurav','gaurav','$2y$10$C9E72DzdsQhHfyXMP49VcODQEZCDQlU2sTSH8actETsFEhriL3DaC','user','gaurav.deshmukh@edas.techsefgreg','1234567890','male',5,'uQCEALjTJ5pcv4fl',NULL,'$2y$10$8ZiT9TciDnEe7kh0gJP41eg9qrQt.hWPMdm4aXIL9z2arPn/T.1ky',1,1,NULL,'2024-01-03 15:29:01',NULL,'2024-01-03 15:29:01',20,21,NULL,NULL),
(43,NULL,5,'pappya','3016','$2y$10$Mo9kTfQr/eDhYjCziX73NOl5hEq7X5DeDg9tID7eZ4lMp/REp/Ybe','mis','pappya@edas.tech','1234567890','male',5,'OlD4PTRrYAy3DPon',NULL,'$2y$10$A9.gwUkJbH0irpE5qhm.teIxDfvernpAcUahCVGG5H5iPTIlW8wGy',1,1,NULL,'2024-01-04 15:28:16',NULL,'2024-01-04 15:28:16',0,0,NULL,NULL),
(44,NULL,33,'pan_manager','10001','$2y$10$xZ2a8cAKP2h2Dx4.tFV8w.IMEUi/t74i6kMXO/KX/Xtjel8i7Iwn6','manager','pan_manager@edas.tech','1234567890','male',5,'7D4xO7O4eAuV0FcR',NULL,'$2y$10$m/w.td4Bx2xiZsPMY4nFrugwcsyasLuhGPn9YkKbmG8sd.lo9PT72',1,1,NULL,'2024-01-09 15:54:59',NULL,'2024-01-15 19:10:46',44,45,NULL,NULL),
(45,NULL,35,'Saurabh','Saurabh','$2y$10$bb7ron7TpQEp3Um1DWy.0.9qLripOLh1L/6pZ/0twzT.2XaUvGsd6','supervisor','pan_supervisor@gmail.com','1234567890','male',5,'kwTqcVoi98qtf7mj',NULL,'$2y$10$FjpcVu.w94lwTVTz6uygzOKhmSfvcW9JenBWr/sYnQkr2hjt2Nh/i',1,1,NULL,'2024-01-09 15:56:21',NULL,'2024-01-19 21:29:11',57,45,NULL,NULL),
(46,NULL,35,'Yogita','Yogita','$2y$10$sFQiYYKpI6WfO5WNBnKjr.a4isGghnHZnaepbkXLodXy4MJBsPGii','user','pan_agent@gmail.com','1234567890','male',5,'WzpfIXoosyuUpnJF',NULL,'$2y$10$JzawdQlY0V2LS0eVCbc5Cuj20JDJlp0r.IRfT5HT4YpOssSusEafO',1,1,NULL,'2024-01-09 15:57:55',NULL,'2025-05-09 11:12:41',57,45,37,'Hyperlocal'),
(47,NULL,36,'Biswa_Sahoo','Biswa_Sahoo','$2y$10$vdRnkuIZRQfSnt1UtJ8eWujjFDsDGJE6Qa7yhTrPkvSb05w0APvqC','supervisor','name_20001@gmail.com','1234567890','male',5,'87jUkMAyDpOVVYr9',NULL,'$2y$10$Pj0gVvLTuHMWut4BfAnENuvfHF.Tu8GO7gNux356Yashw78E24fhy',1,1,NULL,'2024-01-09 16:12:28',NULL,'2024-01-19 21:26:32',58,47,NULL,NULL),
(48,NULL,36,'Yashoda','Yashoda','$2y$10$x5Rp3aGaWLYatIAhbjtsLO0uRfyhK.EMGPTtm8oBL1WwE9TPnPNOy','user','name_20002@gmail.com','1234567890','male',2,'kb13lQCEc6Vbm6WF',NULL,'$2y$10$E6lSn7s.j1fqaithdz4/Z.BWlFkOE0aKyH25SFjO.Xf2UBcLG4jOy',1,1,NULL,'2024-01-09 16:13:58',NULL,'2025-05-07 08:58:09',58,47,38,'Retailer Loyalty'),
(49,NULL,37,'Saurabh1','Saurabh1','$2y$10$pcFkkWrezNnc7C4G/jhRSeQMucf7OryfU/BIzcvaWSh/eexmX6rFe','supervisor','gau_123@gmail.com','1234567890','male',5,'4X7RjwsJb2s7OV4d',NULL,'$2y$10$RFQQIHKulX2nuzDa5EPKYesHrHkmipiiXJIBdw7sxNV.9eBcs4Z82',1,1,NULL,'2024-01-09 16:17:01',NULL,'2024-01-19 21:28:07',59,49,NULL,NULL),
(50,NULL,7,'sagar','sagar','$2y$10$nUrVLgzwcmFn1JACH.GFkeCpbp1cDN1RFzGwRO6xlnuJZRA3pUTlS','super_admin','sagar.dhangar@edas.tech','9137691299','male',1,'me1HD0KUZu7o26Ru',NULL,'$2y$10$6TAPQaAjYy8dIEl5OPkg3eLWB/X9NniSr0ZFjmlhIJCpmcDbbXfPm',1,1,NULL,'2025-05-08 07:03:39',NULL,NULL,NULL,NULL,NULL,NULL),
(82,NULL,42,'tara','tara','$2y$10$nUrVLgzwcmFn1JACH.GFkeCpbp1cDN1RFzGwRO6xlnuJZRA3pUTlS','super_admin','tara.indulkar@edas.tech','7785485447','female',5,'g4M2uQ37cjqWlVZZ',NULL,'$2y$10$c6wXZFHlwQkrMpFNw5kUj.xlr9zmdnLvWizoOxhAAkBFPFYTF69W2',1,1,NULL,'2023-06-14 13:16:01',NULL,'2023-10-13 13:09:15',NULL,NULL,NULL,NULL),
(86,NULL,38,'newtara','newtara','$2y$10$nUrVLgzwcmFn1JACH.GFkeCpbp1cDN1RFzGwRO6xlnuJZRA3pUTlS','admin','maurya.tara24@gmail.com','9029634011','male',5,'rt6cOqDcGZYJTIPD',NULL,'$2y$10$Jv68HtxLz5/zS95mI/K77uDWWSiTnoWISQspr5vHXZ8juz0yEDNMm',1,1,NULL,'2025-05-09 11:47:40',NULL,'2025-05-09 11:47:40',0,0,NULL,NULL),
(87,NULL,42,'newtara1','newtara1','$2y$10$ljvG8LxmMfw9HPslwD/wneJDIJe1ZdBvCDc5GB8aHZsmD5iuMIv6.','manager','tara@edas.tech','9029634011','male',5,NULL,NULL,NULL,1,1,NULL,'2025-05-09 11:48:59',NULL,'2025-05-09 11:48:59',0,0,NULL,NULL),
(88,NULL,42,'sagard','sagard','$2y$10$57F/R4g8vJyecYu11CjUP.ii6yUFYqbNfBkMlGGWg3JqE8GzSM0qi','admin','sagar@gmail.com','9066117711','male',5,NULL,NULL,NULL,1,1,NULL,'2025-05-09 12:02:52',NULL,'2025-05-09 12:02:52',0,0,NULL,NULL),
(89,NULL,42,'SagarS','SagarS','$2y$10$YTuXrQdkwGDpfOr079And.mOEUEq4hODV17dGtTsMqTdFE/8cjvKC','supervisor','tara13@gmail.com','9029235577','male',5,NULL,NULL,NULL,1,1,NULL,'2025-05-09 12:04:20',NULL,'2025-05-09 12:04:20',87,0,NULL,NULL),
(90,NULL,42,'taramis','taramis','$2y$10$Vby9cURpWkVGmTprdFH5sOEMEQFop59fAmzW7BPzxbkxl2oPKmT..','mis','taramis@gmail.com','8722661163','male',5,NULL,NULL,NULL,1,1,NULL,'2025-05-09 12:05:11',NULL,'2025-05-09 12:05:11',0,0,NULL,NULL),
(91,NULL,42,'SagarDhangar','SagarDhangar','$2y$10$lvx5SXMZg76B2eqc5zp17O9J2vrAkEFlx3cXUBBz7oAcI9mgNeviG','supervisor','sagardhangar@gmail.com','9066117711','male',5,NULL,NULL,NULL,1,1,NULL,'2025-05-09 12:07:41',NULL,'2025-05-09 12:07:41',87,0,NULL,NULL),
(92,NULL,42,'TaraM1','TaraM1','$2y$10$0fRmZARYrGNOA0ZsquJrRuyO8pOD.25S9v8tkkBbUt9kRPbPTKyKC','user','sagardh@gmail.com','7866225511','male',5,NULL,NULL,NULL,1,1,NULL,'2025-05-09 12:10:06',NULL,'2025-05-09 12:10:06',87,91,NULL,NULL),
(93,NULL,38,'testamanager','testamanager','$2y$10$ZXHMIbp6QwsWxRTmlHQO2O5HSu5uR01UgYo24mFp4MjHdPsjPWDmu','manager','testmanager@gmail.com','9029221188','male',5,'YWpbuB7DGXS7n0dY',NULL,'$2y$10$zJF7n4fM5AAqlD1TDmzKxOk/kqz.c8Z/haj5CP34UaezHypeW3AjK',1,1,NULL,'2025-05-19 16:30:21',NULL,'2025-05-19 16:30:21',0,0,NULL,NULL),
(94,NULL,38,'testAdmin','testAdmin','$2y$10$U50p4FfigkeUjOxZqgdtFOgNeX3TVa1j3cIj8yLdWx3OD1aeXRBNa','admin','testadmin@gmail.com','9029221188','male',5,'0gTcfi62KOE7Au27',NULL,'$2y$10$nIR4ybaTbb3sTFui6YdqlOe22rw/A33ppZL9cG/olPoti4R6KcNau',1,1,NULL,'2025-05-19 16:31:29',NULL,'2025-05-19 16:31:29',0,0,NULL,NULL),
(95,NULL,38,'testSupervisor','testSupervisor','$2y$10$.XRs6g41I9hcxrqyKnIQouA9mEn170Cn3/ScWrioYUIIdvrrSqyE2','supervisor','testsupervisor@gmail.com','9029221188','male',5,NULL,NULL,NULL,1,1,NULL,'2025-05-19 16:32:40',NULL,'2025-05-19 16:32:40',93,0,NULL,NULL),
(96,NULL,38,'testmis','testmis','$2y$10$QufbZ32VWr3Jac1jjjYk8.b6LVgqQw80iO2EyPlHQkuzyidBsdC2O','mis','testmis@gmail.com','9029221188','male',5,'7x33yfSLbYkEiLWs',NULL,'$2y$10$L06wGiBC8EnLd4m5h6BH2eHV07iVMxL9qFDKESty21eO9Gd473EZq',1,1,NULL,'2025-05-19 16:45:51',NULL,'2025-05-19 16:45:51',0,0,NULL,NULL),
(97,NULL,38,'TestUserAgent','TestUserAgent','$2y$10$GoI.Lf2tfZLTCrby6chjgupJgI34esEdhwQ4yorLNYHpTB4TPvvWK','user','testuser@gmail.com','9029221188','male',5,NULL,NULL,NULL,1,1,NULL,'2025-05-19 16:46:49',NULL,'2025-05-19 16:46:49',93,95,NULL,NULL),
(98,NULL,38,'testagentuser1','testagentuser1','$2y$10$QufbZ32VWr3Jac1jjjYk8.b6LVgqQw80iO2EyPlHQkuzyidBsdC2O','user','testagentuser1@gmail.com','9029221188','male',5,'SEocWHnvKgGOhrZ5',NULL,'$2y$10$AB3JkM2LtGR44LeEP8j7FesCIZaan3D6aGWspQr9cNASKlxlhkH9m',1,1,NULL,'2025-05-19 16:47:40',NULL,'2025-05-23 12:45:45',93,95,44,'HDFC');

/*Table structure for table `workingdays` */

DROP TABLE IF EXISTS `workingdays`;

CREATE TABLE `workingdays` (
  `id` int NOT NULL AUTO_INCREMENT,
  `daycode` varchar(100) NOT NULL,
  `dayname` varchar(45) NOT NULL,
  `status` tinyint NOT NULL DEFAULT '1',
  `created_at` timestamp NOT NULL DEFAULT CURRENT_TIMESTAMP,
  `updated_at` timestamp NOT NULL DEFAULT CURRENT_TIMESTAMP ON UPDATE CURRENT_TIMESTAMP,
  PRIMARY KEY (`id`)
) ENGINE=InnoDB AUTO_INCREMENT=8 DEFAULT CHARSET=latin1;

/*Data for the table `workingdays` */

insert  into `workingdays`(`id`,`daycode`,`dayname`,`status`,`created_at`,`updated_at`) values 
(1,'MON','Monday',1,'2023-12-13 19:20:09','2023-12-13 19:20:09'),
(2,'TUE','Tuesday',1,'2023-12-13 19:20:09','2023-12-14 13:23:27'),
(3,'WED','Wednesday',1,'2023-12-13 19:20:09','2023-12-13 19:20:09'),
(4,'THU','Thursday',1,'2023-12-13 19:20:09','2023-12-14 13:23:27'),
(5,'FRI','Friday',1,'2023-12-13 19:20:09','2023-12-13 19:20:09'),
(6,'SAT','Saturday',1,'2023-12-13 19:20:09','2023-12-13 19:20:09'),
(7,'SUN','Sunday',1,'2023-12-13 19:20:10','2023-12-13 19:20:10');

/*!40101 SET SQL_MODE=@OLD_SQL_MODE */;
/*!40014 SET FOREIGN_KEY_CHECKS=@OLD_FOREIGN_KEY_CHECKS */;
/*!40014 SET UNIQUE_CHECKS=@OLD_UNIQUE_CHECKS */;
/*!40111 SET SQL_NOTES=@OLD_SQL_NOTES */;
